mode: set
github.com/GoMudEngine/GoMud/internal/hooks/Broadcast_SendToAll.go:13.64,16.13 2 1
github.com/GoMudEngine/GoMud/internal/hooks/Broadcast_SendToAll.go:16.13,19.3 2 1
github.com/GoMudEngine/GoMud/internal/hooks/Broadcast_SendToAll.go:21.2,22.29 2 1
github.com/GoMudEngine/GoMud/internal/hooks/Broadcast_SendToAll.go:22.29,24.3 1 1
github.com/GoMudEngine/GoMud/internal/hooks/Broadcast_SendToAll.go:26.2,27.41 2 1
github.com/GoMudEngine/GoMud/internal/hooks/Broadcast_SendToAll.go:27.41,29.3 1 1
github.com/GoMudEngine/GoMud/internal/hooks/Broadcast_SendToAll.go:31.2,31.46 1 1
github.com/GoMudEngine/GoMud/internal/hooks/Broadcast_SendToAll.go:31.46,33.32 1 1
github.com/GoMudEngine/GoMud/internal/hooks/Broadcast_SendToAll.go:33.32,34.44 1 0
github.com/GoMudEngine/GoMud/internal/hooks/Broadcast_SendToAll.go:34.44,35.13 1 0
github.com/GoMudEngine/GoMud/internal/hooks/Broadcast_SendToAll.go:39.3,41.21 2 1
github.com/GoMudEngine/GoMud/internal/hooks/Broadcast_SendToAll.go:41.21,43.26 1 0
github.com/GoMudEngine/GoMud/internal/hooks/Broadcast_SendToAll.go:43.26,45.34 1 0
github.com/GoMudEngine/GoMud/internal/hooks/Broadcast_SendToAll.go:45.34,50.6 1 0
github.com/GoMudEngine/GoMud/internal/hooks/Broadcast_SendToAll.go:50.11,55.6 1 0
github.com/GoMudEngine/GoMud/internal/hooks/Broadcast_SendToAll.go:57.5,57.13 1 0
github.com/GoMudEngine/GoMud/internal/hooks/Broadcast_SendToAll.go:62.3,62.32 1 1
github.com/GoMudEngine/GoMud/internal/hooks/Broadcast_SendToAll.go:62.32,67.4 1 1
github.com/GoMudEngine/GoMud/internal/hooks/Broadcast_SendToAll.go:67.9,72.4 1 1
github.com/GoMudEngine/GoMud/internal/hooks/Broadcast_SendToAll.go:75.2,75.24 1 1
github.com/GoMudEngine/GoMud/internal/hooks/Buff_ApplyBuffs.go:17.55,20.13 2 1
github.com/GoMudEngine/GoMud/internal/hooks/Buff_ApplyBuffs.go:20.13,23.3 2 1
github.com/GoMudEngine/GoMud/internal/hooks/Buff_ApplyBuffs.go:27.2,28.21 2 1
github.com/GoMudEngine/GoMud/internal/hooks/Buff_ApplyBuffs.go:28.21,30.3 1 1
github.com/GoMudEngine/GoMud/internal/hooks/Buff_ApplyBuffs.go:32.2,34.27 2 1
github.com/GoMudEngine/GoMud/internal/hooks/Buff_ApplyBuffs.go:34.27,37.21 2 1
github.com/GoMudEngine/GoMud/internal/hooks/Buff_ApplyBuffs.go:37.21,39.4 1 1
github.com/GoMudEngine/GoMud/internal/hooks/Buff_ApplyBuffs.go:41.3,41.34 1 1
github.com/GoMudEngine/GoMud/internal/hooks/Buff_ApplyBuffs.go:43.8,46.22 2 1
github.com/GoMudEngine/GoMud/internal/hooks/Buff_ApplyBuffs.go:46.22,48.4 1 1
github.com/GoMudEngine/GoMud/internal/hooks/Buff_ApplyBuffs.go:50.3,50.34 1 1
github.com/GoMudEngine/GoMud/internal/hooks/Buff_ApplyBuffs.go:53.2,53.20 1 1
github.com/GoMudEngine/GoMud/internal/hooks/Buff_ApplyBuffs.go:53.20,56.3 2 1
github.com/GoMudEngine/GoMud/internal/hooks/Buff_ApplyBuffs.go:59.2,64.110 2 1
github.com/GoMudEngine/GoMud/internal/hooks/Buff_ApplyBuffs.go:64.110,66.3 1 0
github.com/GoMudEngine/GoMud/internal/hooks/Buff_ApplyBuffs.go:71.2,71.25 1 1
github.com/GoMudEngine/GoMud/internal/hooks/Buff_ApplyBuffs.go:71.25,74.54 2 0
github.com/GoMudEngine/GoMud/internal/hooks/Buff_ApplyBuffs.go:74.54,81.4 1 0
github.com/GoMudEngine/GoMud/internal/hooks/Buff_ApplyBuffs.go:84.2,86.24 2 1
github.com/GoMudEngine/GoMud/internal/hooks/CharacterCreated_BroadcastNewChar.go:15.61,17.56 1 1
github.com/GoMudEngine/GoMud/internal/hooks/CharacterCreated_BroadcastNewChar.go:17.56,22.3 2 1
github.com/GoMudEngine/GoMud/internal/hooks/CharacterCreated_BroadcastNewChar.go:24.2,24.56 1 1
github.com/GoMudEngine/GoMud/internal/hooks/CharacterCreated_BroadcastNewChar.go:24.56,29.3 2 1
github.com/GoMudEngine/GoMud/internal/hooks/CharacterCreated_BroadcastNewChar.go:31.2,33.22 2 1
github.com/GoMudEngine/GoMud/internal/hooks/DayNightCycle_NotifySunriseSunset.go:14.64,16.13 2 1
github.com/GoMudEngine/GoMud/internal/hooks/DayNightCycle_NotifySunriseSunset.go:16.13,18.3 1 1
github.com/GoMudEngine/GoMud/internal/hooks/DayNightCycle_NotifySunriseSunset.go:20.2,20.19 1 1
github.com/GoMudEngine/GoMud/internal/hooks/DayNightCycle_NotifySunriseSunset.go:20.19,30.3 4 1
github.com/GoMudEngine/GoMud/internal/hooks/DayNightCycle_NotifySunriseSunset.go:32.2,40.24 4 1
github.com/GoMudEngine/GoMud/internal/hooks/ItemOwnership_CheckItemQuests.go:13.60,16.13 2 1
github.com/GoMudEngine/GoMud/internal/hooks/ItemOwnership_CheckItemQuests.go:16.13,19.3 2 1
github.com/GoMudEngine/GoMud/internal/hooks/ItemOwnership_CheckItemQuests.go:22.2,22.21 1 1
github.com/GoMudEngine/GoMud/internal/hooks/ItemOwnership_CheckItemQuests.go:22.21,24.3 1 1
github.com/GoMudEngine/GoMud/internal/hooks/ItemOwnership_CheckItemQuests.go:26.2,26.16 1 1
github.com/GoMudEngine/GoMud/internal/hooks/ItemOwnership_CheckItemQuests.go:26.16,29.29 2 1
github.com/GoMudEngine/GoMud/internal/hooks/ItemOwnership_CheckItemQuests.go:29.29,34.4 1 0
github.com/GoMudEngine/GoMud/internal/hooks/ItemOwnership_CheckItemQuests.go:36.3,36.64 1 1
github.com/GoMudEngine/GoMud/internal/hooks/ItemOwnership_CheckItemQuests.go:38.8,42.3 1 1
github.com/GoMudEngine/GoMud/internal/hooks/ItemOwnership_CheckItemQuests.go:44.2,44.24 1 1
github.com/GoMudEngine/GoMud/internal/hooks/Log_FollowLogs.go:27.55,30.13 2 1
github.com/GoMudEngine/GoMud/internal/hooks/Log_FollowLogs.go:30.13,33.3 2 1
github.com/GoMudEngine/GoMud/internal/hooks/Log_FollowLogs.go:35.2,35.23 1 1
github.com/GoMudEngine/GoMud/internal/hooks/Log_FollowLogs.go:35.23,40.45 2 1
github.com/GoMudEngine/GoMud/internal/hooks/Log_FollowLogs.go:40.45,42.4 1 1
github.com/GoMudEngine/GoMud/internal/hooks/Log_FollowLogs.go:44.3,44.25 1 1
github.com/GoMudEngine/GoMud/internal/hooks/Log_FollowLogs.go:47.2,47.26 1 1
github.com/GoMudEngine/GoMud/internal/hooks/Log_FollowLogs.go:47.26,52.3 2 1
github.com/GoMudEngine/GoMud/internal/hooks/Log_FollowLogs.go:54.2,54.46 1 1
github.com/GoMudEngine/GoMud/internal/hooks/Log_FollowLogs.go:54.46,57.3 1 0
github.com/GoMudEngine/GoMud/internal/hooks/Log_FollowLogs.go:59.2,60.31 2 1
github.com/GoMudEngine/GoMud/internal/hooks/Log_FollowLogs.go:60.31,62.3 1 0
github.com/GoMudEngine/GoMud/internal/hooks/Log_FollowLogs.go:64.2,64.24 1 1
github.com/GoMudEngine/GoMud/internal/hooks/Log_FollowLogs.go:67.59,69.25 1 1
github.com/GoMudEngine/GoMud/internal/hooks/Log_FollowLogs.go:69.25,71.53 1 1
github.com/GoMudEngine/GoMud/internal/hooks/Log_FollowLogs.go:71.53,75.28 2 1
github.com/GoMudEngine/GoMud/internal/hooks/Log_FollowLogs.go:75.28,77.13 2 1
github.com/GoMudEngine/GoMud/internal/hooks/Log_FollowLogs.go:81.4,81.42 1 0
github.com/GoMudEngine/GoMud/internal/hooks/Log_FollowLogs.go:81.42,83.5 1 0
github.com/GoMudEngine/GoMud/internal/hooks/Looking_HandleLookHints.go:10.60,13.13 2 1
github.com/GoMudEngine/GoMud/internal/hooks/Looking_HandleLookHints.go:13.13,16.3 2 1
github.com/GoMudEngine/GoMud/internal/hooks/Looking_HandleLookHints.go:18.2,18.22 1 1
github.com/GoMudEngine/GoMud/internal/hooks/Looking_HandleLookHints.go:18.22,21.18 2 1
github.com/GoMudEngine/GoMud/internal/hooks/Looking_HandleLookHints.go:21.18,23.4 1 1
github.com/GoMudEngine/GoMud/internal/hooks/Looking_HandleLookHints.go:25.3,25.26 1 1
github.com/GoMudEngine/GoMud/internal/hooks/Looking_HandleLookHints.go:25.26,27.4 1 0
github.com/GoMudEngine/GoMud/internal/hooks/Looking_HandleLookHints.go:29.3,30.18 2 1
github.com/GoMudEngine/GoMud/internal/hooks/Looking_HandleLookHints.go:30.18,32.4 1 0
github.com/GoMudEngine/GoMud/internal/hooks/Looking_HandleLookHints.go:34.3,35.48 2 1
github.com/GoMudEngine/GoMud/internal/hooks/Looking_HandleLookHints.go:35.48,37.4 1 0
github.com/GoMudEngine/GoMud/internal/hooks/Looking_HandleLookHints.go:37.9,37.58 1 1
github.com/GoMudEngine/GoMud/internal/hooks/Looking_HandleLookHints.go:37.58,39.4 1 0
github.com/GoMudEngine/GoMud/internal/hooks/Looking_HandleLookHints.go:41.3,41.18 1 1
github.com/GoMudEngine/GoMud/internal/hooks/Looking_HandleLookHints.go:41.18,44.4 2 0
github.com/GoMudEngine/GoMud/internal/hooks/Looking_HandleLookHints.go:47.2,47.24 1 1
github.com/GoMudEngine/GoMud/internal/hooks/MSP_PlaySound.go:17.54,20.13 2 1
github.com/GoMudEngine/GoMud/internal/hooks/MSP_PlaySound.go:20.13,23.3 2 1
github.com/GoMudEngine/GoMud/internal/hooks/MSP_PlaySound.go:25.2,25.20 1 0
github.com/GoMudEngine/GoMud/internal/hooks/MSP_PlaySound.go:25.20,27.3 1 0
github.com/GoMudEngine/GoMud/internal/hooks/MSP_PlaySound.go:29.2,29.25 1 0
github.com/GoMudEngine/GoMud/internal/hooks/MSP_PlaySound.go:29.25,31.3 1 0
github.com/GoMudEngine/GoMud/internal/hooks/MSP_PlaySound.go:33.2,33.56 1 0
github.com/GoMudEngine/GoMud/internal/hooks/MSP_PlaySound.go:33.56,35.31 1 0
github.com/GoMudEngine/GoMud/internal/hooks/MSP_PlaySound.go:35.31,37.39 1 0
github.com/GoMudEngine/GoMud/internal/hooks/MSP_PlaySound.go:37.39,40.53 2 0
github.com/GoMudEngine/GoMud/internal/hooks/MSP_PlaySound.go:40.53,47.6 1 0
github.com/GoMudEngine/GoMud/internal/hooks/MSP_PlaySound.go:47.11,54.6 1 0
github.com/GoMudEngine/GoMud/internal/hooks/MSP_PlaySound.go:57.4,61.52 3 0
github.com/GoMudEngine/GoMud/internal/hooks/MSP_PlaySound.go:61.52,68.5 1 0
github.com/GoMudEngine/GoMud/internal/hooks/MSP_PlaySound.go:68.10,75.5 1 0
github.com/GoMudEngine/GoMud/internal/hooks/MSP_PlaySound.go:76.9,80.52 2 0
github.com/GoMudEngine/GoMud/internal/hooks/MSP_PlaySound.go:80.52,87.5 1 0
github.com/GoMudEngine/GoMud/internal/hooks/MSP_PlaySound.go:87.10,94.5 1 0
github.com/GoMudEngine/GoMud/internal/hooks/MSP_PlaySound.go:100.2,100.24 1 0
github.com/GoMudEngine/GoMud/internal/hooks/Message_SendMessages.go:16.64,19.13 2 1
github.com/GoMudEngine/GoMud/internal/hooks/Message_SendMessages.go:19.13,22.3 2 1
github.com/GoMudEngine/GoMud/internal/hooks/Message_SendMessages.go:24.2,24.24 1 1
github.com/GoMudEngine/GoMud/internal/hooks/Message_SendMessages.go:24.24,26.61 1 1
github.com/GoMudEngine/GoMud/internal/hooks/Message_SendMessages.go:26.61,29.48 1 1
github.com/GoMudEngine/GoMud/internal/hooks/Message_SendMessages.go:29.48,31.5 1 0
github.com/GoMudEngine/GoMud/internal/hooks/Message_SendMessages.go:33.4,34.25 2 1
github.com/GoMudEngine/GoMud/internal/hooks/Message_SendMessages.go:34.25,36.5 1 0
github.com/GoMudEngine/GoMud/internal/hooks/Message_SendMessages.go:37.4,39.68 2 1
github.com/GoMudEngine/GoMud/internal/hooks/Message_SendMessages.go:44.2,44.24 1 1
github.com/GoMudEngine/GoMud/internal/hooks/Message_SendMessages.go:44.24,47.18 2 1
github.com/GoMudEngine/GoMud/internal/hooks/Message_SendMessages.go:47.18,49.4 1 0
github.com/GoMudEngine/GoMud/internal/hooks/Message_SendMessages.go:51.3,51.44 1 1
github.com/GoMudEngine/GoMud/internal/hooks/Message_SendMessages.go:51.44,54.32 2 1
github.com/GoMudEngine/GoMud/internal/hooks/Message_SendMessages.go:54.32,55.13 1 0
github.com/GoMudEngine/GoMud/internal/hooks/Message_SendMessages.go:58.4,59.17 2 1
github.com/GoMudEngine/GoMud/internal/hooks/Message_SendMessages.go:59.17,60.54 1 1
github.com/GoMudEngine/GoMud/internal/hooks/Message_SendMessages.go:60.54,61.29 1 1
github.com/GoMudEngine/GoMud/internal/hooks/Message_SendMessages.go:61.29,63.12 2 1
github.com/GoMudEngine/GoMud/internal/hooks/Message_SendMessages.go:68.4,68.12 1 1
github.com/GoMudEngine/GoMud/internal/hooks/Message_SendMessages.go:68.12,69.13 1 1
github.com/GoMudEngine/GoMud/internal/hooks/Message_SendMessages.go:72.4,72.54 1 1
github.com/GoMudEngine/GoMud/internal/hooks/Message_SendMessages.go:72.54,75.49 1 1
github.com/GoMudEngine/GoMud/internal/hooks/Message_SendMessages.go:75.49,76.14 1 0
github.com/GoMudEngine/GoMud/internal/hooks/Message_SendMessages.go:80.5,80.24 1 1
github.com/GoMudEngine/GoMud/internal/hooks/Message_SendMessages.go:80.24,81.57 1 0
github.com/GoMudEngine/GoMud/internal/hooks/Message_SendMessages.go:81.57,82.15 1 0
github.com/GoMudEngine/GoMud/internal/hooks/Message_SendMessages.go:86.5,87.26 2 1
github.com/GoMudEngine/GoMud/internal/hooks/Message_SendMessages.go:87.26,89.6 1 0
github.com/GoMudEngine/GoMud/internal/hooks/Message_SendMessages.go:91.5,93.69 2 1
github.com/GoMudEngine/GoMud/internal/hooks/Message_SendMessages.go:99.2,99.24 1 1
github.com/GoMudEngine/GoMud/internal/hooks/MobIdle_HandleIdleMobs.go:21.59,26.16 3 1
github.com/GoMudEngine/GoMud/internal/hooks/MobIdle_HandleIdleMobs.go:26.16,28.3 1 1
github.com/GoMudEngine/GoMud/internal/hooks/MobIdle_HandleIdleMobs.go:30.2,35.66 2 1
github.com/GoMudEngine/GoMud/internal/hooks/MobIdle_HandleIdleMobs.go:35.66,36.17 1 0
github.com/GoMudEngine/GoMud/internal/hooks/MobIdle_HandleIdleMobs.go:36.17,38.4 1 0
github.com/GoMudEngine/GoMud/internal/hooks/MobIdle_HandleIdleMobs.go:41.2,41.142 1 1
github.com/GoMudEngine/GoMud/internal/hooks/MobIdle_HandleIdleMobs.go:41.142,42.70 1 0
github.com/GoMudEngine/GoMud/internal/hooks/MobIdle_HandleIdleMobs.go:42.70,44.4 1 0
github.com/GoMudEngine/GoMud/internal/hooks/MobIdle_HandleIdleMobs.go:48.2,48.53 1 1
github.com/GoMudEngine/GoMud/internal/hooks/MobIdle_HandleIdleMobs.go:48.53,49.64 1 0
github.com/GoMudEngine/GoMud/internal/hooks/MobIdle_HandleIdleMobs.go:49.64,50.22 1 0
github.com/GoMudEngine/GoMud/internal/hooks/MobIdle_HandleIdleMobs.go:50.22,54.5 1 0
github.com/GoMudEngine/GoMud/internal/hooks/MobIdle_HandleIdleMobs.go:54.10,58.5 1 0
github.com/GoMudEngine/GoMud/internal/hooks/MobIdle_HandleIdleMobs.go:61.3,61.21 1 0
github.com/GoMudEngine/GoMud/internal/hooks/MobIdle_HandleIdleMobs.go:61.21,64.44 3 0
github.com/GoMudEngine/GoMud/internal/hooks/MobIdle_HandleIdleMobs.go:64.44,66.47 2 0
github.com/GoMudEngine/GoMud/internal/hooks/MobIdle_HandleIdleMobs.go:66.47,68.6 1 0
github.com/GoMudEngine/GoMud/internal/hooks/MobIdle_HandleIdleMobs.go:69.5,71.55 3 0
github.com/GoMudEngine/GoMud/internal/hooks/MobIdle_HandleIdleMobs.go:71.55,73.6 1 0
github.com/GoMudEngine/GoMud/internal/hooks/MobIdle_HandleIdleMobs.go:74.5,82.7 1 0
github.com/GoMudEngine/GoMud/internal/hooks/MobIdle_HandleIdleMobs.go:88.2,89.14 2 1
github.com/GoMudEngine/GoMud/internal/hooks/MobIdle_HandleIdleMobs.go:89.14,91.16 1 1
github.com/GoMudEngine/GoMud/internal/hooks/MobIdle_HandleIdleMobs.go:91.16,94.37 1 0
github.com/GoMudEngine/GoMud/internal/hooks/MobIdle_HandleIdleMobs.go:94.37,96.5 1 0
github.com/GoMudEngine/GoMud/internal/hooks/MobIdle_HandleIdleMobs.go:98.4,98.26 1 0
github.com/GoMudEngine/GoMud/internal/hooks/MobIdle_HandleIdleMobs.go:101.3,101.60 1 1
github.com/GoMudEngine/GoMud/internal/hooks/MobIdle_HandleIdleMobs.go:101.60,106.4 2 0
github.com/GoMudEngine/GoMud/internal/hooks/MobIdle_HandleIdleMobs.go:111.3,112.41 2 1
github.com/GoMudEngine/GoMud/internal/hooks/MobIdle_HandleIdleMobs.go:112.41,114.21 2 0
github.com/GoMudEngine/GoMud/internal/hooks/MobIdle_HandleIdleMobs.go:114.21,116.5 1 0
github.com/GoMudEngine/GoMud/internal/hooks/MobIdle_HandleIdleMobs.go:118.3,118.23 1 1
github.com/GoMudEngine/GoMud/internal/hooks/MobIdle_HandleIdleMobs.go:122.2,122.24 1 1
github.com/GoMudEngine/GoMud/internal/hooks/MoonPhase_BroadcastEmote.go:15.63,17.13 2 1
github.com/GoMudEngine/GoMud/internal/hooks/MoonPhase_BroadcastEmote.go:17.13,19.3 1 1
github.com/GoMudEngine/GoMud/internal/hooks/MoonPhase_BroadcastEmote.go:23.2,34.24 6 1
github.com/GoMudEngine/GoMud/internal/hooks/MoonPhase_BroadcastEmote.go:41.41,46.2 4 1
github.com/GoMudEngine/GoMud/internal/hooks/NewRound_AutoHeal.go:21.53,26.28 2 1
github.com/GoMudEngine/GoMud/internal/hooks/NewRound_AutoHeal.go:26.28,28.3 1 1
github.com/GoMudEngine/GoMud/internal/hooks/NewRound_AutoHeal.go:30.2,34.35 4 1
github.com/GoMudEngine/GoMud/internal/hooks/NewRound_AutoHeal.go:34.35,37.51 2 1
github.com/GoMudEngine/GoMud/internal/hooks/NewRound_AutoHeal.go:37.51,38.12 1 0
github.com/GoMudEngine/GoMud/internal/hooks/NewRound_AutoHeal.go:42.3,43.52 2 1
github.com/GoMudEngine/GoMud/internal/hooks/NewRound_AutoHeal.go:43.52,45.4 1 0
github.com/GoMudEngine/GoMud/internal/hooks/NewRound_AutoHeal.go:48.3,48.67 1 1
github.com/GoMudEngine/GoMud/internal/hooks/NewRound_AutoHeal.go:48.67,50.4 1 0
github.com/GoMudEngine/GoMud/internal/hooks/NewRound_AutoHeal.go:52.3,59.32 3 1
github.com/GoMudEngine/GoMud/internal/hooks/NewRound_AutoHeal.go:59.32,61.36 1 1
github.com/GoMudEngine/GoMud/internal/hooks/NewRound_AutoHeal.go:61.36,63.13 2 0
github.com/GoMudEngine/GoMud/internal/hooks/NewRound_AutoHeal.go:65.4,67.66 3 1
github.com/GoMudEngine/GoMud/internal/hooks/NewRound_AutoHeal.go:67.66,71.5 1 1
github.com/GoMudEngine/GoMud/internal/hooks/NewRound_AutoHeal.go:74.4,74.46 1 1
github.com/GoMudEngine/GoMud/internal/hooks/NewRound_AutoHeal.go:74.46,77.5 2 1
github.com/GoMudEngine/GoMud/internal/hooks/NewRound_AutoHeal.go:79.4,79.12 1 1
github.com/GoMudEngine/GoMud/internal/hooks/NewRound_AutoHeal.go:83.3,86.32 2 1
github.com/GoMudEngine/GoMud/internal/hooks/NewRound_AutoHeal.go:86.32,88.17 1 1
github.com/GoMudEngine/GoMud/internal/hooks/NewRound_AutoHeal.go:88.17,93.88 2 1
github.com/GoMudEngine/GoMud/internal/hooks/NewRound_AutoHeal.go:93.88,95.6 1 0
github.com/GoMudEngine/GoMud/internal/hooks/NewRound_AutoHeal.go:98.5,98.75 1 1
github.com/GoMudEngine/GoMud/internal/hooks/NewRound_AutoHeal.go:98.75,100.123 2 1
github.com/GoMudEngine/GoMud/internal/hooks/NewRound_AutoHeal.go:100.123,102.7 1 0
github.com/GoMudEngine/GoMud/internal/hooks/NewRound_AutoHeal.go:106.5,106.63 1 1
github.com/GoMudEngine/GoMud/internal/hooks/NewRound_AutoHeal.go:106.63,108.25 2 0
github.com/GoMudEngine/GoMud/internal/hooks/NewRound_AutoHeal.go:108.25,110.7 1 0
github.com/GoMudEngine/GoMud/internal/hooks/NewRound_AutoHeal.go:114.5,115.20 2 1
github.com/GoMudEngine/GoMud/internal/hooks/NewRound_AutoHeal.go:115.20,117.6 1 0
github.com/GoMudEngine/GoMud/internal/hooks/NewRound_AutoHeal.go:118.5,118.33 1 1
github.com/GoMudEngine/GoMud/internal/hooks/NewRound_AutoHeal.go:120.10,122.63 1 1
github.com/GoMudEngine/GoMud/internal/hooks/NewRound_AutoHeal.go:122.63,125.21 3 0
github.com/GoMudEngine/GoMud/internal/hooks/NewRound_AutoHeal.go:125.21,127.7 1 0
github.com/GoMudEngine/GoMud/internal/hooks/NewRound_AutoHeal.go:128.6,128.34 1 0
github.com/GoMudEngine/GoMud/internal/hooks/NewRound_AutoHeal.go:133.4,133.65 1 1
github.com/GoMudEngine/GoMud/internal/hooks/NewRound_AutoHeal.go:133.65,135.22 2 1
github.com/GoMudEngine/GoMud/internal/hooks/NewRound_AutoHeal.go:135.22,137.6 1 0
github.com/GoMudEngine/GoMud/internal/hooks/NewRound_AutoHeal.go:138.5,139.36 2 1
github.com/GoMudEngine/GoMud/internal/hooks/NewRound_AutoHeal.go:139.36,141.6 1 0
github.com/GoMudEngine/GoMud/internal/hooks/NewRound_AutoHeal.go:142.5,142.82 1 1
github.com/GoMudEngine/GoMud/internal/hooks/NewRound_AutoHeal.go:147.3,148.15 2 1
github.com/GoMudEngine/GoMud/internal/hooks/NewRound_AutoHeal.go:148.15,151.24 2 1
github.com/GoMudEngine/GoMud/internal/hooks/NewRound_AutoHeal.go:151.24,153.5 1 1
github.com/GoMudEngine/GoMud/internal/hooks/NewRound_AutoHeal.go:154.9,157.4 1 1
github.com/GoMudEngine/GoMud/internal/hooks/NewRound_AutoHeal.go:158.3,160.63 3 1
github.com/GoMudEngine/GoMud/internal/hooks/NewRound_AutoHeal.go:160.63,162.4 1 1
github.com/GoMudEngine/GoMud/internal/hooks/NewRound_AutoHeal.go:165.3,167.69 3 1
github.com/GoMudEngine/GoMud/internal/hooks/NewRound_AutoHeal.go:167.69,169.4 1 1
github.com/GoMudEngine/GoMud/internal/hooks/NewRound_AutoHeal.go:172.3,183.45 4 1
github.com/GoMudEngine/GoMud/internal/hooks/NewRound_AutoHeal.go:183.45,190.4 2 1
github.com/GoMudEngine/GoMud/internal/hooks/NewRound_AutoHeal.go:195.2,195.56 1 1
github.com/GoMudEngine/GoMud/internal/hooks/NewRound_AutoHeal.go:195.56,197.45 2 1
github.com/GoMudEngine/GoMud/internal/hooks/NewRound_AutoHeal.go:197.45,198.12 1 1
github.com/GoMudEngine/GoMud/internal/hooks/NewRound_AutoHeal.go:201.3,204.19 2 1
github.com/GoMudEngine/GoMud/internal/hooks/NewRound_AutoHeal.go:204.19,207.61 2 1
github.com/GoMudEngine/GoMud/internal/hooks/NewRound_AutoHeal.go:207.61,209.24 2 0
github.com/GoMudEngine/GoMud/internal/hooks/NewRound_AutoHeal.go:209.24,211.6 1 0
github.com/GoMudEngine/GoMud/internal/hooks/NewRound_AutoHeal.go:213.4,214.60 2 1
github.com/GoMudEngine/GoMud/internal/hooks/NewRound_AutoHeal.go:214.60,216.5 1 0
github.com/GoMudEngine/GoMud/internal/hooks/NewRound_AutoHeal.go:217.9,219.61 1 0
github.com/GoMudEngine/GoMud/internal/hooks/NewRound_AutoHeal.go:219.61,222.20 3 0
github.com/GoMudEngine/GoMud/internal/hooks/NewRound_AutoHeal.go:222.20,224.6 1 0
github.com/GoMudEngine/GoMud/internal/hooks/NewRound_AutoHeal.go:225.5,226.61 2 0
github.com/GoMudEngine/GoMud/internal/hooks/NewRound_AutoHeal.go:226.61,228.6 1 0
github.com/GoMudEngine/GoMud/internal/hooks/NewRound_AutoHeal.go:233.3,234.18 2 1
github.com/GoMudEngine/GoMud/internal/hooks/NewRound_AutoHeal.go:234.18,236.19 2 0
github.com/GoMudEngine/GoMud/internal/hooks/NewRound_AutoHeal.go:236.19,238.5 1 0
github.com/GoMudEngine/GoMud/internal/hooks/NewRound_AutoHeal.go:240.3,241.61 2 1
github.com/GoMudEngine/GoMud/internal/hooks/NewRound_AutoHeal.go:241.61,243.4 1 1
github.com/GoMudEngine/GoMud/internal/hooks/NewRound_AutoHeal.go:246.3,248.67 3 1
github.com/GoMudEngine/GoMud/internal/hooks/NewRound_AutoHeal.go:248.67,250.4 1 1
github.com/GoMudEngine/GoMud/internal/hooks/NewRound_AutoHeal.go:253.3,264.63 4 1
github.com/GoMudEngine/GoMud/internal/hooks/NewRound_AutoHeal.go:264.63,266.21 2 0
github.com/GoMudEngine/GoMud/internal/hooks/NewRound_AutoHeal.go:266.21,268.5 1 0
github.com/GoMudEngine/GoMud/internal/hooks/NewRound_AutoHeal.go:269.4,270.32 2 0
github.com/GoMudEngine/GoMud/internal/hooks/NewRound_AutoHeal.go:270.32,272.5 1 0
github.com/GoMudEngine/GoMud/internal/hooks/NewRound_AutoHeal.go:276.2,276.24 1 1
github.com/GoMudEngine/GoMud/internal/hooks/NewRound_CheckMoonPhase.go:25.59,29.19 3 1
github.com/GoMudEngine/GoMud/internal/hooks/NewRound_CheckMoonPhase.go:29.19,31.3 1 1
github.com/GoMudEngine/GoMud/internal/hooks/NewRound_CheckMoonPhase.go:33.2,35.33 2 1
github.com/GoMudEngine/GoMud/internal/hooks/NewRound_CheckMoonPhase.go:35.33,37.20 2 1
github.com/GoMudEngine/GoMud/internal/hooks/NewRound_CheckMoonPhase.go:37.20,38.12 1 0
github.com/GoMudEngine/GoMud/internal/hooks/NewRound_CheckMoonPhase.go:41.3,45.21 3 1
github.com/GoMudEngine/GoMud/internal/hooks/NewRound_CheckMoonPhase.go:45.21,52.12 2 1
github.com/GoMudEngine/GoMud/internal/hooks/NewRound_CheckMoonPhase.go:56.3,57.54 2 1
github.com/GoMudEngine/GoMud/internal/hooks/NewRound_CheckMoonPhase.go:57.54,64.4 1 0
github.com/GoMudEngine/GoMud/internal/hooks/NewRound_CheckMoonPhase.go:67.2,67.24 1 1
github.com/GoMudEngine/GoMud/internal/hooks/NewRound_CheckNewDay.go:13.56,21.35 4 1
github.com/GoMudEngine/GoMud/internal/hooks/NewRound_CheckNewDay.go:21.35,31.3 1 0
github.com/GoMudEngine/GoMud/internal/hooks/NewRound_CheckNewDay.go:33.2,33.24 1 1
github.com/GoMudEngine/GoMud/internal/hooks/NewRound_DoCombat.go:19.53,34.2 5 1
github.com/GoMudEngine/GoMud/internal/hooks/NewRound_DoCombat.go:36.102,42.50 3 1
github.com/GoMudEngine/GoMud/internal/hooks/NewRound_DoCombat.go:42.50,46.18 2 1
github.com/GoMudEngine/GoMud/internal/hooks/NewRound_DoCombat.go:46.18,47.12 1 0
github.com/GoMudEngine/GoMud/internal/hooks/NewRound_DoCombat.go:50.3,50.49 1 1
github.com/GoMudEngine/GoMud/internal/hooks/NewRound_DoCombat.go:50.49,51.12 1 0
github.com/GoMudEngine/GoMud/internal/hooks/NewRound_DoCombat.go:54.3,56.44 2 1
github.com/GoMudEngine/GoMud/internal/hooks/NewRound_DoCombat.go:56.44,57.12 1 0
github.com/GoMudEngine/GoMud/internal/hooks/NewRound_DoCombat.go:60.3,60.34 1 1
github.com/GoMudEngine/GoMud/internal/hooks/NewRound_DoCombat.go:60.34,61.12 1 1
github.com/GoMudEngine/GoMud/internal/hooks/NewRound_DoCombat.go:64.3,67.19 3 0
github.com/GoMudEngine/GoMud/internal/hooks/NewRound_DoCombat.go:67.19,68.12 1 0
github.com/GoMudEngine/GoMud/internal/hooks/NewRound_DoCombat.go:71.3,71.44 1 0
github.com/GoMudEngine/GoMud/internal/hooks/NewRound_DoCombat.go:71.44,72.12 1 0
github.com/GoMudEngine/GoMud/internal/hooks/NewRound_DoCombat.go:76.3,76.69 1 0
github.com/GoMudEngine/GoMud/internal/hooks/NewRound_DoCombat.go:76.69,78.4 1 0
github.com/GoMudEngine/GoMud/internal/hooks/NewRound_DoCombat.go:81.3,81.76 1 0
github.com/GoMudEngine/GoMud/internal/hooks/NewRound_DoCombat.go:81.76,83.4 1 0
github.com/GoMudEngine/GoMud/internal/hooks/NewRound_DoCombat.go:86.2,88.50 2 1
github.com/GoMudEngine/GoMud/internal/hooks/NewRound_DoCombat.go:91.99,96.52 3 1
github.com/GoMudEngine/GoMud/internal/hooks/NewRound_DoCombat.go:96.52,100.76 2 1
github.com/GoMudEngine/GoMud/internal/hooks/NewRound_DoCombat.go:100.76,101.12 1 1
github.com/GoMudEngine/GoMud/internal/hooks/NewRound_DoCombat.go:104.3,104.48 1 0
github.com/GoMudEngine/GoMud/internal/hooks/NewRound_DoCombat.go:104.48,105.12 1 0
github.com/GoMudEngine/GoMud/internal/hooks/NewRound_DoCombat.go:108.3,109.21 2 0
github.com/GoMudEngine/GoMud/internal/hooks/NewRound_DoCombat.go:109.21,111.12 2 0
github.com/GoMudEngine/GoMud/internal/hooks/NewRound_DoCombat.go:114.3,117.61 2 0
github.com/GoMudEngine/GoMud/internal/hooks/NewRound_DoCombat.go:117.61,118.75 1 0
github.com/GoMudEngine/GoMud/internal/hooks/NewRound_DoCombat.go:118.75,123.5 2 0
github.com/GoMudEngine/GoMud/internal/hooks/NewRound_DoCombat.go:123.10,125.5 1 0
github.com/GoMudEngine/GoMud/internal/hooks/NewRound_DoCombat.go:128.3,128.41 1 0
github.com/GoMudEngine/GoMud/internal/hooks/NewRound_DoCombat.go:128.41,129.12 1 0
github.com/GoMudEngine/GoMud/internal/hooks/NewRound_DoCombat.go:132.3,133.34 2 0
github.com/GoMudEngine/GoMud/internal/hooks/NewRound_DoCombat.go:133.34,134.12 1 0
github.com/GoMudEngine/GoMud/internal/hooks/NewRound_DoCombat.go:137.3,140.67 2 0
github.com/GoMudEngine/GoMud/internal/hooks/NewRound_DoCombat.go:140.67,142.4 1 0
github.com/GoMudEngine/GoMud/internal/hooks/NewRound_DoCombat.go:145.3,145.74 1 0
github.com/GoMudEngine/GoMud/internal/hooks/NewRound_DoCombat.go:145.74,147.4 1 0
github.com/GoMudEngine/GoMud/internal/hooks/NewRound_DoCombat.go:150.2,152.50 2 1
github.com/GoMudEngine/GoMud/internal/hooks/NewRound_DoCombat.go:158.170,160.92 1 1
github.com/GoMudEngine/GoMud/internal/hooks/NewRound_DoCombat.go:160.92,162.3 1 1
github.com/GoMudEngine/GoMud/internal/hooks/NewRound_DoCombat.go:165.2,168.63 3 0
github.com/GoMudEngine/GoMud/internal/hooks/NewRound_DoCombat.go:168.63,173.3 4 0
github.com/GoMudEngine/GoMud/internal/hooks/NewRound_DoCombat.go:173.8,178.3 4 0
github.com/GoMudEngine/GoMud/internal/hooks/NewRound_DoCombat.go:180.2,183.57 2 0
github.com/GoMudEngine/GoMud/internal/hooks/NewRound_DoCombat.go:183.57,185.3 1 0
github.com/GoMudEngine/GoMud/internal/hooks/NewRound_DoCombat.go:185.8,185.64 1 0
github.com/GoMudEngine/GoMud/internal/hooks/NewRound_DoCombat.go:185.64,187.3 1 0
github.com/GoMudEngine/GoMud/internal/hooks/NewRound_DoCombat.go:187.8,189.3 1 0
github.com/GoMudEngine/GoMud/internal/hooks/NewRound_DoCombat.go:192.2,195.20 2 0
github.com/GoMudEngine/GoMud/internal/hooks/NewRound_DoCombat.go:195.20,196.56 1 0
github.com/GoMudEngine/GoMud/internal/hooks/NewRound_DoCombat.go:196.56,201.4 1 0
github.com/GoMudEngine/GoMud/internal/hooks/NewRound_DoCombat.go:201.9,201.63 1 0
github.com/GoMudEngine/GoMud/internal/hooks/NewRound_DoCombat.go:201.63,207.4 1 0
github.com/GoMudEngine/GoMud/internal/hooks/NewRound_DoCombat.go:211.76,214.43 2 1
github.com/GoMudEngine/GoMud/internal/hooks/NewRound_DoCombat.go:214.43,215.42 1 1
github.com/GoMudEngine/GoMud/internal/hooks/NewRound_DoCombat.go:215.42,216.12 1 1
github.com/GoMudEngine/GoMud/internal/hooks/NewRound_DoCombat.go:218.3,220.53 2 1
github.com/GoMudEngine/GoMud/internal/hooks/NewRound_DoCombat.go:220.53,222.36 1 1
github.com/GoMudEngine/GoMud/internal/hooks/NewRound_DoCombat.go:222.36,226.5 1 0
github.com/GoMudEngine/GoMud/internal/hooks/NewRound_DoCombat.go:226.10,226.40 1 1
github.com/GoMudEngine/GoMud/internal/hooks/NewRound_DoCombat.go:226.40,230.5 1 0
github.com/GoMudEngine/GoMud/internal/hooks/NewRound_DoCombat.go:235.2,236.47 2 1
github.com/GoMudEngine/GoMud/internal/hooks/NewRound_DoCombat.go:236.47,237.38 1 1
github.com/GoMudEngine/GoMud/internal/hooks/NewRound_DoCombat.go:237.38,238.12 1 1
github.com/GoMudEngine/GoMud/internal/hooks/NewRound_DoCombat.go:240.3,242.49 2 1
github.com/GoMudEngine/GoMud/internal/hooks/NewRound_DoCombat.go:242.49,243.32 1 1
github.com/GoMudEngine/GoMud/internal/hooks/NewRound_DoCombat.go:243.32,247.5 1 0
github.com/GoMudEngine/GoMud/internal/hooks/NewRound_DoCombat.go:258.70,259.44 1 1
github.com/GoMudEngine/GoMud/internal/hooks/NewRound_DoCombat.go:259.44,260.17 1 1
github.com/GoMudEngine/GoMud/internal/hooks/NewRound_DoCombat.go:260.18,260.19 0 1
github.com/GoMudEngine/GoMud/internal/hooks/NewRound_DoCombat.go:262.2,275.16 14 1
github.com/GoMudEngine/GoMud/internal/hooks/NewRound_DoCombat.go:275.16,282.3 6 1
github.com/GoMudEngine/GoMud/internal/hooks/NewRound_DoCombat_helpers.go:29.80,32.2 2 1
github.com/GoMudEngine/GoMud/internal/hooks/NewRound_DoCombat_helpers.go:35.54,36.61 1 1
github.com/GoMudEngine/GoMud/internal/hooks/NewRound_DoCombat_helpers.go:36.61,37.75 1 1
github.com/GoMudEngine/GoMud/internal/hooks/NewRound_DoCombat_helpers.go:37.75,40.4 2 1
github.com/GoMudEngine/GoMud/internal/hooks/NewRound_DoCombat_helpers.go:40.9,42.4 1 1
github.com/GoMudEngine/GoMud/internal/hooks/NewRound_DoCombat_helpers.go:48.71,49.40 1 1
github.com/GoMudEngine/GoMud/internal/hooks/NewRound_DoCombat_helpers.go:49.40,51.3 1 1
github.com/GoMudEngine/GoMud/internal/hooks/NewRound_DoCombat_helpers.go:54.2,54.33 1 1
github.com/GoMudEngine/GoMud/internal/hooks/NewRound_DoCombat_helpers.go:54.33,57.3 2 1
github.com/GoMudEngine/GoMud/internal/hooks/NewRound_DoCombat_helpers.go:60.2,60.63 1 1
github.com/GoMudEngine/GoMud/internal/hooks/NewRound_DoCombat_helpers.go:60.63,64.18 4 1
github.com/GoMudEngine/GoMud/internal/hooks/NewRound_DoCombat_helpers.go:64.18,67.4 1 1
github.com/GoMudEngine/GoMud/internal/hooks/NewRound_DoCombat_helpers.go:68.3,68.14 1 1
github.com/GoMudEngine/GoMud/internal/hooks/NewRound_DoCombat_helpers.go:71.2,74.22 3 0
github.com/GoMudEngine/GoMud/internal/hooks/NewRound_DoCombat_helpers.go:74.22,78.3 3 0
github.com/GoMudEngine/GoMud/internal/hooks/NewRound_DoCombat_helpers.go:81.2,84.60 3 0
github.com/GoMudEngine/GoMud/internal/hooks/NewRound_DoCombat_helpers.go:84.60,88.3 3 0
github.com/GoMudEngine/GoMud/internal/hooks/NewRound_DoCombat_helpers.go:90.2,94.22 3 0
github.com/GoMudEngine/GoMud/internal/hooks/NewRound_DoCombat_helpers.go:94.22,96.25 2 0
github.com/GoMudEngine/GoMud/internal/hooks/NewRound_DoCombat_helpers.go:96.25,98.4 1 0
github.com/GoMudEngine/GoMud/internal/hooks/NewRound_DoCombat_helpers.go:99.3,108.44 8 0
github.com/GoMudEngine/GoMud/internal/hooks/NewRound_DoCombat_helpers.go:108.44,110.25 2 0
github.com/GoMudEngine/GoMud/internal/hooks/NewRound_DoCombat_helpers.go:110.25,112.40 2 0
github.com/GoMudEngine/GoMud/internal/hooks/NewRound_DoCombat_helpers.go:112.40,113.60 1 0
github.com/GoMudEngine/GoMud/internal/hooks/NewRound_DoCombat_helpers.go:113.60,117.7 1 0
github.com/GoMudEngine/GoMud/internal/hooks/NewRound_DoCombat_helpers.go:122.3,122.36 1 0
github.com/GoMudEngine/GoMud/internal/hooks/NewRound_DoCombat_helpers.go:123.8,125.3 1 0
github.com/GoMudEngine/GoMud/internal/hooks/NewRound_DoCombat_helpers.go:127.2,127.13 1 0
github.com/GoMudEngine/GoMud/internal/hooks/NewRound_DoCombat_helpers.go:132.68,133.39 1 1
github.com/GoMudEngine/GoMud/internal/hooks/NewRound_DoCombat_helpers.go:133.39,135.3 1 1
github.com/GoMudEngine/GoMud/internal/hooks/NewRound_DoCombat_helpers.go:137.2,137.62 1 1
github.com/GoMudEngine/GoMud/internal/hooks/NewRound_DoCombat_helpers.go:137.62,142.3 3 1
github.com/GoMudEngine/GoMud/internal/hooks/NewRound_DoCombat_helpers.go:144.2,146.22 3 0
github.com/GoMudEngine/GoMud/internal/hooks/NewRound_DoCombat_helpers.go:146.22,149.3 2 0
github.com/GoMudEngine/GoMud/internal/hooks/NewRound_DoCombat_helpers.go:152.2,155.59 3 0
github.com/GoMudEngine/GoMud/internal/hooks/NewRound_DoCombat_helpers.go:155.59,160.3 3 0
github.com/GoMudEngine/GoMud/internal/hooks/NewRound_DoCombat_helpers.go:161.2,164.22 2 0
github.com/GoMudEngine/GoMud/internal/hooks/NewRound_DoCombat_helpers.go:164.22,165.78 1 0
github.com/GoMudEngine/GoMud/internal/hooks/NewRound_DoCombat_helpers.go:165.78,167.4 1 0
github.com/GoMudEngine/GoMud/internal/hooks/NewRound_DoCombat_helpers.go:168.3,171.42 3 0
github.com/GoMudEngine/GoMud/internal/hooks/NewRound_DoCombat_helpers.go:172.8,175.3 1 0
github.com/GoMudEngine/GoMud/internal/hooks/NewRound_DoCombat_helpers.go:176.2,176.13 1 0
github.com/GoMudEngine/GoMud/internal/hooks/NewRound_DoCombat_helpers.go:181.83,182.50 1 1
github.com/GoMudEngine/GoMud/internal/hooks/NewRound_DoCombat_helpers.go:182.50,184.3 1 1
github.com/GoMudEngine/GoMud/internal/hooks/NewRound_DoCombat_helpers.go:187.2,190.62 3 0
github.com/GoMudEngine/GoMud/internal/hooks/NewRound_DoCombat_helpers.go:190.62,191.53 1 0
github.com/GoMudEngine/GoMud/internal/hooks/NewRound_DoCombat_helpers.go:191.53,192.74 1 0
github.com/GoMudEngine/GoMud/internal/hooks/NewRound_DoCombat_helpers.go:192.74,193.13 1 0
github.com/GoMudEngine/GoMud/internal/hooks/NewRound_DoCombat_helpers.go:196.4,202.27 5 0
github.com/GoMudEngine/GoMud/internal/hooks/NewRound_DoCombat_helpers.go:202.27,204.10 2 0
github.com/GoMudEngine/GoMud/internal/hooks/NewRound_DoCombat_helpers.go:209.2,211.62 3 0
github.com/GoMudEngine/GoMud/internal/hooks/NewRound_DoCombat_helpers.go:211.62,212.47 1 0
github.com/GoMudEngine/GoMud/internal/hooks/NewRound_DoCombat_helpers.go:212.47,213.70 1 0
github.com/GoMudEngine/GoMud/internal/hooks/NewRound_DoCombat_helpers.go:213.70,214.13 1 0
github.com/GoMudEngine/GoMud/internal/hooks/NewRound_DoCombat_helpers.go:217.4,223.26 5 0
github.com/GoMudEngine/GoMud/internal/hooks/NewRound_DoCombat_helpers.go:223.26,226.10 3 0
github.com/GoMudEngine/GoMud/internal/hooks/NewRound_DoCombat_helpers.go:231.2,231.24 1 0
github.com/GoMudEngine/GoMud/internal/hooks/NewRound_DoCombat_helpers.go:231.24,235.3 3 0
github.com/GoMudEngine/GoMud/internal/hooks/NewRound_DoCombat_helpers.go:237.2,237.27 1 0
github.com/GoMudEngine/GoMud/internal/hooks/NewRound_DoCombat_helpers.go:237.27,241.3 3 0
github.com/GoMudEngine/GoMud/internal/hooks/NewRound_DoCombat_helpers.go:244.2,246.20 2 0
github.com/GoMudEngine/GoMud/internal/hooks/NewRound_DoCombat_helpers.go:246.20,249.3 2 0
github.com/GoMudEngine/GoMud/internal/hooks/NewRound_DoCombat_helpers.go:251.2,257.66 5 0
github.com/GoMudEngine/GoMud/internal/hooks/NewRound_DoCombat_helpers.go:257.66,261.59 2 0
github.com/GoMudEngine/GoMud/internal/hooks/NewRound_DoCombat_helpers.go:261.59,262.51 1 0
github.com/GoMudEngine/GoMud/internal/hooks/NewRound_DoCombat_helpers.go:262.51,263.40 1 0
github.com/GoMudEngine/GoMud/internal/hooks/NewRound_DoCombat_helpers.go:263.40,265.6 1 0
github.com/GoMudEngine/GoMud/internal/hooks/NewRound_DoCombat_helpers.go:269.3,271.108 2 0
github.com/GoMudEngine/GoMud/internal/hooks/NewRound_DoCombat_helpers.go:271.108,273.4 1 0
github.com/GoMudEngine/GoMud/internal/hooks/NewRound_DoCombat_helpers.go:276.2,276.13 1 0
github.com/GoMudEngine/GoMud/internal/hooks/NewRound_DoCombat_helpers.go:280.127,281.21 1 1
github.com/GoMudEngine/GoMud/internal/hooks/NewRound_DoCombat_helpers.go:281.21,285.3 3 1
github.com/GoMudEngine/GoMud/internal/hooks/NewRound_DoCombat_helpers.go:286.2,286.23 1 1
github.com/GoMudEngine/GoMud/internal/hooks/NewRound_DoCombat_helpers.go:286.23,294.3 2 1
github.com/GoMudEngine/GoMud/internal/hooks/NewRound_DoCombat_helpers.go:298.118,299.21 1 1
github.com/GoMudEngine/GoMud/internal/hooks/NewRound_DoCombat_helpers.go:299.21,302.3 2 1
github.com/GoMudEngine/GoMud/internal/hooks/NewRound_DoCombat_helpers.go:303.2,303.23 1 1
github.com/GoMudEngine/GoMud/internal/hooks/NewRound_DoCombat_helpers.go:303.23,308.3 1 1
github.com/GoMudEngine/GoMud/internal/hooks/NewRound_DoCombat_helpers.go:312.77,313.61 1 1
github.com/GoMudEngine/GoMud/internal/hooks/NewRound_DoCombat_helpers.go:313.61,314.68 1 0
github.com/GoMudEngine/GoMud/internal/hooks/NewRound_DoCombat_helpers.go:314.68,315.82 1 0
github.com/GoMudEngine/GoMud/internal/hooks/NewRound_DoCombat_helpers.go:315.82,320.5 2 0
github.com/GoMudEngine/GoMud/internal/hooks/NewRound_DoCombat_helpers.go:326.113,328.15 2 0
github.com/GoMudEngine/GoMud/internal/hooks/NewRound_DoCombat_helpers.go:328.15,330.3 1 0
github.com/GoMudEngine/GoMud/internal/hooks/NewRound_DoCombat_helpers.go:332.2,348.4 6 0
github.com/GoMudEngine/GoMud/internal/hooks/NewRound_DoCombat_helpers.go:352.82,355.15 3 0
github.com/GoMudEngine/GoMud/internal/hooks/NewRound_DoCombat_helpers.go:355.15,357.3 1 0
github.com/GoMudEngine/GoMud/internal/hooks/NewRound_DoCombat_helpers.go:359.2,359.20 1 0
github.com/GoMudEngine/GoMud/internal/hooks/NewRound_DoCombat_helpers.go:359.20,361.3 1 0
github.com/GoMudEngine/GoMud/internal/hooks/NewRound_DoCombat_helpers.go:363.2,373.4 2 0
github.com/GoMudEngine/GoMud/internal/hooks/NewRound_DoCombat_helpers.go:377.74,379.62 1 1
github.com/GoMudEngine/GoMud/internal/hooks/NewRound_DoCombat_helpers.go:379.62,380.71 1 0
github.com/GoMudEngine/GoMud/internal/hooks/NewRound_DoCombat_helpers.go:380.71,381.97 1 0
github.com/GoMudEngine/GoMud/internal/hooks/NewRound_DoCombat_helpers.go:381.97,385.5 3 0
github.com/GoMudEngine/GoMud/internal/hooks/NewRound_DoCombat_helpers.go:390.2,390.64 1 1
github.com/GoMudEngine/GoMud/internal/hooks/NewRound_DoCombat_helpers.go:390.64,391.77 1 0
github.com/GoMudEngine/GoMud/internal/hooks/NewRound_DoCombat_helpers.go:391.77,392.103 1 0
github.com/GoMudEngine/GoMud/internal/hooks/NewRound_DoCombat_helpers.go:392.103,396.5 3 0
github.com/GoMudEngine/GoMud/internal/hooks/NewRound_DoCombat_helpers.go:402.118,403.76 1 1
github.com/GoMudEngine/GoMud/internal/hooks/NewRound_DoCombat_helpers.go:403.76,409.3 3 1
github.com/GoMudEngine/GoMud/internal/hooks/NewRound_DoCombat_helpers.go:413.158,414.48 1 1
github.com/GoMudEngine/GoMud/internal/hooks/NewRound_DoCombat_helpers.go:414.48,416.3 1 0
github.com/GoMudEngine/GoMud/internal/hooks/NewRound_DoCombat_helpers.go:418.2,418.48 1 1
github.com/GoMudEngine/GoMud/internal/hooks/NewRound_DoCombat_helpers.go:418.48,420.3 1 0
github.com/GoMudEngine/GoMud/internal/hooks/NewRound_DoCombat_helpers.go:422.2,422.51 1 1
github.com/GoMudEngine/GoMud/internal/hooks/NewRound_DoCombat_helpers.go:422.51,424.3 1 1
github.com/GoMudEngine/GoMud/internal/hooks/NewRound_DoCombat_helpers.go:426.2,426.51 1 1
github.com/GoMudEngine/GoMud/internal/hooks/NewRound_DoCombat_helpers.go:426.51,428.3 1 1
github.com/GoMudEngine/GoMud/internal/hooks/NewRound_DoCombat_helpers.go:430.2,430.55 1 1
github.com/GoMudEngine/GoMud/internal/hooks/NewRound_DoCombat_helpers.go:430.55,432.3 1 1
github.com/GoMudEngine/GoMud/internal/hooks/NewRound_DoCombat_helpers.go:434.2,434.55 1 1
github.com/GoMudEngine/GoMud/internal/hooks/NewRound_DoCombat_helpers.go:434.55,436.3 1 1
github.com/GoMudEngine/GoMud/internal/hooks/NewRound_DoCombat_helpers.go:441.64,442.58 1 1
github.com/GoMudEngine/GoMud/internal/hooks/NewRound_DoCombat_helpers.go:442.58,444.3 1 1
github.com/GoMudEngine/GoMud/internal/hooks/NewRound_DoCombat_helpers.go:447.2,448.40 2 1
github.com/GoMudEngine/GoMud/internal/hooks/NewRound_DoCombat_helpers.go:448.40,450.37 2 0
github.com/GoMudEngine/GoMud/internal/hooks/NewRound_DoCombat_helpers.go:450.37,451.68 1 0
github.com/GoMudEngine/GoMud/internal/hooks/NewRound_DoCombat_helpers.go:451.68,453.5 1 0
github.com/GoMudEngine/GoMud/internal/hooks/NewRound_DoCombat_helpers.go:454.9,454.51 1 0
github.com/GoMudEngine/GoMud/internal/hooks/NewRound_DoCombat_helpers.go:454.51,455.76 1 0
github.com/GoMudEngine/GoMud/internal/hooks/NewRound_DoCombat_helpers.go:455.76,457.5 1 0
github.com/GoMudEngine/GoMud/internal/hooks/NewRound_DoCombat_helpers.go:459.3,459.24 1 0
github.com/GoMudEngine/GoMud/internal/hooks/NewRound_DoCombat_helpers.go:459.24,461.24 2 0
github.com/GoMudEngine/GoMud/internal/hooks/NewRound_DoCombat_helpers.go:461.24,463.5 1 0
github.com/GoMudEngine/GoMud/internal/hooks/NewRound_DoCombat_helpers.go:468.2,468.22 1 1
github.com/GoMudEngine/GoMud/internal/hooks/NewRound_DoCombat_helpers.go:468.22,471.3 2 0
github.com/GoMudEngine/GoMud/internal/hooks/NewRound_DoCombat_helpers.go:474.2,475.15 2 1
github.com/GoMudEngine/GoMud/internal/hooks/NewRound_DoCombat_helpers.go:475.15,476.41 1 0
github.com/GoMudEngine/GoMud/internal/hooks/NewRound_DoCombat_helpers.go:476.41,479.26 2 0
github.com/GoMudEngine/GoMud/internal/hooks/NewRound_DoCombat_helpers.go:479.26,481.5 1 0
github.com/GoMudEngine/GoMud/internal/hooks/NewRound_DoCombat_helpers.go:483.4,485.48 3 0
github.com/GoMudEngine/GoMud/internal/hooks/NewRound_DoCombat_helpers.go:485.48,487.5 1 0
github.com/GoMudEngine/GoMud/internal/hooks/NewRound_DoCombat_helpers.go:487.10,488.61 1 0
github.com/GoMudEngine/GoMud/internal/hooks/NewRound_DoCombat_helpers.go:488.61,491.6 2 0
github.com/GoMudEngine/GoMud/internal/hooks/NewRound_DoCombat_helpers.go:493.4,493.15 1 0
github.com/GoMudEngine/GoMud/internal/hooks/NewRound_DoCombat_helpers.go:497.2,497.14 1 1
github.com/GoMudEngine/GoMud/internal/hooks/NewRound_DoCombat_helpers.go:502.69,503.82 1 1
github.com/GoMudEngine/GoMud/internal/hooks/NewRound_DoCombat_helpers.go:503.82,505.3 1 1
github.com/GoMudEngine/GoMud/internal/hooks/NewRound_DoCombat_helpers.go:507.2,508.22 2 0
github.com/GoMudEngine/GoMud/internal/hooks/NewRound_DoCombat_helpers.go:508.22,510.3 1 0
github.com/GoMudEngine/GoMud/internal/hooks/NewRound_DoCombat_helpers.go:512.2,513.46 2 0
github.com/GoMudEngine/GoMud/internal/hooks/NewRound_DoCombat_helpers.go:513.46,514.43 1 0
github.com/GoMudEngine/GoMud/internal/hooks/NewRound_DoCombat_helpers.go:514.43,515.12 1 0
github.com/GoMudEngine/GoMud/internal/hooks/NewRound_DoCombat_helpers.go:517.3,517.47 1 0
github.com/GoMudEngine/GoMud/internal/hooks/NewRound_DoCombat_helpers.go:517.47,518.72 1 0
github.com/GoMudEngine/GoMud/internal/hooks/NewRound_DoCombat_helpers.go:518.72,519.86 1 0
github.com/GoMudEngine/GoMud/internal/hooks/NewRound_DoCombat_helpers.go:519.86,521.6 1 0
github.com/GoMudEngine/GoMud/internal/hooks/NewRound_DoCombat_helpers.go:526.2,526.32 1 0
github.com/GoMudEngine/GoMud/internal/hooks/NewRound_DoCombat_helpers.go:526.32,528.3 1 0
github.com/GoMudEngine/GoMud/internal/hooks/NewRound_DoCombat_helpers.go:530.2,534.25 4 0
github.com/GoMudEngine/GoMud/internal/hooks/NewRound_DoCombat_helpers.go:534.25,538.68 3 0
github.com/GoMudEngine/GoMud/internal/hooks/NewRound_DoCombat_helpers.go:538.68,542.4 1 0
github.com/GoMudEngine/GoMud/internal/hooks/NewRound_DoCombat_helpers.go:543.3,543.14 1 0
github.com/GoMudEngine/GoMud/internal/hooks/NewRound_DoCombat_helpers.go:546.2,546.14 1 0
github.com/GoMudEngine/GoMud/internal/hooks/NewRound_DoCombat_helpers.go:550.43,551.81 1 1
github.com/GoMudEngine/GoMud/internal/hooks/NewRound_DoCombat_helpers.go:551.81,553.3 1 1
github.com/GoMudEngine/GoMud/internal/hooks/NewRound_DoCombat_helpers.go:555.2,558.50 3 0
github.com/GoMudEngine/GoMud/internal/hooks/NewRound_DoCombat_helpers.go:558.50,560.43 2 0
github.com/GoMudEngine/GoMud/internal/hooks/NewRound_DoCombat_helpers.go:560.43,562.34 2 0
github.com/GoMudEngine/GoMud/internal/hooks/NewRound_DoCombat_helpers.go:562.34,564.5 1 0
github.com/GoMudEngine/GoMud/internal/hooks/NewRound_DoCombat_helpers.go:567.3,567.31 1 0
github.com/GoMudEngine/GoMud/internal/hooks/NewRound_DoCombat_helpers.go:567.31,569.4 1 0
github.com/GoMudEngine/GoMud/internal/hooks/NewRound_DoCombat_helpers.go:575.121,576.37 1 1
github.com/GoMudEngine/GoMud/internal/hooks/NewRound_DoCombat_helpers.go:576.37,578.3 1 1
github.com/GoMudEngine/GoMud/internal/hooks/NewRound_DoCombat_helpers.go:580.2,582.22 3 1
github.com/GoMudEngine/GoMud/internal/hooks/NewRound_DoCombat_helpers.go:582.22,585.3 2 1
github.com/GoMudEngine/GoMud/internal/hooks/NewRound_DoCombat_helpers.go:586.2,588.51 3 0
github.com/GoMudEngine/GoMud/internal/hooks/NewRound_DoCombat_helpers.go:588.51,593.3 2 0
github.com/GoMudEngine/GoMud/internal/hooks/NewRound_DoCombat_helpers.go:595.2,605.13 7 0
github.com/GoMudEngine/GoMud/internal/hooks/NewRound_DoCombat_helpers.go:610.70,611.56 1 1
github.com/GoMudEngine/GoMud/internal/hooks/NewRound_DoCombat_helpers.go:611.56,612.42 1 0
github.com/GoMudEngine/GoMud/internal/hooks/NewRound_DoCombat_helpers.go:612.42,613.34 1 0
github.com/GoMudEngine/GoMud/internal/hooks/NewRound_DoCombat_helpers.go:613.34,614.13 1 0
github.com/GoMudEngine/GoMud/internal/hooks/NewRound_DoCombat_helpers.go:616.4,616.68 1 0
github.com/GoMudEngine/GoMud/internal/hooks/NewRound_DoCombat_helpers.go:616.68,619.40 1 0
github.com/GoMudEngine/GoMud/internal/hooks/NewRound_DoCombat_helpers.go:619.40,621.6 1 0
github.com/GoMudEngine/GoMud/internal/hooks/NewRound_DoCombat_helpers.go:628.117,631.18 2 0
github.com/GoMudEngine/GoMud/internal/hooks/NewRound_DoCombat_helpers.go:631.18,634.3 2 0
github.com/GoMudEngine/GoMud/internal/hooks/NewRound_DoCombat_helpers.go:636.2,637.20 2 0
github.com/GoMudEngine/GoMud/internal/hooks/NewRound_DoCombat_helpers.go:637.20,639.3 1 0
github.com/GoMudEngine/GoMud/internal/hooks/NewRound_DoCombat_helpers.go:639.8,639.62 1 0
github.com/GoMudEngine/GoMud/internal/hooks/NewRound_DoCombat_helpers.go:639.62,640.42 1 0
github.com/GoMudEngine/GoMud/internal/hooks/NewRound_DoCombat_helpers.go:640.42,642.4 1 0
github.com/GoMudEngine/GoMud/internal/hooks/NewRound_DoCombat_helpers.go:642.9,643.116 1 0
github.com/GoMudEngine/GoMud/internal/hooks/NewRound_DoCombat_helpers.go:643.116,645.5 1 0
github.com/GoMudEngine/GoMud/internal/hooks/NewRound_DoCombat_helpers.go:649.2,649.18 1 0
github.com/GoMudEngine/GoMud/internal/hooks/NewRound_DoCombat_helpers.go:649.18,653.3 3 0
github.com/GoMudEngine/GoMud/internal/hooks/NewRound_DoCombat_helpers.go:655.2,656.20 2 0
github.com/GoMudEngine/GoMud/internal/hooks/NewRound_DoCombat_helpers.go:656.20,659.3 2 0
github.com/GoMudEngine/GoMud/internal/hooks/NewRound_DoCombat_helpers.go:661.2,663.34 2 0
github.com/GoMudEngine/GoMud/internal/hooks/NewRound_DoCombat_helpers.go:663.34,667.3 3 0
github.com/GoMudEngine/GoMud/internal/hooks/NewRound_DoCombat_helpers.go:669.2,669.44 1 0
github.com/GoMudEngine/GoMud/internal/hooks/NewRound_DoCombat_helpers.go:669.44,675.52 4 0
github.com/GoMudEngine/GoMud/internal/hooks/NewRound_DoCombat_helpers.go:675.52,677.4 1 0
github.com/GoMudEngine/GoMud/internal/hooks/NewRound_DoCombat_helpers.go:678.3,678.52 1 0
github.com/GoMudEngine/GoMud/internal/hooks/NewRound_DoCombat_helpers.go:678.52,680.4 1 0
github.com/GoMudEngine/GoMud/internal/hooks/NewRound_DoCombat_helpers.go:681.3,681.48 1 0
github.com/GoMudEngine/GoMud/internal/hooks/NewRound_DoCombat_helpers.go:681.48,682.57 1 0
github.com/GoMudEngine/GoMud/internal/hooks/NewRound_DoCombat_helpers.go:682.57,684.5 1 0
github.com/GoMudEngine/GoMud/internal/hooks/NewRound_DoCombat_helpers.go:686.3,686.48 1 0
github.com/GoMudEngine/GoMud/internal/hooks/NewRound_DoCombat_helpers.go:686.48,687.57 1 0
github.com/GoMudEngine/GoMud/internal/hooks/NewRound_DoCombat_helpers.go:687.57,689.5 1 0
github.com/GoMudEngine/GoMud/internal/hooks/NewRound_DoCombat_helpers.go:691.3,691.9 1 0
github.com/GoMudEngine/GoMud/internal/hooks/NewRound_DoCombat_helpers.go:694.2,694.49 1 0
github.com/GoMudEngine/GoMud/internal/hooks/NewRound_DoCombat_helpers.go:694.49,697.3 2 0
github.com/GoMudEngine/GoMud/internal/hooks/NewRound_DoCombat_helpers.go:699.2,707.48 5 0
github.com/GoMudEngine/GoMud/internal/hooks/NewRound_DoCombat_helpers.go:707.48,709.3 1 0
github.com/GoMudEngine/GoMud/internal/hooks/NewRound_DoCombat_helpers.go:710.2,721.21 7 0
github.com/GoMudEngine/GoMud/internal/hooks/NewRound_DoCombat_helpers.go:721.21,723.3 1 0
github.com/GoMudEngine/GoMud/internal/hooks/NewRound_DoCombat_helpers.go:724.2,726.65 2 0
github.com/GoMudEngine/GoMud/internal/hooks/NewRound_DoCombat_helpers.go:726.65,730.65 3 0
github.com/GoMudEngine/GoMud/internal/hooks/NewRound_DoCombat_helpers.go:730.65,732.4 1 0
github.com/GoMudEngine/GoMud/internal/hooks/NewRound_DoCombat_helpers.go:733.8,735.3 1 0
github.com/GoMudEngine/GoMud/internal/hooks/NewRound_DoCombat_helpers.go:739.162,748.19 6 0
github.com/GoMudEngine/GoMud/internal/hooks/NewRound_DoCombat_helpers.go:748.19,750.3 1 0
github.com/GoMudEngine/GoMud/internal/hooks/NewRound_DoCombat_helpers.go:750.8,750.61 1 0
github.com/GoMudEngine/GoMud/internal/hooks/NewRound_DoCombat_helpers.go:750.61,751.42 1 0
github.com/GoMudEngine/GoMud/internal/hooks/NewRound_DoCombat_helpers.go:751.42,753.4 1 0
github.com/GoMudEngine/GoMud/internal/hooks/NewRound_DoCombat_helpers.go:753.9,754.20 1 0
github.com/GoMudEngine/GoMud/internal/hooks/NewRound_DoCombat_helpers.go:754.20,757.5 2 0
github.com/GoMudEngine/GoMud/internal/hooks/NewRound_DoCombat_helpers.go:758.4,758.115 1 0
github.com/GoMudEngine/GoMud/internal/hooks/NewRound_DoCombat_helpers.go:758.115,760.5 1 0
github.com/GoMudEngine/GoMud/internal/hooks/NewRound_DoCombat_helpers.go:764.2,764.18 1 0
github.com/GoMudEngine/GoMud/internal/hooks/NewRound_DoCombat_helpers.go:764.18,768.3 3 0
github.com/GoMudEngine/GoMud/internal/hooks/NewRound_DoCombat_helpers.go:770.2,771.20 2 0
github.com/GoMudEngine/GoMud/internal/hooks/NewRound_DoCombat_helpers.go:771.20,774.3 2 0
github.com/GoMudEngine/GoMud/internal/hooks/NewRound_DoCombat_helpers.go:776.2,778.33 2 0
github.com/GoMudEngine/GoMud/internal/hooks/NewRound_DoCombat_helpers.go:778.33,782.3 3 0
github.com/GoMudEngine/GoMud/internal/hooks/NewRound_DoCombat_helpers.go:784.2,784.44 1 0
github.com/GoMudEngine/GoMud/internal/hooks/NewRound_DoCombat_helpers.go:784.44,790.52 4 0
github.com/GoMudEngine/GoMud/internal/hooks/NewRound_DoCombat_helpers.go:790.52,792.4 1 0
github.com/GoMudEngine/GoMud/internal/hooks/NewRound_DoCombat_helpers.go:793.3,793.56 1 0
github.com/GoMudEngine/GoMud/internal/hooks/NewRound_DoCombat_helpers.go:793.56,795.4 1 0
github.com/GoMudEngine/GoMud/internal/hooks/NewRound_DoCombat_helpers.go:796.3,796.56 1 0
github.com/GoMudEngine/GoMud/internal/hooks/NewRound_DoCombat_helpers.go:796.56,798.4 1 0
github.com/GoMudEngine/GoMud/internal/hooks/NewRound_DoCombat_helpers.go:799.3,799.9 1 0
github.com/GoMudEngine/GoMud/internal/hooks/NewRound_DoCombat_helpers.go:802.2,802.48 1 0
github.com/GoMudEngine/GoMud/internal/hooks/NewRound_DoCombat_helpers.go:802.48,805.3 2 0
github.com/GoMudEngine/GoMud/internal/hooks/NewRound_DoCombat_helpers.go:807.2,819.104 7 0
github.com/GoMudEngine/GoMud/internal/hooks/NewRound_DoCombat_helpers.go:819.104,821.19 2 0
github.com/GoMudEngine/GoMud/internal/hooks/NewRound_DoCombat_helpers.go:821.19,823.4 1 0
github.com/GoMudEngine/GoMud/internal/hooks/NewRound_DoCombat_helpers.go:824.3,825.41 2 0
github.com/GoMudEngine/GoMud/internal/hooks/NewRound_DoCombat_helpers.go:829.2,829.55 1 0
github.com/GoMudEngine/GoMud/internal/hooks/NewRound_DoCombat_helpers.go:829.55,830.118 1 0
github.com/GoMudEngine/GoMud/internal/hooks/NewRound_DoCombat_helpers.go:830.118,831.94 1 0
github.com/GoMudEngine/GoMud/internal/hooks/NewRound_DoCombat_helpers.go:831.94,833.21 2 0
github.com/GoMudEngine/GoMud/internal/hooks/NewRound_DoCombat_helpers.go:833.21,835.6 1 0
github.com/GoMudEngine/GoMud/internal/hooks/NewRound_DoCombat_helpers.go:836.5,837.43 2 0
github.com/GoMudEngine/GoMud/internal/hooks/NewRound_DoCombat_helpers.go:843.2,844.48 2 0
github.com/GoMudEngine/GoMud/internal/hooks/NewRound_DoCombat_helpers.go:844.48,846.3 1 0
github.com/GoMudEngine/GoMud/internal/hooks/NewRound_DoCombat_helpers.go:847.2,852.48 4 0
github.com/GoMudEngine/GoMud/internal/hooks/NewRound_DoCombat_helpers.go:852.48,854.3 1 0
github.com/GoMudEngine/GoMud/internal/hooks/NewRound_DoCombat_helpers.go:855.2,855.48 1 0
github.com/GoMudEngine/GoMud/internal/hooks/NewRound_DoCombat_helpers.go:855.48,857.3 1 0
github.com/GoMudEngine/GoMud/internal/hooks/NewRound_DoCombat_helpers.go:858.2,858.51 1 0
github.com/GoMudEngine/GoMud/internal/hooks/NewRound_DoCombat_helpers.go:858.51,860.3 1 0
github.com/GoMudEngine/GoMud/internal/hooks/NewRound_DoCombat_helpers.go:861.2,861.55 1 0
github.com/GoMudEngine/GoMud/internal/hooks/NewRound_DoCombat_helpers.go:861.55,863.3 1 0
github.com/GoMudEngine/GoMud/internal/hooks/NewRound_DoCombat_helpers.go:864.2,864.55 1 0
github.com/GoMudEngine/GoMud/internal/hooks/NewRound_DoCombat_helpers.go:864.55,866.3 1 0
github.com/GoMudEngine/GoMud/internal/hooks/NewRound_DoCombat_helpers.go:869.2,869.76 1 0
github.com/GoMudEngine/GoMud/internal/hooks/NewRound_DoCombat_helpers.go:869.76,873.3 2 0
github.com/GoMudEngine/GoMud/internal/hooks/NewRound_DoCombat_helpers.go:876.2,876.21 1 0
github.com/GoMudEngine/GoMud/internal/hooks/NewRound_DoCombat_helpers.go:876.21,878.3 1 0
github.com/GoMudEngine/GoMud/internal/hooks/NewRound_DoCombat_helpers.go:881.2,881.42 1 0
github.com/GoMudEngine/GoMud/internal/hooks/NewRound_DoCombat_helpers.go:881.42,883.3 1 0
github.com/GoMudEngine/GoMud/internal/hooks/NewRound_DoCombat_helpers.go:886.2,886.35 1 0
github.com/GoMudEngine/GoMud/internal/hooks/NewRound_DoCombat_helpers.go:886.35,888.55 2 0
github.com/GoMudEngine/GoMud/internal/hooks/NewRound_DoCombat_helpers.go:888.55,889.74 1 0
github.com/GoMudEngine/GoMud/internal/hooks/NewRound_DoCombat_helpers.go:889.74,890.51 1 0
github.com/GoMudEngine/GoMud/internal/hooks/NewRound_DoCombat_helpers.go:890.51,891.50 1 0
github.com/GoMudEngine/GoMud/internal/hooks/NewRound_DoCombat_helpers.go:891.50,893.65 2 0
github.com/GoMudEngine/GoMud/internal/hooks/NewRound_DoCombat_helpers.go:893.65,895.8 1 0
github.com/GoMudEngine/GoMud/internal/hooks/NewRound_DoCombat_helpers.go:896.7,896.12 1 0
github.com/GoMudEngine/GoMud/internal/hooks/NewRound_DoCombat_helpers.go:901.3,901.57 1 0
github.com/GoMudEngine/GoMud/internal/hooks/NewRound_DoCombat_helpers.go:904.2,904.64 1 0
github.com/GoMudEngine/GoMud/internal/hooks/NewRound_DoCombat_helpers.go:904.64,908.64 3 0
github.com/GoMudEngine/GoMud/internal/hooks/NewRound_DoCombat_helpers.go:908.64,910.4 1 0
github.com/GoMudEngine/GoMud/internal/hooks/NewRound_DoCombat_helpers.go:911.8,913.3 1 0
github.com/GoMudEngine/GoMud/internal/hooks/NewRound_DoCombat_helpers.go:915.2,915.12 1 0
github.com/GoMudEngine/GoMud/internal/hooks/NewRound_DoCombat_helpers.go:919.124,921.72 2 0
github.com/GoMudEngine/GoMud/internal/hooks/NewRound_DoCombat_helpers.go:921.72,924.3 2 0
github.com/GoMudEngine/GoMud/internal/hooks/NewRound_DoCombat_helpers.go:926.2,927.20 2 0
github.com/GoMudEngine/GoMud/internal/hooks/NewRound_DoCombat_helpers.go:927.20,930.3 2 0
github.com/GoMudEngine/GoMud/internal/hooks/NewRound_DoCombat_helpers.go:932.2,935.68 2 0
github.com/GoMudEngine/GoMud/internal/hooks/NewRound_DoCombat_helpers.go:935.68,937.3 1 0
github.com/GoMudEngine/GoMud/internal/hooks/NewRound_DoCombat_helpers.go:939.2,939.49 1 0
github.com/GoMudEngine/GoMud/internal/hooks/NewRound_DoCombat_helpers.go:939.49,941.3 1 0
github.com/GoMudEngine/GoMud/internal/hooks/NewRound_DoCombat_helpers.go:943.2,946.36 2 0
github.com/GoMudEngine/GoMud/internal/hooks/NewRound_DoCombat_helpers.go:946.36,948.3 1 0
github.com/GoMudEngine/GoMud/internal/hooks/NewRound_DoCombat_helpers.go:950.2,955.41 3 0
github.com/GoMudEngine/GoMud/internal/hooks/NewRound_DoCombat_helpers.go:955.41,957.3 1 0
github.com/GoMudEngine/GoMud/internal/hooks/NewRound_DoCombat_helpers.go:959.2,961.43 2 0
github.com/GoMudEngine/GoMud/internal/hooks/NewRound_DoCombat_helpers.go:961.43,967.52 4 0
github.com/GoMudEngine/GoMud/internal/hooks/NewRound_DoCombat_helpers.go:967.52,969.4 1 0
github.com/GoMudEngine/GoMud/internal/hooks/NewRound_DoCombat_helpers.go:970.3,970.56 1 0
github.com/GoMudEngine/GoMud/internal/hooks/NewRound_DoCombat_helpers.go:970.56,972.4 1 0
github.com/GoMudEngine/GoMud/internal/hooks/NewRound_DoCombat_helpers.go:973.3,973.56 1 0
github.com/GoMudEngine/GoMud/internal/hooks/NewRound_DoCombat_helpers.go:973.56,975.4 1 0
github.com/GoMudEngine/GoMud/internal/hooks/NewRound_DoCombat_helpers.go:976.3,976.9 1 0
github.com/GoMudEngine/GoMud/internal/hooks/NewRound_DoCombat_helpers.go:979.2,987.83 5 0
github.com/GoMudEngine/GoMud/internal/hooks/NewRound_DoCombat_helpers.go:987.83,989.47 2 0
github.com/GoMudEngine/GoMud/internal/hooks/NewRound_DoCombat_helpers.go:989.47,992.4 2 0
github.com/GoMudEngine/GoMud/internal/hooks/NewRound_DoCombat_helpers.go:996.2,996.55 1 0
github.com/GoMudEngine/GoMud/internal/hooks/NewRound_DoCombat_helpers.go:996.55,997.115 1 0
github.com/GoMudEngine/GoMud/internal/hooks/NewRound_DoCombat_helpers.go:997.115,998.93 1 0
github.com/GoMudEngine/GoMud/internal/hooks/NewRound_DoCombat_helpers.go:998.93,1000.21 2 0
github.com/GoMudEngine/GoMud/internal/hooks/NewRound_DoCombat_helpers.go:1000.21,1002.6 1 0
github.com/GoMudEngine/GoMud/internal/hooks/NewRound_DoCombat_helpers.go:1003.5,1004.43 2 0
github.com/GoMudEngine/GoMud/internal/hooks/NewRound_DoCombat_helpers.go:1010.2,1011.47 2 0
github.com/GoMudEngine/GoMud/internal/hooks/NewRound_DoCombat_helpers.go:1011.47,1013.3 1 0
github.com/GoMudEngine/GoMud/internal/hooks/NewRound_DoCombat_helpers.go:1014.2,1018.28 3 0
github.com/GoMudEngine/GoMud/internal/hooks/NewRound_DoCombat_helpers.go:1018.28,1021.3 2 0
github.com/GoMudEngine/GoMud/internal/hooks/NewRound_DoCombat_helpers.go:1022.2,1022.30 1 0
github.com/GoMudEngine/GoMud/internal/hooks/NewRound_DoCombat_helpers.go:1022.30,1031.3 3 0
github.com/GoMudEngine/GoMud/internal/hooks/NewRound_DoCombat_helpers.go:1034.2,1038.48 4 0
github.com/GoMudEngine/GoMud/internal/hooks/NewRound_DoCombat_helpers.go:1038.48,1040.3 1 0
github.com/GoMudEngine/GoMud/internal/hooks/NewRound_DoCombat_helpers.go:1041.2,1041.48 1 0
github.com/GoMudEngine/GoMud/internal/hooks/NewRound_DoCombat_helpers.go:1041.48,1043.3 1 0
github.com/GoMudEngine/GoMud/internal/hooks/NewRound_DoCombat_helpers.go:1044.2,1044.51 1 0
github.com/GoMudEngine/GoMud/internal/hooks/NewRound_DoCombat_helpers.go:1044.51,1046.3 1 0
github.com/GoMudEngine/GoMud/internal/hooks/NewRound_DoCombat_helpers.go:1047.2,1047.55 1 0
github.com/GoMudEngine/GoMud/internal/hooks/NewRound_DoCombat_helpers.go:1047.55,1049.3 1 0
github.com/GoMudEngine/GoMud/internal/hooks/NewRound_DoCombat_helpers.go:1050.2,1050.55 1 0
github.com/GoMudEngine/GoMud/internal/hooks/NewRound_DoCombat_helpers.go:1050.55,1052.3 1 0
github.com/GoMudEngine/GoMud/internal/hooks/NewRound_DoCombat_helpers.go:1054.2,1059.62 4 0
github.com/GoMudEngine/GoMud/internal/hooks/NewRound_DoCombat_helpers.go:1059.62,1060.65 1 0
github.com/GoMudEngine/GoMud/internal/hooks/NewRound_DoCombat_helpers.go:1060.65,1062.4 1 0
github.com/GoMudEngine/GoMud/internal/hooks/NewRound_DoCombat_helpers.go:1064.2,1064.63 1 0
github.com/GoMudEngine/GoMud/internal/hooks/NewRound_DoCombat_helpers.go:1064.63,1065.66 1 0
github.com/GoMudEngine/GoMud/internal/hooks/NewRound_DoCombat_helpers.go:1065.66,1067.4 1 0
github.com/GoMudEngine/GoMud/internal/hooks/NewRound_DoCombat_helpers.go:1069.2,1069.21 1 0
github.com/GoMudEngine/GoMud/internal/hooks/NewRound_DoCombat_helpers.go:1069.21,1072.23 3 0
github.com/GoMudEngine/GoMud/internal/hooks/NewRound_DoCombat_helpers.go:1072.23,1074.4 1 0
github.com/GoMudEngine/GoMud/internal/hooks/NewRound_DoCombat_helpers.go:1075.8,1075.31 1 0
github.com/GoMudEngine/GoMud/internal/hooks/NewRound_DoCombat_helpers.go:1075.31,1078.3 2 0
github.com/GoMudEngine/GoMud/internal/hooks/NewRound_DoCombat_helpers.go:1080.2,1080.64 1 0
github.com/GoMudEngine/GoMud/internal/hooks/NewRound_DoCombat_helpers.go:1080.64,1083.3 2 0
github.com/GoMudEngine/GoMud/internal/hooks/NewRound_DoCombat_helpers.go:1083.8,1085.3 1 0
github.com/GoMudEngine/GoMud/internal/hooks/NewRound_DoCombat_helpers.go:1089.109,1094.70 3 0
github.com/GoMudEngine/GoMud/internal/hooks/NewRound_DoCombat_helpers.go:1094.70,1097.3 2 0
github.com/GoMudEngine/GoMud/internal/hooks/NewRound_DoCombat_helpers.go:1099.2,1100.20 2 0
github.com/GoMudEngine/GoMud/internal/hooks/NewRound_DoCombat_helpers.go:1100.20,1103.3 2 0
github.com/GoMudEngine/GoMud/internal/hooks/NewRound_DoCombat_helpers.go:1105.2,1107.33 2 0
github.com/GoMudEngine/GoMud/internal/hooks/NewRound_DoCombat_helpers.go:1107.33,1110.3 2 0
github.com/GoMudEngine/GoMud/internal/hooks/NewRound_DoCombat_helpers.go:1112.2,1112.43 1 0
github.com/GoMudEngine/GoMud/internal/hooks/NewRound_DoCombat_helpers.go:1112.43,1118.56 4 0
github.com/GoMudEngine/GoMud/internal/hooks/NewRound_DoCombat_helpers.go:1118.56,1120.4 1 0
github.com/GoMudEngine/GoMud/internal/hooks/NewRound_DoCombat_helpers.go:1121.3,1121.56 1 0
github.com/GoMudEngine/GoMud/internal/hooks/NewRound_DoCombat_helpers.go:1121.56,1123.4 1 0
github.com/GoMudEngine/GoMud/internal/hooks/NewRound_DoCombat_helpers.go:1124.3,1124.9 1 0
github.com/GoMudEngine/GoMud/internal/hooks/NewRound_DoCombat_helpers.go:1127.2,1127.48 1 0
github.com/GoMudEngine/GoMud/internal/hooks/NewRound_DoCombat_helpers.go:1127.48,1129.3 1 0
github.com/GoMudEngine/GoMud/internal/hooks/NewRound_DoCombat_helpers.go:1131.2,1137.55 4 0
github.com/GoMudEngine/GoMud/internal/hooks/NewRound_DoCombat_helpers.go:1137.55,1138.115 1 0
github.com/GoMudEngine/GoMud/internal/hooks/NewRound_DoCombat_helpers.go:1138.115,1139.93 1 0
github.com/GoMudEngine/GoMud/internal/hooks/NewRound_DoCombat_helpers.go:1139.93,1141.21 2 0
github.com/GoMudEngine/GoMud/internal/hooks/NewRound_DoCombat_helpers.go:1141.21,1143.6 1 0
github.com/GoMudEngine/GoMud/internal/hooks/NewRound_DoCombat_helpers.go:1144.5,1145.43 2 0
github.com/GoMudEngine/GoMud/internal/hooks/NewRound_DoCombat_helpers.go:1151.2,1152.47 2 0
github.com/GoMudEngine/GoMud/internal/hooks/NewRound_DoCombat_helpers.go:1152.47,1154.3 1 0
github.com/GoMudEngine/GoMud/internal/hooks/NewRound_DoCombat_helpers.go:1155.2,1157.48 2 0
github.com/GoMudEngine/GoMud/internal/hooks/NewRound_DoCombat_helpers.go:1157.48,1159.3 1 0
github.com/GoMudEngine/GoMud/internal/hooks/NewRound_DoCombat_helpers.go:1160.2,1160.48 1 0
github.com/GoMudEngine/GoMud/internal/hooks/NewRound_DoCombat_helpers.go:1160.48,1162.3 1 0
github.com/GoMudEngine/GoMud/internal/hooks/NewRound_DoCombat_helpers.go:1163.2,1163.55 1 0
github.com/GoMudEngine/GoMud/internal/hooks/NewRound_DoCombat_helpers.go:1163.55,1165.3 1 0
github.com/GoMudEngine/GoMud/internal/hooks/NewRound_DoCombat_helpers.go:1166.2,1166.55 1 0
github.com/GoMudEngine/GoMud/internal/hooks/NewRound_DoCombat_helpers.go:1166.55,1168.3 1 0
github.com/GoMudEngine/GoMud/internal/hooks/NewRound_DoCombat_helpers.go:1171.2,1171.21 1 0
github.com/GoMudEngine/GoMud/internal/hooks/NewRound_DoCombat_helpers.go:1171.21,1173.3 1 0
github.com/GoMudEngine/GoMud/internal/hooks/NewRound_DoCombat_helpers.go:1176.2,1176.35 1 0
github.com/GoMudEngine/GoMud/internal/hooks/NewRound_DoCombat_helpers.go:1176.35,1182.3 3 0
github.com/GoMudEngine/GoMud/internal/hooks/NewRound_DoCombat_helpers.go:1184.2,1189.21 4 0
github.com/GoMudEngine/GoMud/internal/hooks/NewRound_DoCombat_helpers.go:1189.21,1192.3 2 0
github.com/GoMudEngine/GoMud/internal/hooks/NewRound_DoCombat_helpers.go:1194.2,1194.63 1 0
github.com/GoMudEngine/GoMud/internal/hooks/NewRound_DoCombat_helpers.go:1194.63,1197.3 2 0
github.com/GoMudEngine/GoMud/internal/hooks/NewRound_DoCombat_helpers.go:1197.8,1199.3 1 0
github.com/GoMudEngine/GoMud/internal/hooks/NewRound_HandleRespawns.go:12.59,14.53 1 1
github.com/GoMudEngine/GoMud/internal/hooks/NewRound_HandleRespawns.go:14.53,18.18 2 1
github.com/GoMudEngine/GoMud/internal/hooks/NewRound_HandleRespawns.go:18.18,19.12 1 0
github.com/GoMudEngine/GoMud/internal/hooks/NewRound_HandleRespawns.go:22.3,22.22 1 1
github.com/GoMudEngine/GoMud/internal/hooks/NewRound_HandleRespawns.go:25.2,25.24 1 1
github.com/GoMudEngine/GoMud/internal/hooks/NewRound_IdleMobs.go:22.53,31.25 5 1
github.com/GoMudEngine/GoMud/internal/hooks/NewRound_IdleMobs.go:31.25,33.3 1 0
github.com/GoMudEngine/GoMud/internal/hooks/NewRound_IdleMobs.go:36.2,37.40 2 1
github.com/GoMudEngine/GoMud/internal/hooks/NewRound_IdleMobs.go:37.40,40.17 2 1
github.com/GoMudEngine/GoMud/internal/hooks/NewRound_IdleMobs.go:40.17,42.12 2 0
github.com/GoMudEngine/GoMud/internal/hooks/NewRound_IdleMobs.go:45.3,45.62 1 1
github.com/GoMudEngine/GoMud/internal/hooks/NewRound_IdleMobs.go:45.62,47.22 1 0
github.com/GoMudEngine/GoMud/internal/hooks/NewRound_IdleMobs.go:47.22,51.5 2 0
github.com/GoMudEngine/GoMud/internal/hooks/NewRound_IdleMobs.go:51.10,53.5 1 0
github.com/GoMudEngine/GoMud/internal/hooks/NewRound_IdleMobs.go:55.4,55.12 1 0
github.com/GoMudEngine/GoMud/internal/hooks/NewRound_IdleMobs.go:59.3,59.22 1 1
github.com/GoMudEngine/GoMud/internal/hooks/NewRound_IdleMobs.go:59.22,61.12 2 0
github.com/GoMudEngine/GoMud/internal/hooks/NewRound_IdleMobs.go:66.3,66.33 1 1
github.com/GoMudEngine/GoMud/internal/hooks/NewRound_IdleMobs.go:66.33,67.38 1 0
github.com/GoMudEngine/GoMud/internal/hooks/NewRound_IdleMobs.go:67.38,69.69 2 0
github.com/GoMudEngine/GoMud/internal/hooks/NewRound_IdleMobs.go:69.69,72.6 2 0
github.com/GoMudEngine/GoMud/internal/hooks/NewRound_IdleMobs.go:74.4,74.12 1 0
github.com/GoMudEngine/GoMud/internal/hooks/NewRound_IdleMobs.go:77.3,77.27 1 1
github.com/GoMudEngine/GoMud/internal/hooks/NewRound_IdleMobs.go:77.27,79.12 2 0
github.com/GoMudEngine/GoMud/internal/hooks/NewRound_IdleMobs.go:84.3,84.82 1 1
github.com/GoMudEngine/GoMud/internal/hooks/NewRound_IdleMobs.go:84.82,86.26 1 0
github.com/GoMudEngine/GoMud/internal/hooks/NewRound_IdleMobs.go:86.26,88.147 1 0
github.com/GoMudEngine/GoMud/internal/hooks/NewRound_IdleMobs.go:88.147,90.14 2 0
github.com/GoMudEngine/GoMud/internal/hooks/NewRound_IdleMobs.go:93.10,97.53 1 0
github.com/GoMudEngine/GoMud/internal/hooks/NewRound_IdleMobs.go:97.53,100.32 2 0
github.com/GoMudEngine/GoMud/internal/hooks/NewRound_IdleMobs.go:100.32,102.43 2 0
github.com/GoMudEngine/GoMud/internal/hooks/NewRound_IdleMobs.go:102.43,104.8 1 0
github.com/GoMudEngine/GoMud/internal/hooks/NewRound_IdleMobs.go:105.7,106.15 2 0
github.com/GoMudEngine/GoMud/internal/hooks/NewRound_IdleMobs.go:110.6,112.14 2 0
github.com/GoMudEngine/GoMud/internal/hooks/NewRound_IdleMobs.go:116.4,116.52 1 0
github.com/GoMudEngine/GoMud/internal/hooks/NewRound_IdleMobs.go:116.52,118.66 1 0
github.com/GoMudEngine/GoMud/internal/hooks/NewRound_IdleMobs.go:118.66,119.61 1 0
github.com/GoMudEngine/GoMud/internal/hooks/NewRound_IdleMobs.go:119.61,120.47 1 0
github.com/GoMudEngine/GoMud/internal/hooks/NewRound_IdleMobs.go:120.47,122.16 2 0
github.com/GoMudEngine/GoMud/internal/hooks/NewRound_IdleMobs.go:129.4,131.144 2 0
github.com/GoMudEngine/GoMud/internal/hooks/NewRound_IdleMobs.go:131.144,132.13 1 0
github.com/GoMudEngine/GoMud/internal/hooks/NewRound_IdleMobs.go:135.4,135.46 1 0
github.com/GoMudEngine/GoMud/internal/hooks/NewRound_IdleMobs.go:135.46,137.5 1 0
github.com/GoMudEngine/GoMud/internal/hooks/NewRound_IdleMobs.go:141.3,141.58 1 1
github.com/GoMudEngine/GoMud/internal/hooks/NewRound_IdleMobs.go:145.2,147.24 2 1
github.com/GoMudEngine/GoMud/internal/hooks/NewRound_InactivePlayers.go:14.60,21.24 4 1
github.com/GoMudEngine/GoMud/internal/hooks/NewRound_InactivePlayers.go:21.24,23.3 1 1
github.com/GoMudEngine/GoMud/internal/hooks/NewRound_InactivePlayers.go:25.2,25.45 1 0
github.com/GoMudEngine/GoMud/internal/hooks/NewRound_InactivePlayers.go:25.45,27.3 1 0
github.com/GoMudEngine/GoMud/internal/hooks/NewRound_InactivePlayers.go:29.2,33.49 3 0
github.com/GoMudEngine/GoMud/internal/hooks/NewRound_InactivePlayers.go:33.49,36.47 1 0
github.com/GoMudEngine/GoMud/internal/hooks/NewRound_InactivePlayers.go:36.47,37.12 1 0
github.com/GoMudEngine/GoMud/internal/hooks/NewRound_InactivePlayers.go:40.3,42.14 2 0
github.com/GoMudEngine/GoMud/internal/hooks/NewRound_InactivePlayers.go:42.14,43.12 1 0
github.com/GoMudEngine/GoMud/internal/hooks/NewRound_InactivePlayers.go:46.3,46.26 1 0
github.com/GoMudEngine/GoMud/internal/hooks/NewRound_InactivePlayers.go:46.26,48.4 1 0
github.com/GoMudEngine/GoMud/internal/hooks/NewRound_InactivePlayers.go:50.3,50.23 1 0
github.com/GoMudEngine/GoMud/internal/hooks/NewRound_InactivePlayers.go:50.23,56.4 1 0
github.com/GoMudEngine/GoMud/internal/hooks/NewRound_InactivePlayers.go:60.2,60.24 1 0
github.com/GoMudEngine/GoMud/internal/hooks/NewRound_MobRoundTick.go:20.57,25.54 3 1
github.com/GoMudEngine/GoMud/internal/hooks/NewRound_MobRoundTick.go:25.54,26.61 1 1
github.com/GoMudEngine/GoMud/internal/hooks/NewRound_MobRoundTick.go:26.61,27.58 1 1
github.com/GoMudEngine/GoMud/internal/hooks/NewRound_MobRoundTick.go:27.58,28.53 1 1
github.com/GoMudEngine/GoMud/internal/hooks/NewRound_MobRoundTick.go:28.53,30.6 1 0
github.com/GoMudEngine/GoMud/internal/hooks/NewRound_MobRoundTick.go:38.2,41.48 2 1
github.com/GoMudEngine/GoMud/internal/hooks/NewRound_MobRoundTick.go:41.48,43.23 2 0
github.com/GoMudEngine/GoMud/internal/hooks/NewRound_MobRoundTick.go:43.23,45.4 1 0
github.com/GoMudEngine/GoMud/internal/hooks/NewRound_MobRoundTick.go:46.3,46.31 1 0
github.com/GoMudEngine/GoMud/internal/hooks/NewRound_MobRoundTick.go:46.31,47.73 1 0
github.com/GoMudEngine/GoMud/internal/hooks/NewRound_MobRoundTick.go:47.73,50.55 3 0
github.com/GoMudEngine/GoMud/internal/hooks/NewRound_MobRoundTick.go:50.55,52.6 1 0
github.com/GoMudEngine/GoMud/internal/hooks/NewRound_MobRoundTick.go:53.5,53.71 1 0
github.com/GoMudEngine/GoMud/internal/hooks/NewRound_MobRoundTick.go:53.71,57.6 1 0
github.com/GoMudEngine/GoMud/internal/hooks/NewRound_MobRoundTick.go:58.5,66.7 1 0
github.com/GoMudEngine/GoMud/internal/hooks/NewRound_MobRoundTick.go:74.2,75.60 2 1
github.com/GoMudEngine/GoMud/internal/hooks/NewRound_MobRoundTick.go:75.60,79.17 2 1
github.com/GoMudEngine/GoMud/internal/hooks/NewRound_MobRoundTick.go:79.17,80.12 1 0
github.com/GoMudEngine/GoMud/internal/hooks/NewRound_MobRoundTick.go:84.3,87.113 2 1
github.com/GoMudEngine/GoMud/internal/hooks/NewRound_MobRoundTick.go:87.113,89.65 1 0
github.com/GoMudEngine/GoMud/internal/hooks/NewRound_MobRoundTick.go:89.65,91.16 2 0
github.com/GoMudEngine/GoMud/internal/hooks/NewRound_MobRoundTick.go:91.16,93.6 1 0
github.com/GoMudEngine/GoMud/internal/hooks/NewRound_MobRoundTick.go:93.11,95.6 1 0
github.com/GoMudEngine/GoMud/internal/hooks/NewRound_MobRoundTick.go:99.3,99.80 1 1
github.com/GoMudEngine/GoMud/internal/hooks/NewRound_MobRoundTick.go:99.80,101.4 1 1
github.com/GoMudEngine/GoMud/internal/hooks/NewRound_MobRoundTick.go:103.3,103.79 1 1
github.com/GoMudEngine/GoMud/internal/hooks/NewRound_MobRoundTick.go:103.79,109.40 2 0
github.com/GoMudEngine/GoMud/internal/hooks/NewRound_MobRoundTick.go:109.40,112.5 2 0
github.com/GoMudEngine/GoMud/internal/hooks/NewRound_MobRoundTick.go:114.4,114.101 1 0
github.com/GoMudEngine/GoMud/internal/hooks/NewRound_MobRoundTick.go:118.3,118.64 1 1
github.com/GoMudEngine/GoMud/internal/hooks/NewRound_MobRoundTick.go:118.64,121.31 3 0
github.com/GoMudEngine/GoMud/internal/hooks/NewRound_MobRoundTick.go:121.31,126.52 4 0
github.com/GoMudEngine/GoMud/internal/hooks/NewRound_MobRoundTick.go:126.52,128.20 2 0
github.com/GoMudEngine/GoMud/internal/hooks/NewRound_MobRoundTick.go:128.20,130.64 2 0
github.com/GoMudEngine/GoMud/internal/hooks/NewRound_MobRoundTick.go:130.64,131.42 1 0
github.com/GoMudEngine/GoMud/internal/hooks/NewRound_MobRoundTick.go:131.42,133.9 1 0
github.com/GoMudEngine/GoMud/internal/hooks/NewRound_MobRoundTick.go:134.8,135.61 2 0
github.com/GoMudEngine/GoMud/internal/hooks/NewRound_MobRoundTick.go:135.61,136.70 1 0
github.com/GoMudEngine/GoMud/internal/hooks/NewRound_MobRoundTick.go:136.70,140.10 1 0
github.com/GoMudEngine/GoMud/internal/hooks/NewRound_MobRoundTick.go:142.9,143.29 2 0
github.com/GoMudEngine/GoMud/internal/hooks/NewRound_MobRoundTick.go:143.29,145.10 1 0
github.com/GoMudEngine/GoMud/internal/hooks/NewRound_MobRoundTick.go:145.15,145.36 1 0
github.com/GoMudEngine/GoMud/internal/hooks/NewRound_MobRoundTick.go:145.36,147.10 1 0
github.com/GoMudEngine/GoMud/internal/hooks/NewRound_MobRoundTick.go:148.9,150.59 3 0
github.com/GoMudEngine/GoMud/internal/hooks/NewRound_MobRoundTick.go:150.59,152.10 1 0
github.com/GoMudEngine/GoMud/internal/hooks/NewRound_MobRoundTick.go:153.9,161.11 1 0
github.com/GoMudEngine/GoMud/internal/hooks/NewRound_MobRoundTick.go:164.12,164.26 1 0
github.com/GoMudEngine/GoMud/internal/hooks/NewRound_MobRoundTick.go:164.26,165.81 1 0
github.com/GoMudEngine/GoMud/internal/hooks/NewRound_MobRoundTick.go:165.81,168.61 3 0
github.com/GoMudEngine/GoMud/internal/hooks/NewRound_MobRoundTick.go:168.61,169.70 1 0
github.com/GoMudEngine/GoMud/internal/hooks/NewRound_MobRoundTick.go:169.70,173.10 1 0
github.com/GoMudEngine/GoMud/internal/hooks/NewRound_MobRoundTick.go:175.9,176.29 2 0
github.com/GoMudEngine/GoMud/internal/hooks/NewRound_MobRoundTick.go:176.29,178.10 1 0
github.com/GoMudEngine/GoMud/internal/hooks/NewRound_MobRoundTick.go:179.9,179.49 1 0
github.com/GoMudEngine/GoMud/internal/hooks/NewRound_MobRoundTick.go:179.49,180.38 1 0
github.com/GoMudEngine/GoMud/internal/hooks/NewRound_MobRoundTick.go:180.38,182.11 1 0
github.com/GoMudEngine/GoMud/internal/hooks/NewRound_MobRoundTick.go:184.9,186.59 3 0
github.com/GoMudEngine/GoMud/internal/hooks/NewRound_MobRoundTick.go:186.59,188.10 1 0
github.com/GoMudEngine/GoMud/internal/hooks/NewRound_MobRoundTick.go:189.9,197.11 1 0
github.com/GoMudEngine/GoMud/internal/hooks/NewRound_MobRoundTick.go:206.3,206.78 1 1
github.com/GoMudEngine/GoMud/internal/hooks/NewRound_MobRoundTick.go:206.78,208.71 2 0
github.com/GoMudEngine/GoMud/internal/hooks/NewRound_MobRoundTick.go:208.71,209.76 1 0
github.com/GoMudEngine/GoMud/internal/hooks/NewRound_MobRoundTick.go:209.76,211.6 1 0
github.com/GoMudEngine/GoMud/internal/hooks/NewRound_MobRoundTick.go:213.4,213.17 1 0
github.com/GoMudEngine/GoMud/internal/hooks/NewRound_MobRoundTick.go:213.17,215.30 2 0
github.com/GoMudEngine/GoMud/internal/hooks/NewRound_MobRoundTick.go:215.30,217.22 2 0
github.com/GoMudEngine/GoMud/internal/hooks/NewRound_MobRoundTick.go:217.22,219.7 1 0
github.com/GoMudEngine/GoMud/internal/hooks/NewRound_MobRoundTick.go:225.3,230.32 3 1
github.com/GoMudEngine/GoMud/internal/hooks/NewRound_MobRoundTick.go:230.32,233.4 1 0
github.com/GoMudEngine/GoMud/internal/hooks/NewRound_MobRoundTick.go:237.2,237.24 1 1
github.com/GoMudEngine/GoMud/internal/hooks/NewRound_PruneVMs.go:12.53,14.46 1 1
github.com/GoMudEngine/GoMud/internal/hooks/NewRound_PruneVMs.go:14.46,16.3 1 1
github.com/GoMudEngine/GoMud/internal/hooks/NewRound_PruneVMs.go:18.2,18.24 1 1
github.com/GoMudEngine/GoMud/internal/hooks/NewRound_SpawnLootGoblin.go:10.60,19.19 3 1
github.com/GoMudEngine/GoMud/internal/hooks/NewRound_SpawnLootGoblin.go:19.19,20.48 1 0
github.com/GoMudEngine/GoMud/internal/hooks/NewRound_SpawnLootGoblin.go:20.48,21.58 1 0
github.com/GoMudEngine/GoMud/internal/hooks/NewRound_SpawnLootGoblin.go:21.58,24.5 2 0
github.com/GoMudEngine/GoMud/internal/hooks/NewRound_SpawnLootGoblin.go:28.2,28.24 1 1
github.com/GoMudEngine/GoMud/internal/hooks/NewRound_UpdateZoneMutators.go:12.63,17.37 3 1
github.com/GoMudEngine/GoMud/internal/hooks/NewRound_UpdateZoneMutators.go:17.37,18.65 1 0
github.com/GoMudEngine/GoMud/internal/hooks/NewRound_UpdateZoneMutators.go:18.65,20.4 1 0
github.com/GoMudEngine/GoMud/internal/hooks/NewRound_UpdateZoneMutators.go:23.2,23.24 1 1
github.com/GoMudEngine/GoMud/internal/hooks/NewRound_UserRoundTick.go:27.58,30.42 2 1
github.com/GoMudEngine/GoMud/internal/hooks/NewRound_UserRoundTick.go:30.42,32.50 1 1
github.com/GoMudEngine/GoMud/internal/hooks/NewRound_UserRoundTick.go:32.50,36.70 3 1
github.com/GoMudEngine/GoMud/internal/hooks/NewRound_UserRoundTick.go:36.70,37.16 1 0
github.com/GoMudEngine/GoMud/internal/hooks/NewRound_UserRoundTick.go:37.16,39.6 1 0
github.com/GoMudEngine/GoMud/internal/hooks/NewRound_UserRoundTick.go:42.4,42.25 1 1
github.com/GoMudEngine/GoMud/internal/hooks/NewRound_UserRoundTick.go:42.25,45.26 2 1
github.com/GoMudEngine/GoMud/internal/hooks/NewRound_UserRoundTick.go:45.26,47.6 1 0
github.com/GoMudEngine/GoMud/internal/hooks/NewRound_UserRoundTick.go:49.5,51.35 2 1
github.com/GoMudEngine/GoMud/internal/hooks/NewRound_UserRoundTick.go:51.35,53.6 1 0
github.com/GoMudEngine/GoMud/internal/hooks/NewRound_UserRoundTick.go:53.11,54.61 1 1
github.com/GoMudEngine/GoMud/internal/hooks/NewRound_UserRoundTick.go:54.61,55.37 1 1
github.com/GoMudEngine/GoMud/internal/hooks/NewRound_UserRoundTick.go:55.37,57.8 1 0
github.com/GoMudEngine/GoMud/internal/hooks/NewRound_UserRoundTick.go:61.5,62.54 2 1
github.com/GoMudEngine/GoMud/internal/hooks/NewRound_UserRoundTick.go:62.54,64.68 1 0
github.com/GoMudEngine/GoMud/internal/hooks/NewRound_UserRoundTick.go:64.68,66.66 2 0
github.com/GoMudEngine/GoMud/internal/hooks/NewRound_UserRoundTick.go:66.66,69.8 2 0
github.com/GoMudEngine/GoMud/internal/hooks/NewRound_UserRoundTick.go:72.6,72.23 1 0
github.com/GoMudEngine/GoMud/internal/hooks/NewRound_UserRoundTick.go:72.23,78.65 2 0
github.com/GoMudEngine/GoMud/internal/hooks/NewRound_UserRoundTick.go:78.65,83.21 3 0
github.com/GoMudEngine/GoMud/internal/hooks/NewRound_UserRoundTick.go:83.21,85.9 1 0
github.com/GoMudEngine/GoMud/internal/hooks/NewRound_UserRoundTick.go:93.4,93.42 1 1
github.com/GoMudEngine/GoMud/internal/hooks/NewRound_UserRoundTick.go:93.42,96.20 2 1
github.com/GoMudEngine/GoMud/internal/hooks/NewRound_UserRoundTick.go:96.20,97.14 1 0
github.com/GoMudEngine/GoMud/internal/hooks/NewRound_UserRoundTick.go:100.5,100.46 1 1
github.com/GoMudEngine/GoMud/internal/hooks/NewRound_UserRoundTick.go:100.46,102.6 1 0
github.com/GoMudEngine/GoMud/internal/hooks/NewRound_UserRoundTick.go:105.5,108.117 2 1
github.com/GoMudEngine/GoMud/internal/hooks/NewRound_UserRoundTick.go:108.117,109.17 1 0
github.com/GoMudEngine/GoMud/internal/hooks/NewRound_UserRoundTick.go:109.17,111.69 2 0
github.com/GoMudEngine/GoMud/internal/hooks/NewRound_UserRoundTick.go:111.69,113.8 1 0
github.com/GoMudEngine/GoMud/internal/hooks/NewRound_UserRoundTick.go:114.12,116.69 2 0
github.com/GoMudEngine/GoMud/internal/hooks/NewRound_UserRoundTick.go:116.69,118.8 1 0
github.com/GoMudEngine/GoMud/internal/hooks/NewRound_UserRoundTick.go:122.5,122.84 1 1
github.com/GoMudEngine/GoMud/internal/hooks/NewRound_UserRoundTick.go:122.84,124.6 1 1
github.com/GoMudEngine/GoMud/internal/hooks/NewRound_UserRoundTick.go:126.5,126.82 1 1
github.com/GoMudEngine/GoMud/internal/hooks/NewRound_UserRoundTick.go:126.82,132.42 2 0
github.com/GoMudEngine/GoMud/internal/hooks/NewRound_UserRoundTick.go:132.42,134.25 1 0
github.com/GoMudEngine/GoMud/internal/hooks/NewRound_UserRoundTick.go:134.25,136.16 2 0
github.com/GoMudEngine/GoMud/internal/hooks/NewRound_UserRoundTick.go:139.7,141.96 2 0
github.com/GoMudEngine/GoMud/internal/hooks/NewRound_UserRoundTick.go:141.96,143.8 1 0
github.com/GoMudEngine/GoMud/internal/hooks/NewRound_UserRoundTick.go:147.6,147.94 1 0
github.com/GoMudEngine/GoMud/internal/hooks/NewRound_UserRoundTick.go:151.5,155.36 2 1
github.com/GoMudEngine/GoMud/internal/hooks/NewRound_UserRoundTick.go:155.36,159.33 4 0
github.com/GoMudEngine/GoMud/internal/hooks/NewRound_UserRoundTick.go:159.33,163.57 3 0
github.com/GoMudEngine/GoMud/internal/hooks/NewRound_UserRoundTick.go:163.57,165.8 1 0
github.com/GoMudEngine/GoMud/internal/hooks/NewRound_UserRoundTick.go:166.7,171.55 4 0
github.com/GoMudEngine/GoMud/internal/hooks/NewRound_UserRoundTick.go:171.55,173.22 2 0
github.com/GoMudEngine/GoMud/internal/hooks/NewRound_UserRoundTick.go:173.22,175.26 2 0
github.com/GoMudEngine/GoMud/internal/hooks/NewRound_UserRoundTick.go:175.26,177.45 2 0
github.com/GoMudEngine/GoMud/internal/hooks/NewRound_UserRoundTick.go:177.45,179.11 1 0
github.com/GoMudEngine/GoMud/internal/hooks/NewRound_UserRoundTick.go:180.10,182.25 3 0
github.com/GoMudEngine/GoMud/internal/hooks/NewRound_UserRoundTick.go:182.25,187.11 2 0
github.com/GoMudEngine/GoMud/internal/hooks/NewRound_UserRoundTick.go:189.14,189.28 1 0
github.com/GoMudEngine/GoMud/internal/hooks/NewRound_UserRoundTick.go:189.28,191.24 2 0
github.com/GoMudEngine/GoMud/internal/hooks/NewRound_UserRoundTick.go:191.24,194.63 3 0
github.com/GoMudEngine/GoMud/internal/hooks/NewRound_UserRoundTick.go:194.63,196.51 2 0
github.com/GoMudEngine/GoMud/internal/hooks/NewRound_UserRoundTick.go:196.51,198.12 1 0
github.com/GoMudEngine/GoMud/internal/hooks/NewRound_UserRoundTick.go:199.11,201.33 1 0
github.com/GoMudEngine/GoMud/internal/hooks/NewRound_UserRoundTick.go:210.5,210.44 1 1
github.com/GoMudEngine/GoMud/internal/hooks/NewRound_UserRoundTick.go:210.44,211.37 1 0
github.com/GoMudEngine/GoMud/internal/hooks/NewRound_UserRoundTick.go:211.37,214.7 2 0
github.com/GoMudEngine/GoMud/internal/hooks/NewRound_UserRoundTick.go:214.12,217.45 3 0
github.com/GoMudEngine/GoMud/internal/hooks/NewRound_UserRoundTick.go:217.45,221.8 1 0
github.com/GoMudEngine/GoMud/internal/hooks/NewRound_UserRoundTick.go:221.13,224.25 3 0
github.com/GoMudEngine/GoMud/internal/hooks/NewRound_UserRoundTick.go:224.25,229.26 5 0
github.com/GoMudEngine/GoMud/internal/hooks/NewRound_UserRoundTick.go:229.26,232.49 2 0
github.com/GoMudEngine/GoMud/internal/hooks/NewRound_UserRoundTick.go:232.49,235.20 2 0
github.com/GoMudEngine/GoMud/internal/hooks/NewRound_UserRoundTick.go:235.20,238.27 3 0
github.com/GoMudEngine/GoMud/internal/hooks/NewRound_UserRoundTick.go:238.27,244.13 5 0
github.com/GoMudEngine/GoMud/internal/hooks/NewRound_UserRoundTick.go:246.16,251.11 3 0
github.com/GoMudEngine/GoMud/internal/hooks/NewRound_UserRoundTick.go:252.10,260.46 6 0
github.com/GoMudEngine/GoMud/internal/hooks/NewRound_UserRoundTick.go:260.46,264.32 2 0
github.com/GoMudEngine/GoMud/internal/hooks/NewRound_UserRoundTick.go:264.32,266.48 2 0
github.com/GoMudEngine/GoMud/internal/hooks/NewRound_UserRoundTick.go:266.48,267.72 1 0
github.com/GoMudEngine/GoMud/internal/hooks/NewRound_UserRoundTick.go:267.72,270.14 1 0
github.com/GoMudEngine/GoMud/internal/hooks/NewRound_UserRoundTick.go:274.15,277.10 2 0
github.com/GoMudEngine/GoMud/internal/hooks/NewRound_UserRoundTick.go:284.5,284.71 1 1
github.com/GoMudEngine/GoMud/internal/hooks/NewRound_UserRoundTick.go:284.71,285.44 1 0
github.com/GoMudEngine/GoMud/internal/hooks/NewRound_UserRoundTick.go:285.44,286.15 1 0
github.com/GoMudEngine/GoMud/internal/hooks/NewRound_UserRoundTick.go:288.6,291.21 3 0
github.com/GoMudEngine/GoMud/internal/hooks/NewRound_UserRoundTick.go:291.21,292.15 1 0
github.com/GoMudEngine/GoMud/internal/hooks/NewRound_UserRoundTick.go:295.6,297.68 3 0
github.com/GoMudEngine/GoMud/internal/hooks/NewRound_UserRoundTick.go:297.68,298.15 1 0
github.com/GoMudEngine/GoMud/internal/hooks/NewRound_UserRoundTick.go:301.6,303.51 3 0
github.com/GoMudEngine/GoMud/internal/hooks/NewRound_UserRoundTick.go:303.51,304.73 1 0
github.com/GoMudEngine/GoMud/internal/hooks/NewRound_UserRoundTick.go:304.73,310.80 5 0
github.com/GoMudEngine/GoMud/internal/hooks/NewRound_UserRoundTick.go:310.80,312.9 1 0
github.com/GoMudEngine/GoMud/internal/hooks/NewRound_UserRoundTick.go:318.5,318.30 1 1
github.com/GoMudEngine/GoMud/internal/hooks/NewRound_UserRoundTick.go:327.2,327.24 1 1
github.com/GoMudEngine/GoMud/internal/hooks/NewTurn_ActionPoints.go:13.57,23.49 1 1
github.com/GoMudEngine/GoMud/internal/hooks/NewTurn_ActionPoints.go:23.49,25.73 2 1
github.com/GoMudEngine/GoMud/internal/hooks/NewTurn_ActionPoints.go:25.73,27.4 1 1
github.com/GoMudEngine/GoMud/internal/hooks/NewTurn_ActionPoints.go:30.2,30.24 1 1
github.com/GoMudEngine/GoMud/internal/hooks/NewTurn_AutoSave.go:21.53,24.13 2 1
github.com/GoMudEngine/GoMud/internal/hooks/NewTurn_AutoSave.go:24.13,27.3 2 1
github.com/GoMudEngine/GoMud/internal/hooks/NewTurn_AutoSave.go:29.2,29.78 1 1
github.com/GoMudEngine/GoMud/internal/hooks/NewTurn_AutoSave.go:29.78,32.16 2 0
github.com/GoMudEngine/GoMud/internal/hooks/NewTurn_AutoSave.go:32.16,34.4 1 0
github.com/GoMudEngine/GoMud/internal/hooks/NewTurn_AutoSave.go:39.3,70.5 9 0
github.com/GoMudEngine/GoMud/internal/hooks/NewTurn_AutoSave.go:74.2,74.24 1 1
github.com/GoMudEngine/GoMud/internal/hooks/NewTurn_CleanupZombies.go:16.59,19.13 2 1
github.com/GoMudEngine/GoMud/internal/hooks/NewTurn_CleanupZombies.go:19.13,22.3 2 1
github.com/GoMudEngine/GoMud/internal/hooks/NewTurn_CleanupZombies.go:24.2,29.31 4 1
github.com/GoMudEngine/GoMud/internal/hooks/NewTurn_CleanupZombies.go:29.31,33.26 2 1
github.com/GoMudEngine/GoMud/internal/hooks/NewTurn_CleanupZombies.go:33.26,37.38 2 0
github.com/GoMudEngine/GoMud/internal/hooks/NewTurn_CleanupZombies.go:37.38,43.5 1 0
github.com/GoMudEngine/GoMud/internal/hooks/NewTurn_CleanupZombies.go:48.2,48.24 1 1
github.com/GoMudEngine/GoMud/internal/hooks/NewTurn_PruneBuffs.go:16.55,27.42 2 1
github.com/GoMudEngine/GoMud/internal/hooks/NewTurn_PruneBuffs.go:27.42,29.50 1 1
github.com/GoMudEngine/GoMud/internal/hooks/NewTurn_PruneBuffs.go:29.50,33.58 2 1
github.com/GoMudEngine/GoMud/internal/hooks/NewTurn_PruneBuffs.go:33.58,38.76 3 0
github.com/GoMudEngine/GoMud/internal/hooks/NewTurn_PruneBuffs.go:38.76,39.44 1 0
github.com/GoMudEngine/GoMud/internal/hooks/NewTurn_PruneBuffs.go:39.44,42.31 2 0
github.com/GoMudEngine/GoMud/internal/hooks/NewTurn_PruneBuffs.go:42.31,43.50 1 0
github.com/GoMudEngine/GoMud/internal/hooks/NewTurn_PruneBuffs.go:43.50,45.9 1 0
github.com/GoMudEngine/GoMud/internal/hooks/NewTurn_PruneBuffs.go:49.6,51.16 2 0
github.com/GoMudEngine/GoMud/internal/hooks/NewTurn_PruneBuffs.go:51.16,54.7 2 0
github.com/GoMudEngine/GoMud/internal/hooks/NewTurn_PruneBuffs.go:62.2,62.60 1 1
github.com/GoMudEngine/GoMud/internal/hooks/NewTurn_PruneBuffs.go:62.60,66.73 2 1
github.com/GoMudEngine/GoMud/internal/hooks/NewTurn_PruneBuffs.go:66.73,67.42 1 0
github.com/GoMudEngine/GoMud/internal/hooks/NewTurn_PruneBuffs.go:67.42,69.5 1 0
github.com/GoMudEngine/GoMud/internal/hooks/NewTurn_PruneBuffs.go:71.4,71.28 1 0
github.com/GoMudEngine/GoMud/internal/hooks/NewTurn_PruneBuffs.go:76.2,76.24 1 1
github.com/GoMudEngine/GoMud/internal/hooks/PlayerDespawn_HandleLeave.go:22.56,25.13 2 1
github.com/GoMudEngine/GoMud/internal/hooks/PlayerDespawn_HandleLeave.go:25.13,28.3 2 1
github.com/GoMudEngine/GoMud/internal/hooks/PlayerDespawn_HandleLeave.go:30.2,31.17 2 1
github.com/GoMudEngine/GoMud/internal/hooks/PlayerDespawn_HandleLeave.go:31.17,34.3 2 1
github.com/GoMudEngine/GoMud/internal/hooks/PlayerDespawn_HandleLeave.go:36.2,39.38 2 0
github.com/GoMudEngine/GoMud/internal/hooks/PlayerDespawn_HandleLeave.go:39.38,41.3 1 0
github.com/GoMudEngine/GoMud/internal/hooks/PlayerDespawn_HandleLeave.go:43.2,44.17 2 0
github.com/GoMudEngine/GoMud/internal/hooks/PlayerDespawn_HandleLeave.go:44.17,47.3 2 0
github.com/GoMudEngine/GoMud/internal/hooks/PlayerDespawn_HandleLeave.go:49.2,49.66 1 0
github.com/GoMudEngine/GoMud/internal/hooks/PlayerDespawn_HandleLeave.go:49.66,51.3 1 0
github.com/GoMudEngine/GoMud/internal/hooks/PlayerDespawn_HandleLeave.go:53.2,53.60 1 0
github.com/GoMudEngine/GoMud/internal/hooks/PlayerDespawn_HandleLeave.go:53.60,54.53 1 0
github.com/GoMudEngine/GoMud/internal/hooks/PlayerDespawn_HandleLeave.go:54.53,55.43 1 0
github.com/GoMudEngine/GoMud/internal/hooks/PlayerDespawn_HandleLeave.go:55.43,57.5 1 0
github.com/GoMudEngine/GoMud/internal/hooks/PlayerDespawn_HandleLeave.go:61.2,61.48 1 0
github.com/GoMudEngine/GoMud/internal/hooks/PlayerDespawn_HandleLeave.go:61.48,64.3 2 0
github.com/GoMudEngine/GoMud/internal/hooks/PlayerDespawn_HandleLeave.go:66.2,69.63 3 0
github.com/GoMudEngine/GoMud/internal/hooks/PlayerDespawn_HandleLeave.go:69.63,71.3 1 0
github.com/GoMudEngine/GoMud/internal/hooks/PlayerDespawn_HandleLeave.go:72.2,76.44 4 0
github.com/GoMudEngine/GoMud/internal/hooks/PlayerDespawn_HandleLeave.go:76.44,78.27 2 0
github.com/GoMudEngine/GoMud/internal/hooks/PlayerDespawn_HandleLeave.go:78.27,80.9 2 0
github.com/GoMudEngine/GoMud/internal/hooks/PlayerDespawn_HandleLeave.go:84.2,86.24 2 0
github.com/GoMudEngine/GoMud/internal/hooks/PlayerDrop_HandlePlayerDrop.go:18.61,21.13 2 1
github.com/GoMudEngine/GoMud/internal/hooks/PlayerDrop_HandlePlayerDrop.go:21.13,24.3 2 1
github.com/GoMudEngine/GoMud/internal/hooks/PlayerDrop_HandlePlayerDrop.go:26.2,27.17 2 1
github.com/GoMudEngine/GoMud/internal/hooks/PlayerDrop_HandlePlayerDrop.go:27.17,30.3 2 1
github.com/GoMudEngine/GoMud/internal/hooks/PlayerDrop_HandlePlayerDrop.go:32.2,37.17 4 1
github.com/GoMudEngine/GoMud/internal/hooks/PlayerDrop_HandlePlayerDrop.go:37.17,39.3 1 1
github.com/GoMudEngine/GoMud/internal/hooks/PlayerDrop_HandlePlayerDrop.go:41.2,47.47 3 1
github.com/GoMudEngine/GoMud/internal/hooks/PlayerDrop_HandlePlayerDrop.go:47.47,49.17 2 1
github.com/GoMudEngine/GoMud/internal/hooks/PlayerDrop_HandlePlayerDrop.go:49.17,50.12 1 0
github.com/GoMudEngine/GoMud/internal/hooks/PlayerDrop_HandlePlayerDrop.go:53.3,53.46 1 1
github.com/GoMudEngine/GoMud/internal/hooks/PlayerDrop_HandlePlayerDrop.go:53.46,54.12 1 0
github.com/GoMudEngine/GoMud/internal/hooks/PlayerDrop_HandlePlayerDrop.go:57.3,57.42 1 1
github.com/GoMudEngine/GoMud/internal/hooks/PlayerDrop_HandlePlayerDrop.go:57.42,58.12 1 1
github.com/GoMudEngine/GoMud/internal/hooks/PlayerDrop_HandlePlayerDrop.go:61.3,61.90 1 0
github.com/GoMudEngine/GoMud/internal/hooks/PlayerDrop_HandlePlayerDrop.go:61.90,63.4 1 0
github.com/GoMudEngine/GoMud/internal/hooks/PlayerDrop_HandlePlayerDrop.go:67.2,67.24 1 1
github.com/GoMudEngine/GoMud/internal/hooks/PlayerSpawn_HandleJoin.go:18.55,21.13 2 1
github.com/GoMudEngine/GoMud/internal/hooks/PlayerSpawn_HandleJoin.go:21.13,24.3 2 1
github.com/GoMudEngine/GoMud/internal/hooks/PlayerSpawn_HandleJoin.go:26.2,27.17 2 1
github.com/GoMudEngine/GoMud/internal/hooks/PlayerSpawn_HandleJoin.go:27.17,30.3 2 1
github.com/GoMudEngine/GoMud/internal/hooks/PlayerSpawn_HandleJoin.go:32.2,37.17 4 1
github.com/GoMudEngine/GoMud/internal/hooks/PlayerSpawn_HandleJoin.go:37.17,41.58 2 0
github.com/GoMudEngine/GoMud/internal/hooks/PlayerSpawn_HandleJoin.go:41.58,43.4 1 0
github.com/GoMudEngine/GoMud/internal/hooks/PlayerSpawn_HandleJoin.go:45.3,45.47 1 0
github.com/GoMudEngine/GoMud/internal/hooks/PlayerSpawn_HandleJoin.go:49.2,50.24 2 1
github.com/GoMudEngine/GoMud/internal/hooks/PlayerSpawn_HandleJoin.go:50.24,52.33 1 0
github.com/GoMudEngine/GoMud/internal/hooks/PlayerSpawn_HandleJoin.go:52.33,60.4 1 0
github.com/GoMudEngine/GoMud/internal/hooks/PlayerSpawn_HandleJoin.go:64.2,64.17 1 1
github.com/GoMudEngine/GoMud/internal/hooks/PlayerSpawn_HandleJoin.go:64.17,65.119 1 1
github.com/GoMudEngine/GoMud/internal/hooks/PlayerSpawn_HandleJoin.go:65.119,67.4 1 1
github.com/GoMudEngine/GoMud/internal/hooks/PlayerSpawn_HandleJoin.go:70.2,70.24 1 1
github.com/GoMudEngine/GoMud/internal/hooks/Quest_HandleQuestUpdate.go:22.62,25.13 2 0
github.com/GoMudEngine/GoMud/internal/hooks/Quest_HandleQuestUpdate.go:25.13,28.3 2 0
github.com/GoMudEngine/GoMud/internal/hooks/Quest_HandleQuestUpdate.go:33.2,34.32 2 0
github.com/GoMudEngine/GoMud/internal/hooks/Quest_HandleQuestUpdate.go:34.32,37.3 2 0
github.com/GoMudEngine/GoMud/internal/hooks/Quest_HandleQuestUpdate.go:39.2,40.22 2 0
github.com/GoMudEngine/GoMud/internal/hooks/Quest_HandleQuestUpdate.go:40.22,42.3 1 0
github.com/GoMudEngine/GoMud/internal/hooks/Quest_HandleQuestUpdate.go:44.2,45.22 2 0
github.com/GoMudEngine/GoMud/internal/hooks/Quest_HandleQuestUpdate.go:45.22,47.3 1 0
github.com/GoMudEngine/GoMud/internal/hooks/Quest_HandleQuestUpdate.go:49.2,49.12 1 0
github.com/GoMudEngine/GoMud/internal/hooks/Quest_HandleQuestUpdate.go:49.12,52.3 2 0
github.com/GoMudEngine/GoMud/internal/hooks/Quest_HandleQuestUpdate.go:54.2,54.57 1 0
github.com/GoMudEngine/GoMud/internal/hooks/Quest_HandleQuestUpdate.go:54.57,56.3 1 0
github.com/GoMudEngine/GoMud/internal/hooks/Quest_HandleQuestUpdate.go:58.2,59.25 2 0
github.com/GoMudEngine/GoMud/internal/hooks/Quest_HandleQuestUpdate.go:59.25,60.24 1 0
github.com/GoMudEngine/GoMud/internal/hooks/Quest_HandleQuestUpdate.go:60.24,66.4 3 0
github.com/GoMudEngine/GoMud/internal/hooks/Quest_HandleQuestUpdate.go:67.8,67.30 1 0
github.com/GoMudEngine/GoMud/internal/hooks/Quest_HandleQuestUpdate.go:67.30,69.24 1 0
github.com/GoMudEngine/GoMud/internal/hooks/Quest_HandleQuestUpdate.go:69.24,75.4 3 0
github.com/GoMudEngine/GoMud/internal/hooks/Quest_HandleQuestUpdate.go:78.3,78.47 1 0
github.com/GoMudEngine/GoMud/internal/hooks/Quest_HandleQuestUpdate.go:78.47,80.4 1 0
github.com/GoMudEngine/GoMud/internal/hooks/Quest_HandleQuestUpdate.go:82.3,82.45 1 0
github.com/GoMudEngine/GoMud/internal/hooks/Quest_HandleQuestUpdate.go:82.45,83.71 1 0
github.com/GoMudEngine/GoMud/internal/hooks/Quest_HandleQuestUpdate.go:83.71,85.5 1 0
github.com/GoMudEngine/GoMud/internal/hooks/Quest_HandleQuestUpdate.go:88.3,88.41 1 0
github.com/GoMudEngine/GoMud/internal/hooks/Quest_HandleQuestUpdate.go:88.41,95.4 1 0
github.com/GoMudEngine/GoMud/internal/hooks/Quest_HandleQuestUpdate.go:97.3,97.33 1 0
github.com/GoMudEngine/GoMud/internal/hooks/Quest_HandleQuestUpdate.go:97.33,106.4 3 0
github.com/GoMudEngine/GoMud/internal/hooks/Quest_HandleQuestUpdate.go:108.3,108.35 1 0
github.com/GoMudEngine/GoMud/internal/hooks/Quest_HandleQuestUpdate.go:108.35,114.30 5 0
github.com/GoMudEngine/GoMud/internal/hooks/Quest_HandleQuestUpdate.go:114.30,121.5 1 0
github.com/GoMudEngine/GoMud/internal/hooks/Quest_HandleQuestUpdate.go:124.3,124.35 1 0
github.com/GoMudEngine/GoMud/internal/hooks/Quest_HandleQuestUpdate.go:124.35,126.4 1 0
github.com/GoMudEngine/GoMud/internal/hooks/Quest_HandleQuestUpdate.go:129.3,129.40 1 0
github.com/GoMudEngine/GoMud/internal/hooks/Quest_HandleQuestUpdate.go:129.40,131.24 2 0
github.com/GoMudEngine/GoMud/internal/hooks/Quest_HandleQuestUpdate.go:131.24,136.34 4 0
github.com/GoMudEngine/GoMud/internal/hooks/Quest_HandleQuestUpdate.go:136.34,148.6 4 0
github.com/GoMudEngine/GoMud/internal/hooks/Quest_HandleQuestUpdate.go:153.3,153.35 1 0
github.com/GoMudEngine/GoMud/internal/hooks/Quest_HandleQuestUpdate.go:153.35,156.71 2 0
github.com/GoMudEngine/GoMud/internal/hooks/Quest_HandleQuestUpdate.go:156.71,158.5 1 0
github.com/GoMudEngine/GoMud/internal/hooks/Quest_HandleQuestUpdate.go:160.4,160.64 1 0
github.com/GoMudEngine/GoMud/internal/hooks/Quest_HandleQuestUpdate.go:162.8,163.24 1 0
github.com/GoMudEngine/GoMud/internal/hooks/Quest_HandleQuestUpdate.go:163.24,169.4 3 0
github.com/GoMudEngine/GoMud/internal/hooks/Quest_HandleQuestUpdate.go:172.2,172.24 1 0
github.com/GoMudEngine/GoMud/internal/hooks/RebuildMap_HandleMapRebuild.go:9.61,16.2 3 0
github.com/GoMudEngine/GoMud/internal/hooks/RedrawPrompt_SendRedraw.go:12.68,15.13 2 1
github.com/GoMudEngine/GoMud/internal/hooks/RedrawPrompt_SendRedraw.go:15.13,18.3 2 1
github.com/GoMudEngine/GoMud/internal/hooks/RedrawPrompt_SendRedraw.go:20.2,20.56 1 1
github.com/GoMudEngine/GoMud/internal/hooks/RedrawPrompt_SendRedraw.go:20.56,24.24 2 1
github.com/GoMudEngine/GoMud/internal/hooks/RedrawPrompt_SendRedraw.go:24.24,29.68 2 1
github.com/GoMudEngine/GoMud/internal/hooks/RedrawPrompt_SendRedraw.go:29.68,31.5 1 0
github.com/GoMudEngine/GoMud/internal/hooks/RedrawPrompt_SendRedraw.go:34.4,34.47 1 1
github.com/GoMudEngine/GoMud/internal/hooks/RedrawPrompt_SendRedraw.go:38.3,39.56 2 1
github.com/GoMudEngine/GoMud/internal/hooks/RedrawPrompt_SendRedraw.go:43.2,43.24 1 1
github.com/GoMudEngine/GoMud/internal/hooks/RoomChange_CleanupEphemeralRooms.go:14.66,19.21 2 1
github.com/GoMudEngine/GoMud/internal/hooks/RoomChange_CleanupEphemeralRooms.go:19.21,21.3 1 1
github.com/GoMudEngine/GoMud/internal/hooks/RoomChange_CleanupEphemeralRooms.go:23.2,23.45 1 1
github.com/GoMudEngine/GoMud/internal/hooks/RoomChange_CleanupEphemeralRooms.go:23.45,25.30 2 0
github.com/GoMudEngine/GoMud/internal/hooks/RoomChange_CleanupEphemeralRooms.go:25.30,27.4 1 0
github.com/GoMudEngine/GoMud/internal/hooks/RoomChange_CleanupEphemeralRooms.go:30.2,30.24 1 1
github.com/GoMudEngine/GoMud/internal/hooks/RoomChange_LocationMusicChange.go:15.64,18.13 2 1
github.com/GoMudEngine/GoMud/internal/hooks/RoomChange_LocationMusicChange.go:18.13,21.3 2 1
github.com/GoMudEngine/GoMud/internal/hooks/RoomChange_LocationMusicChange.go:24.2,24.21 1 1
github.com/GoMudEngine/GoMud/internal/hooks/RoomChange_LocationMusicChange.go:24.21,26.3 1 1
github.com/GoMudEngine/GoMud/internal/hooks/RoomChange_LocationMusicChange.go:29.2,30.17 2 1
github.com/GoMudEngine/GoMud/internal/hooks/RoomChange_LocationMusicChange.go:30.17,32.3 1 1
github.com/GoMudEngine/GoMud/internal/hooks/RoomChange_LocationMusicChange.go:35.2,36.20 2 1
github.com/GoMudEngine/GoMud/internal/hooks/RoomChange_LocationMusicChange.go:36.20,38.3 1 1
github.com/GoMudEngine/GoMud/internal/hooks/RoomChange_LocationMusicChange.go:41.2,42.20 2 1
github.com/GoMudEngine/GoMud/internal/hooks/RoomChange_LocationMusicChange.go:42.20,44.3 1 1
github.com/GoMudEngine/GoMud/internal/hooks/RoomChange_LocationMusicChange.go:48.2,48.29 1 1
github.com/GoMudEngine/GoMud/internal/hooks/RoomChange_LocationMusicChange.go:48.29,50.3 1 0
github.com/GoMudEngine/GoMud/internal/hooks/RoomChange_LocationMusicChange.go:50.8,52.31 2 1
github.com/GoMudEngine/GoMud/internal/hooks/RoomChange_LocationMusicChange.go:52.31,54.4 1 0
github.com/GoMudEngine/GoMud/internal/hooks/RoomChange_LocationMusicChange.go:54.9,54.37 1 1
github.com/GoMudEngine/GoMud/internal/hooks/RoomChange_LocationMusicChange.go:54.37,56.4 1 0
github.com/GoMudEngine/GoMud/internal/hooks/RoomChange_LocationMusicChange.go:59.2,59.24 1 1
github.com/GoMudEngine/GoMud/internal/hooks/UserSettingChanged_ClearSettingCaches.go:11.63,14.13 2 1
github.com/GoMudEngine/GoMud/internal/hooks/UserSettingChanged_ClearSettingCaches.go:14.13,17.3 2 1
github.com/GoMudEngine/GoMud/internal/hooks/UserSettingChanged_ClearSettingCaches.go:20.2,20.21 1 1
github.com/GoMudEngine/GoMud/internal/hooks/UserSettingChanged_ClearSettingCaches.go:20.21,22.3 1 1
github.com/GoMudEngine/GoMud/internal/hooks/UserSettingChanged_ClearSettingCaches.go:24.2,24.49 1 1
github.com/GoMudEngine/GoMud/internal/hooks/UserSettingChanged_ClearSettingCaches.go:24.49,26.3 1 1
github.com/GoMudEngine/GoMud/internal/hooks/UserSettingChanged_ClearSettingCaches.go:28.2,28.24 1 1
github.com/GoMudEngine/GoMud/internal/hooks/WebClientCommand_SendWebClientCommand.go:10.82,13.13 2 0
github.com/GoMudEngine/GoMud/internal/hooks/WebClientCommand_SendWebClientCommand.go:13.13,16.3 2 0
github.com/GoMudEngine/GoMud/internal/hooks/WebClientCommand_SendWebClientCommand.go:18.2,18.48 1 0
github.com/GoMudEngine/GoMud/internal/hooks/WebClientCommand_SendWebClientCommand.go:18.48,20.3 1 0
github.com/GoMudEngine/GoMud/internal/hooks/WebClientCommand_SendWebClientCommand.go:22.2,24.24 2 0
github.com/GoMudEngine/GoMud/internal/hooks/combat_shared_helpers.go:27.155,29.53 1 1
github.com/GoMudEngine/GoMud/internal/hooks/combat_shared_helpers.go:29.53,34.41 3 1
github.com/GoMudEngine/GoMud/internal/hooks/combat_shared_helpers.go:34.41,35.79 1 0
github.com/GoMudEngine/GoMud/internal/hooks/combat_shared_helpers.go:35.79,37.5 1 0
github.com/GoMudEngine/GoMud/internal/hooks/combat_shared_helpers.go:41.3,47.38 4 1
github.com/GoMudEngine/GoMud/internal/hooks/combat_shared_helpers.go:48.19,50.54 2 1
github.com/GoMudEngine/GoMud/internal/hooks/combat_shared_helpers.go:51.17,53.53 2 1
github.com/GoMudEngine/GoMud/internal/hooks/combat_shared_helpers.go:54.11,56.14 2 0
github.com/GoMudEngine/GoMud/internal/hooks/combat_shared_helpers.go:59.3,59.13 1 1
github.com/GoMudEngine/GoMud/internal/hooks/combat_shared_helpers.go:59.13,63.15 3 1
github.com/GoMudEngine/GoMud/internal/hooks/combat_shared_helpers.go:63.15,65.5 1 0
github.com/GoMudEngine/GoMud/internal/hooks/combat_shared_helpers.go:66.4,66.14 1 1
github.com/GoMudEngine/GoMud/internal/hooks/combat_shared_helpers.go:69.3,72.14 4 1
github.com/GoMudEngine/GoMud/internal/hooks/combat_shared_helpers.go:72.14,74.4 1 0
github.com/GoMudEngine/GoMud/internal/hooks/combat_shared_helpers.go:75.3,75.13 1 1
github.com/GoMudEngine/GoMud/internal/hooks/combat_shared_helpers.go:79.2,82.13 4 1
github.com/GoMudEngine/GoMud/internal/hooks/combat_shared_helpers.go:82.13,84.3 1 0
github.com/GoMudEngine/GoMud/internal/hooks/combat_shared_helpers.go:85.2,85.12 1 1
github.com/GoMudEngine/GoMud/internal/hooks/combat_shared_helpers.go:85.12,87.3 1 1
github.com/GoMudEngine/GoMud/internal/hooks/combat_shared_helpers.go:88.2,88.12 1 1
github.com/GoMudEngine/GoMud/internal/hooks/combat_shared_helpers.go:94.73,95.43 1 1
github.com/GoMudEngine/GoMud/internal/hooks/combat_shared_helpers.go:95.43,97.3 1 1
github.com/GoMudEngine/GoMud/internal/hooks/combat_shared_helpers.go:98.2,100.19 3 1
github.com/GoMudEngine/GoMud/internal/hooks/combat_shared_helpers.go:100.19,102.3 1 0
github.com/GoMudEngine/GoMud/internal/hooks/combat_shared_helpers.go:103.2,107.23 4 1
github.com/GoMudEngine/GoMud/internal/hooks/combat_shared_helpers.go:122.122,125.22 2 1
github.com/GoMudEngine/GoMud/internal/hooks/combat_shared_helpers.go:125.22,127.3 1 1
github.com/GoMudEngine/GoMud/internal/hooks/combat_shared_helpers.go:128.2,128.44 1 1
github.com/GoMudEngine/GoMud/internal/hooks/combat_shared_helpers.go:128.44,130.3 1 1
github.com/GoMudEngine/GoMud/internal/hooks/combat_shared_helpers.go:132.2,133.22 2 0
github.com/GoMudEngine/GoMud/internal/hooks/combat_shared_helpers.go:133.22,135.3 1 0
github.com/GoMudEngine/GoMud/internal/hooks/combat_shared_helpers.go:137.2,137.53 1 0
github.com/GoMudEngine/GoMud/internal/hooks/combat_shared_helpers.go:137.53,139.3 1 0
github.com/GoMudEngine/GoMud/internal/hooks/combat_shared_helpers.go:141.2,149.30 7 0
github.com/GoMudEngine/GoMud/internal/hooks/combat_shared_helpers.go:149.30,150.18 1 0
github.com/GoMudEngine/GoMud/internal/hooks/combat_shared_helpers.go:150.18,152.4 1 0
github.com/GoMudEngine/GoMud/internal/hooks/combat_shared_helpers.go:155.2,155.15 1 0
github.com/GoMudEngine/GoMud/internal/hooks/combat_shared_helpers.go:169.133,173.35 2 1
github.com/GoMudEngine/GoMud/internal/hooks/combat_shared_helpers.go:173.35,175.27 2 0
github.com/GoMudEngine/GoMud/internal/hooks/combat_shared_helpers.go:175.27,176.19 1 0
github.com/GoMudEngine/GoMud/internal/hooks/combat_shared_helpers.go:176.19,178.5 1 0
github.com/GoMudEngine/GoMud/internal/hooks/combat_shared_helpers.go:179.4,180.36 2 0
github.com/GoMudEngine/GoMud/internal/hooks/combat_shared_helpers.go:186.2,186.35 1 1
github.com/GoMudEngine/GoMud/internal/hooks/combat_shared_helpers.go:186.35,187.46 1 1
github.com/GoMudEngine/GoMud/internal/hooks/combat_shared_helpers.go:187.46,190.4 2 1
github.com/GoMudEngine/GoMud/internal/hooks/combat_shared_helpers.go:193.2,193.15 1 1
github.com/GoMudEngine/GoMud/internal/hooks/combat_shared_helpers.go:199.57,201.40 2 1
github.com/GoMudEngine/GoMud/internal/hooks/combat_shared_helpers.go:201.40,202.20 1 1
github.com/GoMudEngine/GoMud/internal/hooks/combat_shared_helpers.go:202.20,204.4 1 1
github.com/GoMudEngine/GoMud/internal/hooks/combat_shared_helpers.go:204.9,206.4 1 1
github.com/GoMudEngine/GoMud/internal/hooks/combat_shared_helpers.go:207.3,207.33 1 1
github.com/GoMudEngine/GoMud/internal/hooks/combat_shared_helpers.go:207.33,209.9 2 1
github.com/GoMudEngine/GoMud/internal/hooks/combat_shared_helpers.go:212.2,212.39 1 1
github.com/GoMudEngine/GoMud/internal/hooks/combat_shared_helpers.go:217.77,218.56 1 1
github.com/GoMudEngine/GoMud/internal/hooks/combat_shared_helpers.go:218.56,220.3 1 1
github.com/GoMudEngine/GoMud/internal/hooks/combat_shared_helpers.go:221.2,222.19 2 1
github.com/GoMudEngine/GoMud/internal/hooks/combat_shared_helpers.go:222.19,224.3 1 1
github.com/GoMudEngine/GoMud/internal/hooks/combat_shared_helpers.go:225.2,225.18 1 1
github.com/GoMudEngine/GoMud/internal/hooks/combat_shared_helpers.go:230.53,231.40 1 1
github.com/GoMudEngine/GoMud/internal/hooks/combat_shared_helpers.go:231.40,232.31 1 1
github.com/GoMudEngine/GoMud/internal/hooks/combat_shared_helpers.go:232.31,234.4 1 1
github.com/GoMudEngine/GoMud/internal/hooks/combat_shared_helpers.go:234.9,236.4 1 1
github.com/GoMudEngine/GoMud/internal/hooks/combat_shared_helpers.go:237.3,237.43 1 1
github.com/GoMudEngine/GoMud/internal/hooks/combat_shared_helpers.go:237.43,239.4 1 1
github.com/GoMudEngine/GoMud/internal/hooks/combat_shared_helpers.go:240.3,240.44 1 1
github.com/GoMudEngine/GoMud/internal/hooks/combat_shared_helpers.go:240.44,242.4 1 1
github.com/GoMudEngine/GoMud/internal/hooks/combat_shared_helpers.go:244.2,244.14 1 1
github.com/GoMudEngine/GoMud/internal/hooks/hooks.go:8.26,96.2 38 1
github.com/GoMudEngine/GoMud/internal/hooks/spell_resolution.go:21.119,28.39 4 1
github.com/GoMudEngine/GoMud/internal/hooks/spell_resolution.go:28.39,31.3 1 1
github.com/GoMudEngine/GoMud/internal/hooks/spell_resolution.go:34.2,34.39 1 1
github.com/GoMudEngine/GoMud/internal/hooks/spell_resolution.go:34.39,36.3 1 1
github.com/GoMudEngine/GoMud/internal/hooks/spell_resolution.go:39.2,39.52 1 1
github.com/GoMudEngine/GoMud/internal/hooks/spell_resolution.go:39.52,41.45 2 1
github.com/GoMudEngine/GoMud/internal/hooks/spell_resolution.go:41.45,42.12 1 1
github.com/GoMudEngine/GoMud/internal/hooks/spell_resolution.go:44.3,44.42 1 1
github.com/GoMudEngine/GoMud/internal/hooks/spell_resolution.go:44.42,45.12 1 1
github.com/GoMudEngine/GoMud/internal/hooks/spell_resolution.go:47.3,47.72 1 1
github.com/GoMudEngine/GoMud/internal/hooks/spell_resolution.go:51.2,51.48 1 1
github.com/GoMudEngine/GoMud/internal/hooks/spell_resolution.go:51.48,53.24 2 1
github.com/GoMudEngine/GoMud/internal/hooks/spell_resolution.go:53.24,54.12 1 0
github.com/GoMudEngine/GoMud/internal/hooks/spell_resolution.go:56.3,56.49 1 1
github.com/GoMudEngine/GoMud/internal/hooks/spell_resolution.go:56.49,58.12 2 0
github.com/GoMudEngine/GoMud/internal/hooks/spell_resolution.go:60.3,60.40 1 1
github.com/GoMudEngine/GoMud/internal/hooks/spell_resolution.go:60.40,63.4 1 1
github.com/GoMudEngine/GoMud/internal/hooks/spell_resolution.go:63.9,65.4 1 0
github.com/GoMudEngine/GoMud/internal/hooks/spell_resolution.go:69.2,69.34 1 1
github.com/GoMudEngine/GoMud/internal/hooks/spell_resolution.go:69.34,71.3 1 0
github.com/GoMudEngine/GoMud/internal/hooks/spell_resolution.go:75.146,83.28 4 1
github.com/GoMudEngine/GoMud/internal/hooks/spell_resolution.go:83.28,85.22 2 0
github.com/GoMudEngine/GoMud/internal/hooks/spell_resolution.go:85.22,87.4 1 0
github.com/GoMudEngine/GoMud/internal/hooks/spell_resolution.go:88.3,94.9 5 0
github.com/GoMudEngine/GoMud/internal/hooks/spell_resolution.go:97.2,97.14 1 1
github.com/GoMudEngine/GoMud/internal/hooks/spell_resolution.go:97.14,104.3 3 0
github.com/GoMudEngine/GoMud/internal/hooks/spell_resolution.go:106.2,109.138 3 1
github.com/GoMudEngine/GoMud/internal/hooks/spell_resolution.go:114.139,119.12 3 1
github.com/GoMudEngine/GoMud/internal/hooks/spell_resolution.go:119.12,121.3 1 1
github.com/GoMudEngine/GoMud/internal/hooks/spell_resolution.go:123.2,124.17 2 1
github.com/GoMudEngine/GoMud/internal/hooks/spell_resolution.go:124.17,126.3 1 1
github.com/GoMudEngine/GoMud/internal/hooks/spell_resolution.go:127.2,129.30 2 1
github.com/GoMudEngine/GoMud/internal/hooks/spell_resolution.go:130.16,132.18 2 1
github.com/GoMudEngine/GoMud/internal/hooks/spell_resolution.go:132.18,134.4 1 1
github.com/GoMudEngine/GoMud/internal/hooks/spell_resolution.go:135.3,139.33 4 1
github.com/GoMudEngine/GoMud/internal/hooks/spell_resolution.go:139.33,141.19 2 1
github.com/GoMudEngine/GoMud/internal/hooks/spell_resolution.go:141.19,143.5 1 1
github.com/GoMudEngine/GoMud/internal/hooks/spell_resolution.go:145.3,145.49 1 1
github.com/GoMudEngine/GoMud/internal/hooks/spell_resolution.go:145.49,147.4 1 1
github.com/GoMudEngine/GoMud/internal/hooks/spell_resolution.go:148.3,148.18 1 1
github.com/GoMudEngine/GoMud/internal/hooks/spell_resolution.go:148.18,155.4 2 1
github.com/GoMudEngine/GoMud/internal/hooks/spell_resolution.go:157.13,159.22 2 1
github.com/GoMudEngine/GoMud/internal/hooks/spell_resolution.go:159.22,161.4 1 0
github.com/GoMudEngine/GoMud/internal/hooks/spell_resolution.go:163.3,165.33 2 1
github.com/GoMudEngine/GoMud/internal/hooks/spell_resolution.go:165.33,167.19 2 1
github.com/GoMudEngine/GoMud/internal/hooks/spell_resolution.go:167.19,169.5 1 1
github.com/GoMudEngine/GoMud/internal/hooks/spell_resolution.go:171.3,171.49 1 1
github.com/GoMudEngine/GoMud/internal/hooks/spell_resolution.go:171.49,173.4 1 1
github.com/GoMudEngine/GoMud/internal/hooks/spell_resolution.go:174.3,174.18 1 1
github.com/GoMudEngine/GoMud/internal/hooks/spell_resolution.go:174.18,181.4 2 1
github.com/GoMudEngine/GoMud/internal/hooks/spell_resolution.go:183.19,185.18 2 1
github.com/GoMudEngine/GoMud/internal/hooks/spell_resolution.go:185.18,187.4 1 1
github.com/GoMudEngine/GoMud/internal/hooks/spell_resolution.go:188.3,194.33 6 1
github.com/GoMudEngine/GoMud/internal/hooks/spell_resolution.go:194.33,196.19 2 1
github.com/GoMudEngine/GoMud/internal/hooks/spell_resolution.go:196.19,198.5 1 1
github.com/GoMudEngine/GoMud/internal/hooks/spell_resolution.go:200.3,200.49 1 1
github.com/GoMudEngine/GoMud/internal/hooks/spell_resolution.go:200.49,202.4 1 1
github.com/GoMudEngine/GoMud/internal/hooks/spell_resolution.go:203.3,203.18 1 1
github.com/GoMudEngine/GoMud/internal/hooks/spell_resolution.go:203.18,210.4 2 1
github.com/GoMudEngine/GoMud/internal/hooks/spell_resolution.go:212.14,213.44 1 1
github.com/GoMudEngine/GoMud/internal/hooks/spell_resolution.go:213.44,215.4 1 1
github.com/GoMudEngine/GoMud/internal/hooks/spell_resolution.go:216.3,216.18 1 1
github.com/GoMudEngine/GoMud/internal/hooks/spell_resolution.go:216.18,223.4 2 1
github.com/GoMudEngine/GoMud/internal/hooks/spell_resolution.go:225.14,228.32 2 1
github.com/GoMudEngine/GoMud/internal/hooks/spell_resolution.go:228.32,229.21 1 1
github.com/GoMudEngine/GoMud/internal/hooks/spell_resolution.go:229.21,231.10 2 0
github.com/GoMudEngine/GoMud/internal/hooks/spell_resolution.go:234.3,234.16 1 1
github.com/GoMudEngine/GoMud/internal/hooks/spell_resolution.go:234.16,235.19 1 1
github.com/GoMudEngine/GoMud/internal/hooks/spell_resolution.go:235.19,239.5 1 1
github.com/GoMudEngine/GoMud/internal/hooks/spell_resolution.go:240.4,240.12 1 1
github.com/GoMudEngine/GoMud/internal/hooks/spell_resolution.go:242.3,242.18 1 0
github.com/GoMudEngine/GoMud/internal/hooks/spell_resolution.go:242.18,252.4 5 0
github.com/GoMudEngine/GoMud/internal/hooks/spell_resolution.go:254.10,255.18 1 1
github.com/GoMudEngine/GoMud/internal/hooks/spell_resolution.go:255.18,259.4 1 1
github.com/GoMudEngine/GoMud/internal/hooks/spell_resolution.go:261.2,261.17 1 1
github.com/GoMudEngine/GoMud/internal/hooks/spell_resolution.go:265.160,271.28 3 1
github.com/GoMudEngine/GoMud/internal/hooks/spell_resolution.go:271.28,273.22 2 0
github.com/GoMudEngine/GoMud/internal/hooks/spell_resolution.go:273.22,275.4 1 0
github.com/GoMudEngine/GoMud/internal/hooks/spell_resolution.go:276.3,280.9 4 0
github.com/GoMudEngine/GoMud/internal/hooks/spell_resolution.go:283.2,283.14 1 1
github.com/GoMudEngine/GoMud/internal/hooks/spell_resolution.go:283.14,288.3 2 0
github.com/GoMudEngine/GoMud/internal/hooks/spell_resolution.go:290.2,291.69 2 1
github.com/GoMudEngine/GoMud/internal/hooks/spell_resolution.go:295.149,298.12 2 1
github.com/GoMudEngine/GoMud/internal/hooks/spell_resolution.go:298.12,300.3 1 1
github.com/GoMudEngine/GoMud/internal/hooks/spell_resolution.go:302.2,302.30 1 1
github.com/GoMudEngine/GoMud/internal/hooks/spell_resolution.go:303.15,309.35 4 1
github.com/GoMudEngine/GoMud/internal/hooks/spell_resolution.go:309.35,313.4 1 1
github.com/GoMudEngine/GoMud/internal/hooks/spell_resolution.go:313.9,315.4 1 1
github.com/GoMudEngine/GoMud/internal/hooks/spell_resolution.go:316.3,318.92 1 1
github.com/GoMudEngine/GoMud/internal/hooks/spell_resolution.go:320.14,324.22 3 1
github.com/GoMudEngine/GoMud/internal/hooks/spell_resolution.go:324.22,326.4 1 0
github.com/GoMudEngine/GoMud/internal/hooks/spell_resolution.go:327.3,327.13 1 1
github.com/GoMudEngine/GoMud/internal/hooks/spell_resolution.go:327.13,330.4 1 1
github.com/GoMudEngine/GoMud/internal/hooks/spell_resolution.go:331.3,332.16 2 1
github.com/GoMudEngine/GoMud/internal/hooks/spell_resolution.go:332.16,334.4 1 1
github.com/GoMudEngine/GoMud/internal/hooks/spell_resolution.go:335.3,340.35 4 1
github.com/GoMudEngine/GoMud/internal/hooks/spell_resolution.go:340.35,344.4 1 1
github.com/GoMudEngine/GoMud/internal/hooks/spell_resolution.go:344.9,346.4 1 1
github.com/GoMudEngine/GoMud/internal/hooks/spell_resolution.go:347.3,349.92 1 1
github.com/GoMudEngine/GoMud/internal/hooks/spell_resolution.go:351.14,352.44 1 1
github.com/GoMudEngine/GoMud/internal/hooks/spell_resolution.go:352.44,354.4 1 1
github.com/GoMudEngine/GoMud/internal/hooks/spell_resolution.go:355.3,358.35 2 1
github.com/GoMudEngine/GoMud/internal/hooks/spell_resolution.go:358.35,362.4 1 1
github.com/GoMudEngine/GoMud/internal/hooks/spell_resolution.go:364.16,367.22 3 1
github.com/GoMudEngine/GoMud/internal/hooks/spell_resolution.go:367.22,369.4 1 0
github.com/GoMudEngine/GoMud/internal/hooks/spell_resolution.go:370.3,373.35 4 1
github.com/GoMudEngine/GoMud/internal/hooks/spell_resolution.go:373.35,377.4 1 1
github.com/GoMudEngine/GoMud/internal/hooks/spell_resolution.go:378.3,379.107 1 1
github.com/GoMudEngine/GoMud/internal/hooks/spell_resolution.go:381.10,384.43 1 1
github.com/GoMudEngine/GoMud/internal/hooks/spell_resolution.go:389.82,390.21 1 1
github.com/GoMudEngine/GoMud/internal/hooks/spell_resolution.go:391.18,394.28 3 1
github.com/GoMudEngine/GoMud/internal/hooks/spell_resolution.go:394.28,396.4 1 0
github.com/GoMudEngine/GoMud/internal/hooks/spell_resolution.go:397.3,397.28 1 1
github.com/GoMudEngine/GoMud/internal/hooks/spell_resolution.go:397.28,399.4 1 0
github.com/GoMudEngine/GoMud/internal/hooks/spell_resolution.go:400.3,400.28 1 1
github.com/GoMudEngine/GoMud/internal/hooks/spell_resolution.go:400.28,402.4 1 0
github.com/GoMudEngine/GoMud/internal/hooks/spell_resolution.go:403.3,403.28 1 1
github.com/GoMudEngine/GoMud/internal/hooks/spell_resolution.go:403.28,405.4 1 0
github.com/GoMudEngine/GoMud/internal/hooks/spell_resolution.go:406.3,406.30 1 1
github.com/GoMudEngine/GoMud/internal/hooks/spell_resolution.go:406.30,408.4 1 0
github.com/GoMudEngine/GoMud/internal/hooks/spell_resolution.go:409.3,409.28 1 1
github.com/GoMudEngine/GoMud/internal/hooks/spell_resolution.go:409.28,411.4 1 0
github.com/GoMudEngine/GoMud/internal/hooks/spell_resolution.go:412.3,412.28 1 1
github.com/GoMudEngine/GoMud/internal/hooks/spell_resolution.go:412.28,414.4 1 0
github.com/GoMudEngine/GoMud/internal/hooks/spell_resolution.go:415.3,415.31 1 1
github.com/GoMudEngine/GoMud/internal/hooks/spell_resolution.go:415.31,417.4 1 0
github.com/GoMudEngine/GoMud/internal/hooks/spell_resolution.go:418.3,421.16 3 1
github.com/GoMudEngine/GoMud/internal/hooks/spell_resolution.go:423.16,424.50 1 1
github.com/GoMudEngine/GoMud/internal/hooks/spell_resolution.go:426.10,427.13 1 1
github.com/GoMudEngine/GoMud/internal/hooks/spell_resolution.go:435.64,436.43 1 1
github.com/GoMudEngine/GoMud/internal/hooks/spell_resolution.go:436.43,437.40 1 0
github.com/GoMudEngine/GoMud/internal/hooks/spell_resolution.go:437.40,442.4 3 0
github.com/GoMudEngine/GoMud/internal/hooks/spell_resolution.go:447.113,452.39 4 1
github.com/GoMudEngine/GoMud/internal/hooks/spell_resolution.go:452.39,455.3 2 0
github.com/GoMudEngine/GoMud/internal/hooks/spell_resolution.go:457.2,457.52 1 1
github.com/GoMudEngine/GoMud/internal/hooks/spell_resolution.go:457.52,458.34 1 1
github.com/GoMudEngine/GoMud/internal/hooks/spell_resolution.go:458.34,461.12 2 1
github.com/GoMudEngine/GoMud/internal/hooks/spell_resolution.go:463.3,463.132 1 1
github.com/GoMudEngine/GoMud/internal/hooks/spell_resolution.go:463.132,465.4 1 1
github.com/GoMudEngine/GoMud/internal/hooks/spell_resolution.go:467.2,467.42 1 1
github.com/GoMudEngine/GoMud/internal/hooks/spell_resolution.go:467.42,468.99 1 1
github.com/GoMudEngine/GoMud/internal/hooks/spell_resolution.go:468.99,470.4 1 1
github.com/GoMudEngine/GoMud/internal/hooks/spell_resolution.go:475.102,476.30 1 1
github.com/GoMudEngine/GoMud/internal/hooks/spell_resolution.go:477.14,480.22 3 1
github.com/GoMudEngine/GoMud/internal/hooks/spell_resolution.go:480.22,482.4 1 0
github.com/GoMudEngine/GoMud/internal/hooks/spell_resolution.go:483.3,484.16 2 1
github.com/GoMudEngine/GoMud/internal/hooks/spell_resolution.go:484.16,486.4 1 1
github.com/GoMudEngine/GoMud/internal/hooks/spell_resolution.go:487.3,490.68 3 1
github.com/GoMudEngine/GoMud/internal/hooks/spell_resolution.go:491.16,494.22 3 1
github.com/GoMudEngine/GoMud/internal/hooks/spell_resolution.go:494.22,496.4 1 0
github.com/GoMudEngine/GoMud/internal/hooks/spell_resolution.go:497.3,500.75 3 1
github.com/GoMudEngine/GoMud/internal/hooks/spell_resolution.go:505.67,508.28 3 1
github.com/GoMudEngine/GoMud/internal/hooks/spell_resolution.go:508.28,510.14 2 0
github.com/GoMudEngine/GoMud/internal/hooks/spell_resolution.go:510.14,512.4 1 0
github.com/GoMudEngine/GoMud/internal/hooks/spell_resolution.go:513.3,515.9 3 0
github.com/GoMudEngine/GoMud/internal/hooks/spell_resolution.go:517.2,517.14 1 1
github.com/GoMudEngine/GoMud/internal/hooks/spell_resolution.go:517.14,519.3 1 1
github.com/GoMudEngine/GoMud/internal/hooks/spell_resolution.go:520.2,520.80 1 0
github.com/GoMudEngine/GoMud/internal/hooks/spell_resolution.go:524.67,528.28 4 1
github.com/GoMudEngine/GoMud/internal/hooks/spell_resolution.go:528.28,530.14 2 0
github.com/GoMudEngine/GoMud/internal/hooks/spell_resolution.go:530.14,532.4 1 0
github.com/GoMudEngine/GoMud/internal/hooks/spell_resolution.go:533.3,537.9 4 0
github.com/GoMudEngine/GoMud/internal/hooks/spell_resolution.go:539.2,539.14 1 1
github.com/GoMudEngine/GoMud/internal/hooks/spell_resolution.go:539.14,545.3 3 1
github.com/GoMudEngine/GoMud/internal/hooks/spell_resolution.go:546.2,549.12 4 0
github.com/GoMudEngine/GoMud/internal/hooks/spell_resolution.go:549.12,551.3 1 0
github.com/GoMudEngine/GoMud/internal/hooks/spell_resolution.go:552.2,552.30 1 0
github.com/GoMudEngine/GoMud/internal/hooks/spell_resolution.go:553.16,564.36 6 0
github.com/GoMudEngine/GoMud/internal/hooks/spell_resolution.go:564.36,566.4 1 0
github.com/GoMudEngine/GoMud/internal/hooks/spell_resolution.go:567.13,569.22 2 0
github.com/GoMudEngine/GoMud/internal/hooks/spell_resolution.go:569.22,571.4 1 0
github.com/GoMudEngine/GoMud/internal/hooks/spell_resolution.go:572.3,579.36 4 0
github.com/GoMudEngine/GoMud/internal/hooks/spell_resolution.go:579.36,581.4 1 0
github.com/GoMudEngine/GoMud/internal/hooks/spell_resolution.go:582.19,595.36 8 0
github.com/GoMudEngine/GoMud/internal/hooks/spell_resolution.go:595.36,597.4 1 0
github.com/GoMudEngine/GoMud/internal/hooks/spell_resolution.go:598.14,599.44 1 0
github.com/GoMudEngine/GoMud/internal/hooks/spell_resolution.go:599.44,601.4 1 0
github.com/GoMudEngine/GoMud/internal/hooks/spell_resolution.go:602.3,607.81 2 0
github.com/GoMudEngine/GoMud/internal/hooks/spell_resolution.go:608.10,611.43 1 0
github.com/GoMudEngine/GoMud/internal/hooks/spell_resolution.go:614.2,614.146 1 0
