mode: set
github.com/GoMudEngine/GoMud/internal/rooms/biomes.go:31.39,32.46 1 1
github.com/GoMudEngine/GoMud/internal/rooms/biomes.go:32.46,33.31 1 1
github.com/GoMudEngine/GoMud/internal/rooms/biomes.go:33.31,35.9 2 1
github.com/GoMudEngine/GoMud/internal/rooms/biomes.go:38.2,38.22 1 1
github.com/GoMudEngine/GoMud/internal/rooms/biomes.go:41.44,43.2 1 1
github.com/GoMudEngine/GoMud/internal/rooms/biomes.go:45.35,47.2 1 1
github.com/GoMudEngine/GoMud/internal/rooms/biomes.go:49.36,51.2 1 1
github.com/GoMudEngine/GoMud/internal/rooms/biomes.go:55.48,56.26 1 1
github.com/GoMudEngine/GoMud/internal/rooms/biomes.go:56.26,58.3 1 1
github.com/GoMudEngine/GoMud/internal/rooms/biomes.go:59.2,59.24 1 1
github.com/GoMudEngine/GoMud/internal/rooms/biomes.go:63.34,65.2 1 1
github.com/GoMudEngine/GoMud/internal/rooms/biomes.go:67.39,68.22 1 1
github.com/GoMudEngine/GoMud/internal/rooms/biomes.go:68.22,70.3 1 1
github.com/GoMudEngine/GoMud/internal/rooms/biomes.go:71.2,71.19 1 1
github.com/GoMudEngine/GoMud/internal/rooms/biomes.go:71.19,73.3 1 1
github.com/GoMudEngine/GoMud/internal/rooms/biomes.go:74.2,74.41 1 1
github.com/GoMudEngine/GoMud/internal/rooms/biomes.go:74.41,76.3 1 1
github.com/GoMudEngine/GoMud/internal/rooms/biomes.go:77.2,77.31 1 1
github.com/GoMudEngine/GoMud/internal/rooms/biomes.go:77.31,79.3 1 1
github.com/GoMudEngine/GoMud/internal/rooms/biomes.go:80.2,80.12 1 1
github.com/GoMudEngine/GoMud/internal/rooms/biomes.go:83.40,84.23 1 1
github.com/GoMudEngine/GoMud/internal/rooms/biomes.go:84.23,86.3 1 1
github.com/GoMudEngine/GoMud/internal/rooms/biomes.go:87.2,87.20 1 1
github.com/GoMudEngine/GoMud/internal/rooms/biomes.go:94.27,100.16 4 0
github.com/GoMudEngine/GoMud/internal/rooms/biomes.go:100.16,101.49 1 0
github.com/GoMudEngine/GoMud/internal/rooms/biomes.go:104.2,106.22 2 0
github.com/GoMudEngine/GoMud/internal/rooms/biomes.go:106.22,117.3 2 0
github.com/GoMudEngine/GoMud/internal/rooms/biomes.go:117.8,119.38 1 0
github.com/GoMudEngine/GoMud/internal/rooms/biomes.go:119.38,128.4 1 0
github.com/GoMudEngine/GoMud/internal/rooms/biomes.go:131.2,131.105 1 0
github.com/GoMudEngine/GoMud/internal/rooms/biomes.go:134.47,135.16 1 1
github.com/GoMudEngine/GoMud/internal/rooms/biomes.go:135.16,137.3 1 1
github.com/GoMudEngine/GoMud/internal/rooms/biomes.go:138.2,139.14 2 1
github.com/GoMudEngine/GoMud/internal/rooms/biomes.go:142.33,144.27 2 1
github.com/GoMudEngine/GoMud/internal/rooms/biomes.go:144.27,146.3 1 1
github.com/GoMudEngine/GoMud/internal/rooms/biomes.go:147.2,147.12 1 1
github.com/GoMudEngine/GoMud/internal/rooms/container.go:16.35,18.2 1 1
github.com/GoMudEngine/GoMud/internal/rooms/container.go:20.43,22.2 1 1
github.com/GoMudEngine/GoMud/internal/rooms/container.go:24.46,25.41 1 1
github.com/GoMudEngine/GoMud/internal/rooms/container.go:25.41,26.27 1 1
github.com/GoMudEngine/GoMud/internal/rooms/container.go:26.27,28.9 2 1
github.com/GoMudEngine/GoMud/internal/rooms/container.go:33.66,38.27 2 1
github.com/GoMudEngine/GoMud/internal/rooms/container.go:38.27,40.3 1 1
github.com/GoMudEngine/GoMud/internal/rooms/container.go:42.2,42.32 1 1
github.com/GoMudEngine/GoMud/internal/rooms/container.go:42.32,44.3 1 0
github.com/GoMudEngine/GoMud/internal/rooms/container.go:46.2,46.28 1 1
github.com/GoMudEngine/GoMud/internal/rooms/container.go:49.65,52.36 1 1
github.com/GoMudEngine/GoMud/internal/rooms/container.go:52.36,53.33 1 1
github.com/GoMudEngine/GoMud/internal/rooms/container.go:53.33,55.4 1 1
github.com/GoMudEngine/GoMud/internal/rooms/container.go:58.2,58.28 1 1
github.com/GoMudEngine/GoMud/internal/rooms/container.go:62.39,64.25 1 1
github.com/GoMudEngine/GoMud/internal/rooms/container.go:64.25,66.3 1 1
github.com/GoMudEngine/GoMud/internal/rooms/container.go:68.2,68.49 1 1
github.com/GoMudEngine/GoMud/internal/rooms/container.go:68.49,73.42 3 1
github.com/GoMudEngine/GoMud/internal/rooms/container.go:73.42,76.4 2 1
github.com/GoMudEngine/GoMud/internal/rooms/container.go:78.3,78.40 1 1
github.com/GoMudEngine/GoMud/internal/rooms/container.go:78.40,79.44 1 1
github.com/GoMudEngine/GoMud/internal/rooms/container.go:79.44,82.5 2 1
github.com/GoMudEngine/GoMud/internal/rooms/container.go:83.4,83.24 1 1
github.com/GoMudEngine/GoMud/internal/rooms/container.go:83.24,84.10 1 1
github.com/GoMudEngine/GoMud/internal/rooms/container.go:88.3,88.22 1 1
github.com/GoMudEngine/GoMud/internal/rooms/container.go:88.22,90.4 1 1
github.com/GoMudEngine/GoMud/internal/rooms/container.go:93.2,93.10 1 1
github.com/GoMudEngine/GoMud/internal/rooms/container.go:96.43,98.39 2 1
github.com/GoMudEngine/GoMud/internal/rooms/container.go:98.39,99.36 1 1
github.com/GoMudEngine/GoMud/internal/rooms/container.go:99.36,101.4 1 1
github.com/GoMudEngine/GoMud/internal/rooms/container.go:103.2,103.14 1 1
github.com/GoMudEngine/GoMud/internal/rooms/corpse.go:16.60,18.16 1 1
github.com/GoMudEngine/GoMud/internal/rooms/corpse.go:18.16,20.3 1 1
github.com/GoMudEngine/GoMud/internal/rooms/corpse.go:22.2,22.21 1 1
github.com/GoMudEngine/GoMud/internal/rooms/corpse.go:22.21,24.3 1 1
github.com/GoMudEngine/GoMud/internal/rooms/corpse.go:26.2,30.28 3 1
github.com/GoMudEngine/GoMud/internal/rooms/corpse.go:30.28,32.3 1 1
github.com/GoMudEngine/GoMud/internal/rooms/ephemeral.go:31.26,33.44 2 1
github.com/GoMudEngine/GoMud/internal/rooms/ephemeral.go:33.44,34.38 1 1
github.com/GoMudEngine/GoMud/internal/rooms/ephemeral.go:34.38,36.4 1 1
github.com/GoMudEngine/GoMud/internal/rooms/ephemeral.go:38.2,38.15 1 1
github.com/GoMudEngine/GoMud/internal/rooms/ephemeral.go:43.45,46.69 2 1
github.com/GoMudEngine/GoMud/internal/rooms/ephemeral.go:46.69,47.31 1 1
github.com/GoMudEngine/GoMud/internal/rooms/ephemeral.go:47.31,49.4 1 1
github.com/GoMudEngine/GoMud/internal/rooms/ephemeral.go:52.2,52.28 1 1
github.com/GoMudEngine/GoMud/internal/rooms/ephemeral.go:56.66,60.23 2 0
github.com/GoMudEngine/GoMud/internal/rooms/ephemeral.go:60.23,62.3 1 0
github.com/GoMudEngine/GoMud/internal/rooms/ephemeral.go:64.2,64.39 1 0
github.com/GoMudEngine/GoMud/internal/rooms/ephemeral.go:64.39,66.3 1 0
github.com/GoMudEngine/GoMud/internal/rooms/ephemeral.go:69.2,70.33 2 0
github.com/GoMudEngine/GoMud/internal/rooms/ephemeral.go:70.33,71.46 1 0
github.com/GoMudEngine/GoMud/internal/rooms/ephemeral.go:71.46,73.4 1 0
github.com/GoMudEngine/GoMud/internal/rooms/ephemeral.go:74.3,74.33 1 0
github.com/GoMudEngine/GoMud/internal/rooms/ephemeral.go:78.2,79.44 2 0
github.com/GoMudEngine/GoMud/internal/rooms/ephemeral.go:79.44,80.39 1 0
github.com/GoMudEngine/GoMud/internal/rooms/ephemeral.go:80.39,82.9 2 0
github.com/GoMudEngine/GoMud/internal/rooms/ephemeral.go:86.2,87.35 2 0
github.com/GoMudEngine/GoMud/internal/rooms/ephemeral.go:87.35,90.18 1 0
github.com/GoMudEngine/GoMud/internal/rooms/ephemeral.go:90.18,91.12 1 0
github.com/GoMudEngine/GoMud/internal/rooms/ephemeral.go:94.3,95.18 2 0
github.com/GoMudEngine/GoMud/internal/rooms/ephemeral.go:95.18,96.12 1 0
github.com/GoMudEngine/GoMud/internal/rooms/ephemeral.go:99.3,110.59 6 0
github.com/GoMudEngine/GoMud/internal/rooms/ephemeral.go:114.2,114.42 1 0
github.com/GoMudEngine/GoMud/internal/rooms/ephemeral.go:114.42,116.18 2 0
github.com/GoMudEngine/GoMud/internal/rooms/ephemeral.go:116.18,117.12 1 0
github.com/GoMudEngine/GoMud/internal/rooms/ephemeral.go:120.3,120.46 1 0
github.com/GoMudEngine/GoMud/internal/rooms/ephemeral.go:120.46,121.72 1 0
github.com/GoMudEngine/GoMud/internal/rooms/ephemeral.go:121.72,124.5 2 0
github.com/GoMudEngine/GoMud/internal/rooms/ephemeral.go:129.2,137.28 3 0
github.com/GoMudEngine/GoMud/internal/rooms/ephemeral.go:141.64,146.61 3 0
github.com/GoMudEngine/GoMud/internal/rooms/ephemeral.go:146.61,149.3 2 0
github.com/GoMudEngine/GoMud/internal/rooms/ephemeral.go:151.2,151.43 1 0
github.com/GoMudEngine/GoMud/internal/rooms/ephemeral.go:154.41,156.2 1 1
github.com/GoMudEngine/GoMud/internal/rooms/ephemeral.go:158.53,162.63 2 0
github.com/GoMudEngine/GoMud/internal/rooms/ephemeral.go:162.63,165.18 2 0
github.com/GoMudEngine/GoMud/internal/rooms/ephemeral.go:165.18,166.12 1 0
github.com/GoMudEngine/GoMud/internal/rooms/ephemeral.go:169.3,169.28 1 0
github.com/GoMudEngine/GoMud/internal/rooms/ephemeral.go:169.28,171.4 1 0
github.com/GoMudEngine/GoMud/internal/rooms/ephemeral.go:174.2,179.63 4 0
github.com/GoMudEngine/GoMud/internal/rooms/ephemeral.go:179.63,183.54 2 0
github.com/GoMudEngine/GoMud/internal/rooms/ephemeral.go:183.54,185.4 1 0
github.com/GoMudEngine/GoMud/internal/rooms/ephemeral.go:186.3,186.54 1 0
github.com/GoMudEngine/GoMud/internal/rooms/ephemeral.go:186.54,188.4 1 0
github.com/GoMudEngine/GoMud/internal/rooms/ephemeral.go:190.3,191.18 2 0
github.com/GoMudEngine/GoMud/internal/rooms/ephemeral.go:191.18,192.12 1 0
github.com/GoMudEngine/GoMud/internal/rooms/ephemeral.go:195.3,196.29 2 0
github.com/GoMudEngine/GoMud/internal/rooms/ephemeral.go:199.2,203.23 3 0
github.com/GoMudEngine/GoMud/internal/rooms/ephemeral.go:207.39,209.15 2 1
github.com/GoMudEngine/GoMud/internal/rooms/ephemeral.go:209.15,211.3 1 1
github.com/GoMudEngine/GoMud/internal/rooms/ephemeral.go:214.2,214.37 1 1
github.com/GoMudEngine/GoMud/internal/rooms/ephemeral.go:214.37,216.3 1 1
github.com/GoMudEngine/GoMud/internal/rooms/ephemeral.go:218.2,218.44 1 0
github.com/GoMudEngine/GoMud/internal/rooms/ephemeral.go:218.44,219.38 1 0
github.com/GoMudEngine/GoMud/internal/rooms/ephemeral.go:219.38,221.4 1 0
github.com/GoMudEngine/GoMud/internal/rooms/ephemeral.go:223.2,223.16 1 0
github.com/GoMudEngine/GoMud/internal/rooms/ephemeral.go:226.38,227.37 1 1
github.com/GoMudEngine/GoMud/internal/rooms/ephemeral.go:227.37,229.3 1 1
github.com/GoMudEngine/GoMud/internal/rooms/ephemeral.go:230.2,230.38 1 1
github.com/GoMudEngine/GoMud/internal/rooms/ephemeral.go:233.13,234.47 1 1
github.com/GoMudEngine/GoMud/internal/rooms/ephemeral.go:234.47,236.3 1 1
github.com/GoMudEngine/GoMud/internal/rooms/memory.go:7.52,17.2 6 1
github.com/GoMudEngine/GoMud/internal/rooms/memory.go:19.13,21.2 1 1
github.com/GoMudEngine/GoMud/internal/rooms/roomdetails.go:41.91,50.24 5 0
github.com/GoMudEngine/GoMud/internal/rooms/roomdetails.go:50.24,52.3 1 0
github.com/GoMudEngine/GoMud/internal/rooms/roomdetails.go:53.2,53.18 1 0
github.com/GoMudEngine/GoMud/internal/rooms/roomdetails.go:53.18,55.3 1 0
github.com/GoMudEngine/GoMud/internal/rooms/roomdetails.go:57.2,59.33 2 0
github.com/GoMudEngine/GoMud/internal/rooms/roomdetails.go:59.33,61.3 1 0
github.com/GoMudEngine/GoMud/internal/rooms/roomdetails.go:63.2,86.30 2 0
github.com/GoMudEngine/GoMud/internal/rooms/roomdetails.go:86.30,88.3 1 0
github.com/GoMudEngine/GoMud/internal/rooms/roomdetails.go:90.2,90.14 1 0
github.com/GoMudEngine/GoMud/internal/rooms/roomdetails.go:90.14,92.3 1 0
github.com/GoMudEngine/GoMud/internal/rooms/roomdetails.go:94.2,94.17 1 0
github.com/GoMudEngine/GoMud/internal/rooms/roomdetails.go:94.17,96.3 1 0
github.com/GoMudEngine/GoMud/internal/rooms/roomdetails.go:98.2,98.23 1 0
github.com/GoMudEngine/GoMud/internal/rooms/roomdetails.go:98.23,100.3 1 0
github.com/GoMudEngine/GoMud/internal/rooms/roomdetails.go:102.2,102.20 1 0
github.com/GoMudEngine/GoMud/internal/rooms/roomdetails.go:102.20,104.3 1 0
github.com/GoMudEngine/GoMud/internal/rooms/roomdetails.go:109.2,110.79 2 0
github.com/GoMudEngine/GoMud/internal/rooms/roomdetails.go:110.79,112.3 1 0
github.com/GoMudEngine/GoMud/internal/rooms/roomdetails.go:114.2,114.22 1 0
github.com/GoMudEngine/GoMud/internal/rooms/roomdetails.go:114.22,119.40 4 0
github.com/GoMudEngine/GoMud/internal/rooms/roomdetails.go:119.40,120.30 1 0
github.com/GoMudEngine/GoMud/internal/rooms/roomdetails.go:120.30,122.5 1 0
github.com/GoMudEngine/GoMud/internal/rooms/roomdetails.go:124.4,124.92 1 0
github.com/GoMudEngine/GoMud/internal/rooms/roomdetails.go:127.3,127.38 1 0
github.com/GoMudEngine/GoMud/internal/rooms/roomdetails.go:127.38,128.31 1 0
github.com/GoMudEngine/GoMud/internal/rooms/roomdetails.go:128.31,129.34 1 0
github.com/GoMudEngine/GoMud/internal/rooms/roomdetails.go:129.34,131.6 1 0
github.com/GoMudEngine/GoMud/internal/rooms/roomdetails.go:135.3,135.56 1 0
github.com/GoMudEngine/GoMud/internal/rooms/roomdetails.go:136.8,140.38 2 0
github.com/GoMudEngine/GoMud/internal/rooms/roomdetails.go:140.38,141.28 1 0
github.com/GoMudEngine/GoMud/internal/rooms/roomdetails.go:141.28,142.34 1 0
github.com/GoMudEngine/GoMud/internal/rooms/roomdetails.go:142.34,144.6 1 0
github.com/GoMudEngine/GoMud/internal/rooms/roomdetails.go:148.3,148.53 1 0
github.com/GoMudEngine/GoMud/internal/rooms/roomdetails.go:151.2,151.36 1 0
github.com/GoMudEngine/GoMud/internal/rooms/roomdetails.go:151.36,154.34 2 0
github.com/GoMudEngine/GoMud/internal/rooms/roomdetails.go:154.34,156.61 1 0
github.com/GoMudEngine/GoMud/internal/rooms/roomdetails.go:156.61,158.40 1 0
github.com/GoMudEngine/GoMud/internal/rooms/roomdetails.go:158.40,160.6 1 0
github.com/GoMudEngine/GoMud/internal/rooms/roomdetails.go:162.10,162.68 1 0
github.com/GoMudEngine/GoMud/internal/rooms/roomdetails.go:162.68,164.40 1 0
github.com/GoMudEngine/GoMud/internal/rooms/roomdetails.go:164.40,166.6 1 0
github.com/GoMudEngine/GoMud/internal/rooms/roomdetails.go:166.11,168.6 1 0
github.com/GoMudEngine/GoMud/internal/rooms/roomdetails.go:170.10,170.67 1 0
github.com/GoMudEngine/GoMud/internal/rooms/roomdetails.go:170.67,172.40 1 0
github.com/GoMudEngine/GoMud/internal/rooms/roomdetails.go:172.40,174.6 1 0
github.com/GoMudEngine/GoMud/internal/rooms/roomdetails.go:180.3,180.41 1 0
github.com/GoMudEngine/GoMud/internal/rooms/roomdetails.go:180.41,183.68 1 0
github.com/GoMudEngine/GoMud/internal/rooms/roomdetails.go:183.68,185.47 1 0
github.com/GoMudEngine/GoMud/internal/rooms/roomdetails.go:185.47,191.6 1 0
github.com/GoMudEngine/GoMud/internal/rooms/roomdetails.go:193.10,193.75 1 0
github.com/GoMudEngine/GoMud/internal/rooms/roomdetails.go:193.75,195.47 1 0
github.com/GoMudEngine/GoMud/internal/rooms/roomdetails.go:195.47,197.6 1 0
github.com/GoMudEngine/GoMud/internal/rooms/roomdetails.go:197.11,199.6 1 0
github.com/GoMudEngine/GoMud/internal/rooms/roomdetails.go:201.10,201.74 1 0
github.com/GoMudEngine/GoMud/internal/rooms/roomdetails.go:201.74,203.47 1 0
github.com/GoMudEngine/GoMud/internal/rooms/roomdetails.go:203.47,209.6 1 0
github.com/GoMudEngine/GoMud/internal/rooms/roomdetails.go:216.3,216.35 1 0
github.com/GoMudEngine/GoMud/internal/rooms/roomdetails.go:216.35,221.44 2 0
github.com/GoMudEngine/GoMud/internal/rooms/roomdetails.go:221.44,224.5 2 0
github.com/GoMudEngine/GoMud/internal/rooms/roomdetails.go:226.4,226.131 1 0
github.com/GoMudEngine/GoMud/internal/rooms/roomdetails.go:231.2,235.123 3 0
github.com/GoMudEngine/GoMud/internal/rooms/roomdetails.go:235.123,237.3 1 0
github.com/GoMudEngine/GoMud/internal/rooms/roomdetails.go:239.2,239.37 1 0
github.com/GoMudEngine/GoMud/internal/rooms/roomdetails.go:239.37,240.30 1 0
github.com/GoMudEngine/GoMud/internal/rooms/roomdetails.go:240.30,245.21 3 0
github.com/GoMudEngine/GoMud/internal/rooms/roomdetails.go:245.21,247.60 1 0
github.com/GoMudEngine/GoMud/internal/rooms/roomdetails.go:247.60,248.95 1 0
github.com/GoMudEngine/GoMud/internal/rooms/roomdetails.go:248.95,249.15 1 0
github.com/GoMudEngine/GoMud/internal/rooms/roomdetails.go:253.5,254.76 2 0
github.com/GoMudEngine/GoMud/internal/rooms/roomdetails.go:259.2,259.70 1 0
github.com/GoMudEngine/GoMud/internal/rooms/roomdetails.go:259.70,261.3 1 0
github.com/GoMudEngine/GoMud/internal/rooms/roomdetails.go:263.2,267.39 3 0
github.com/GoMudEngine/GoMud/internal/rooms/roomdetails.go:267.39,268.57 1 0
github.com/GoMudEngine/GoMud/internal/rooms/roomdetails.go:268.57,269.56 1 0
github.com/GoMudEngine/GoMud/internal/rooms/roomdetails.go:269.56,270.94 1 0
github.com/GoMudEngine/GoMud/internal/rooms/roomdetails.go:270.94,271.14 1 0
github.com/GoMudEngine/GoMud/internal/rooms/roomdetails.go:274.4,274.38 1 0
github.com/GoMudEngine/GoMud/internal/rooms/roomdetails.go:277.2,279.41 2 0
github.com/GoMudEngine/GoMud/internal/rooms/roomdetails.go:279.41,280.57 1 0
github.com/GoMudEngine/GoMud/internal/rooms/roomdetails.go:280.57,282.56 1 0
github.com/GoMudEngine/GoMud/internal/rooms/roomdetails.go:282.56,283.94 1 0
github.com/GoMudEngine/GoMud/internal/rooms/roomdetails.go:283.94,284.14 1 0
github.com/GoMudEngine/GoMud/internal/rooms/roomdetails.go:288.4,293.44 3 0
github.com/GoMudEngine/GoMud/internal/rooms/roomdetails.go:293.44,296.5 2 0
github.com/GoMudEngine/GoMud/internal/rooms/roomdetails.go:298.4,298.41 1 0
github.com/GoMudEngine/GoMud/internal/rooms/roomdetails.go:298.41,299.95 1 0
github.com/GoMudEngine/GoMud/internal/rooms/roomdetails.go:299.95,301.11 2 0
github.com/GoMudEngine/GoMud/internal/rooms/roomdetails.go:305.4,305.33 1 0
github.com/GoMudEngine/GoMud/internal/rooms/roomdetails.go:305.33,307.5 1 0
github.com/GoMudEngine/GoMud/internal/rooms/roomdetails.go:307.10,309.5 1 0
github.com/GoMudEngine/GoMud/internal/rooms/roomdetails.go:310.9,312.4 1 0
github.com/GoMudEngine/GoMud/internal/rooms/roomdetails.go:316.2,318.45 2 0
github.com/GoMudEngine/GoMud/internal/rooms/roomdetails.go:318.45,320.3 1 0
github.com/GoMudEngine/GoMud/internal/rooms/roomdetails.go:324.2,324.41 1 0
github.com/GoMudEngine/GoMud/internal/rooms/roomdetails.go:324.41,327.22 1 0
github.com/GoMudEngine/GoMud/internal/rooms/roomdetails.go:327.22,328.62 1 0
github.com/GoMudEngine/GoMud/internal/rooms/roomdetails.go:328.62,329.54 1 0
github.com/GoMudEngine/GoMud/internal/rooms/roomdetails.go:329.54,331.6 1 0
github.com/GoMudEngine/GoMud/internal/rooms/roomdetails.go:333.9,335.4 1 0
github.com/GoMudEngine/GoMud/internal/rooms/roomdetails.go:339.2,342.30 3 0
github.com/GoMudEngine/GoMud/internal/rooms/roomdetails.go:342.30,343.17 1 0
github.com/GoMudEngine/GoMud/internal/rooms/roomdetails.go:343.17,344.12 1 0
github.com/GoMudEngine/GoMud/internal/rooms/roomdetails.go:347.3,347.18 1 0
github.com/GoMudEngine/GoMud/internal/rooms/roomdetails.go:347.18,349.4 1 0
github.com/GoMudEngine/GoMud/internal/rooms/roomdetails.go:351.3,351.19 1 0
github.com/GoMudEngine/GoMud/internal/rooms/roomdetails.go:351.19,353.4 1 0
github.com/GoMudEngine/GoMud/internal/rooms/roomdetails.go:357.2,357.39 1 0
github.com/GoMudEngine/GoMud/internal/rooms/roomdetails.go:357.39,358.15 1 0
github.com/GoMudEngine/GoMud/internal/rooms/roomdetails.go:358.15,360.4 1 0
github.com/GoMudEngine/GoMud/internal/rooms/roomdetails.go:360.9,362.4 1 0
github.com/GoMudEngine/GoMud/internal/rooms/roomdetails.go:365.2,365.36 1 0
github.com/GoMudEngine/GoMud/internal/rooms/roomdetails.go:365.36,366.15 1 0
github.com/GoMudEngine/GoMud/internal/rooms/roomdetails.go:366.15,368.4 1 0
github.com/GoMudEngine/GoMud/internal/rooms/roomdetails.go:368.9,370.4 1 0
github.com/GoMudEngine/GoMud/internal/rooms/roomdetails.go:374.2,374.36 1 0
github.com/GoMudEngine/GoMud/internal/rooms/roomdetails.go:374.36,376.46 2 0
github.com/GoMudEngine/GoMud/internal/rooms/roomdetails.go:376.46,378.4 1 0
github.com/GoMudEngine/GoMud/internal/rooms/roomdetails.go:381.2,381.87 1 0
github.com/GoMudEngine/GoMud/internal/rooms/roomdetails.go:381.87,383.57 1 0
github.com/GoMudEngine/GoMud/internal/rooms/roomdetails.go:383.57,385.40 1 0
github.com/GoMudEngine/GoMud/internal/rooms/roomdetails.go:385.40,390.5 2 0
github.com/GoMudEngine/GoMud/internal/rooms/roomdetails.go:390.10,394.54 2 0
github.com/GoMudEngine/GoMud/internal/rooms/roomdetails.go:394.54,395.56 1 0
github.com/GoMudEngine/GoMud/internal/rooms/roomdetails.go:395.56,397.7 1 0
github.com/GoMudEngine/GoMud/internal/rooms/roomdetails.go:400.5,401.40 2 0
github.com/GoMudEngine/GoMud/internal/rooms/roomdetails.go:401.40,406.6 2 0
github.com/GoMudEngine/GoMud/internal/rooms/roomdetails.go:406.11,409.24 2 0
github.com/GoMudEngine/GoMud/internal/rooms/roomdetails.go:409.24,414.7 2 0
github.com/GoMudEngine/GoMud/internal/rooms/roomdetails.go:414.12,417.7 1 0
github.com/GoMudEngine/GoMud/internal/rooms/roomdetails.go:425.2,425.90 1 0
github.com/GoMudEngine/GoMud/internal/rooms/roomdetails.go:425.90,426.59 1 0
github.com/GoMudEngine/GoMud/internal/rooms/roomdetails.go:426.59,428.41 1 0
github.com/GoMudEngine/GoMud/internal/rooms/roomdetails.go:428.41,433.5 2 0
github.com/GoMudEngine/GoMud/internal/rooms/roomdetails.go:433.10,437.52 2 0
github.com/GoMudEngine/GoMud/internal/rooms/roomdetails.go:437.52,438.50 1 0
github.com/GoMudEngine/GoMud/internal/rooms/roomdetails.go:438.50,440.7 1 0
github.com/GoMudEngine/GoMud/internal/rooms/roomdetails.go:443.5,444.40 2 0
github.com/GoMudEngine/GoMud/internal/rooms/roomdetails.go:444.40,449.6 2 0
github.com/GoMudEngine/GoMud/internal/rooms/roomdetails.go:449.11,452.24 2 0
github.com/GoMudEngine/GoMud/internal/rooms/roomdetails.go:452.24,457.7 2 0
github.com/GoMudEngine/GoMud/internal/rooms/roomdetails.go:457.12,460.7 1 0
github.com/GoMudEngine/GoMud/internal/rooms/roomdetails.go:468.2,468.16 1 0
github.com/GoMudEngine/GoMud/internal/rooms/roommanager.go:49.39,52.17 2 1
github.com/GoMudEngine/GoMud/internal/rooms/roommanager.go:52.17,54.3 1 1
github.com/GoMudEngine/GoMud/internal/rooms/roommanager.go:56.2,56.54 1 1
github.com/GoMudEngine/GoMud/internal/rooms/roommanager.go:56.54,59.3 2 1
github.com/GoMudEngine/GoMud/internal/rooms/roommanager.go:61.2,66.12 5 1
github.com/GoMudEngine/GoMud/internal/rooms/roommanager.go:69.54,71.65 1 1
github.com/GoMudEngine/GoMud/internal/rooms/roommanager.go:71.65,73.3 1 1
github.com/GoMudEngine/GoMud/internal/rooms/roommanager.go:75.2,77.20 2 1
github.com/GoMudEngine/GoMud/internal/rooms/roommanager.go:77.20,79.3 1 1
github.com/GoMudEngine/GoMud/internal/rooms/roommanager.go:81.2,83.17 2 0
github.com/GoMudEngine/GoMud/internal/rooms/roommanager.go:87.43,94.79 4 1
github.com/GoMudEngine/GoMud/internal/rooms/roommanager.go:94.79,96.17 1 1
github.com/GoMudEngine/GoMud/internal/rooms/roommanager.go:96.17,98.4 1 1
github.com/GoMudEngine/GoMud/internal/rooms/roommanager.go:100.3,100.46 1 0
github.com/GoMudEngine/GoMud/internal/rooms/roommanager.go:100.46,103.4 2 0
github.com/GoMudEngine/GoMud/internal/rooms/roommanager.go:105.3,105.13 1 0
github.com/GoMudEngine/GoMud/internal/rooms/roommanager.go:108.2,108.52 1 1
github.com/GoMudEngine/GoMud/internal/rooms/roommanager.go:118.26,120.2 1 1
github.com/GoMudEngine/GoMud/internal/rooms/roommanager.go:122.36,124.2 1 1
github.com/GoMudEngine/GoMud/internal/rooms/roommanager.go:126.28,130.55 3 1
github.com/GoMudEngine/GoMud/internal/rooms/roommanager.go:130.55,133.3 2 1
github.com/GoMudEngine/GoMud/internal/rooms/roommanager.go:135.2,135.16 1 1
github.com/GoMudEngine/GoMud/internal/rooms/roommanager.go:138.47,143.46 3 1
github.com/GoMudEngine/GoMud/internal/rooms/roommanager.go:143.46,144.30 1 1
github.com/GoMudEngine/GoMud/internal/rooms/roommanager.go:144.30,147.4 2 0
github.com/GoMudEngine/GoMud/internal/rooms/roommanager.go:149.2,149.28 1 1
github.com/GoMudEngine/GoMud/internal/rooms/roommanager.go:152.30,154.15 2 0
github.com/GoMudEngine/GoMud/internal/rooms/roommanager.go:154.15,156.3 1 0
github.com/GoMudEngine/GoMud/internal/rooms/roommanager.go:158.2,166.25 6 0
github.com/GoMudEngine/GoMud/internal/rooms/roommanager.go:166.25,168.3 1 0
github.com/GoMudEngine/GoMud/internal/rooms/roommanager.go:170.2,170.41 1 0
github.com/GoMudEngine/GoMud/internal/rooms/roommanager.go:170.41,175.61 2 0
github.com/GoMudEngine/GoMud/internal/rooms/roommanager.go:175.61,177.62 1 0
github.com/GoMudEngine/GoMud/internal/rooms/roommanager.go:177.62,178.40 1 0
github.com/GoMudEngine/GoMud/internal/rooms/roommanager.go:178.40,179.39 1 0
github.com/GoMudEngine/GoMud/internal/rooms/roommanager.go:179.39,180.34 1 0
github.com/GoMudEngine/GoMud/internal/rooms/roommanager.go:180.34,181.52 1 0
github.com/GoMudEngine/GoMud/internal/rooms/roommanager.go:181.52,183.9 1 0
github.com/GoMudEngine/GoMud/internal/rooms/roommanager.go:184.13,184.46 1 0
github.com/GoMudEngine/GoMud/internal/rooms/roommanager.go:184.46,185.52 1 0
github.com/GoMudEngine/GoMud/internal/rooms/roommanager.go:185.52,187.9 1 0
github.com/GoMudEngine/GoMud/internal/rooms/roommanager.go:195.3,195.70 1 0
github.com/GoMudEngine/GoMud/internal/rooms/roommanager.go:195.70,197.62 1 0
github.com/GoMudEngine/GoMud/internal/rooms/roommanager.go:197.62,198.38 1 0
github.com/GoMudEngine/GoMud/internal/rooms/roommanager.go:198.38,199.41 1 0
github.com/GoMudEngine/GoMud/internal/rooms/roommanager.go:199.41,200.51 1 0
github.com/GoMudEngine/GoMud/internal/rooms/roommanager.go:200.51,202.8 1 0
github.com/GoMudEngine/GoMud/internal/rooms/roommanager.go:209.3,209.49 1 0
github.com/GoMudEngine/GoMud/internal/rooms/roommanager.go:209.49,210.47 1 0
github.com/GoMudEngine/GoMud/internal/rooms/roommanager.go:210.47,213.5 2 0
github.com/GoMudEngine/GoMud/internal/rooms/roommanager.go:218.2,219.26 2 0
github.com/GoMudEngine/GoMud/internal/rooms/roommanager.go:219.26,220.36 1 0
github.com/GoMudEngine/GoMud/internal/rooms/roommanager.go:220.36,223.4 2 0
github.com/GoMudEngine/GoMud/internal/rooms/roommanager.go:226.2,226.23 1 0
github.com/GoMudEngine/GoMud/internal/rooms/roommanager.go:229.33,233.45 3 1
github.com/GoMudEngine/GoMud/internal/rooms/roommanager.go:233.45,236.3 2 1
github.com/GoMudEngine/GoMud/internal/rooms/roommanager.go:238.2,238.18 1 1
github.com/GoMudEngine/GoMud/internal/rooms/roommanager.go:241.48,243.53 1 1
github.com/GoMudEngine/GoMud/internal/rooms/roommanager.go:243.53,246.43 3 1
github.com/GoMudEngine/GoMud/internal/rooms/roommanager.go:246.43,249.4 2 1
github.com/GoMudEngine/GoMud/internal/rooms/roommanager.go:250.3,250.16 1 1
github.com/GoMudEngine/GoMud/internal/rooms/roommanager.go:253.2,253.16 1 1
github.com/GoMudEngine/GoMud/internal/rooms/roommanager.go:256.66,267.37 5 0
github.com/GoMudEngine/GoMud/internal/rooms/roommanager.go:267.37,268.79 1 0
github.com/GoMudEngine/GoMud/internal/rooms/roommanager.go:268.79,270.4 1 0
github.com/GoMudEngine/GoMud/internal/rooms/roommanager.go:273.2,273.34 1 0
github.com/GoMudEngine/GoMud/internal/rooms/roommanager.go:273.34,276.89 1 0
github.com/GoMudEngine/GoMud/internal/rooms/roommanager.go:276.89,277.44 1 0
github.com/GoMudEngine/GoMud/internal/rooms/roommanager.go:277.44,279.5 1 0
github.com/GoMudEngine/GoMud/internal/rooms/roommanager.go:283.3,283.57 1 0
github.com/GoMudEngine/GoMud/internal/rooms/roommanager.go:283.57,285.4 1 0
github.com/GoMudEngine/GoMud/internal/rooms/roommanager.go:288.3,288.20 1 0
github.com/GoMudEngine/GoMud/internal/rooms/roommanager.go:288.20,290.4 1 0
github.com/GoMudEngine/GoMud/internal/rooms/roommanager.go:293.2,294.20 2 0
github.com/GoMudEngine/GoMud/internal/rooms/roommanager.go:294.20,296.3 1 0
github.com/GoMudEngine/GoMud/internal/rooms/roommanager.go:299.2,299.31 1 0
github.com/GoMudEngine/GoMud/internal/rooms/roommanager.go:299.31,301.3 1 0
github.com/GoMudEngine/GoMud/internal/rooms/roommanager.go:303.2,304.24 2 0
github.com/GoMudEngine/GoMud/internal/rooms/roommanager.go:304.24,306.58 2 0
github.com/GoMudEngine/GoMud/internal/rooms/roommanager.go:306.58,308.4 1 0
github.com/GoMudEngine/GoMud/internal/rooms/roommanager.go:311.2,318.42 2 0
github.com/GoMudEngine/GoMud/internal/rooms/roommanager.go:318.42,320.35 2 0
github.com/GoMudEngine/GoMud/internal/rooms/roommanager.go:320.35,321.12 1 0
github.com/GoMudEngine/GoMud/internal/rooms/roommanager.go:323.3,323.45 1 0
github.com/GoMudEngine/GoMud/internal/rooms/roommanager.go:323.45,324.39 1 0
github.com/GoMudEngine/GoMud/internal/rooms/roommanager.go:324.39,326.5 1 0
github.com/GoMudEngine/GoMud/internal/rooms/roommanager.go:333.2,347.12 7 0
github.com/GoMudEngine/GoMud/internal/rooms/roommanager.go:352.116,356.61 3 1
github.com/GoMudEngine/GoMud/internal/rooms/roommanager.go:356.61,357.70 1 0
github.com/GoMudEngine/GoMud/internal/rooms/roommanager.go:357.70,359.4 1 0
github.com/GoMudEngine/GoMud/internal/rooms/roommanager.go:362.2,365.48 3 1
github.com/GoMudEngine/GoMud/internal/rooms/roommanager.go:365.48,367.31 1 1
github.com/GoMudEngine/GoMud/internal/rooms/roommanager.go:367.31,368.12 1 0
github.com/GoMudEngine/GoMud/internal/rooms/roommanager.go:371.3,373.56 2 1
github.com/GoMudEngine/GoMud/internal/rooms/roommanager.go:373.56,374.12 1 0
github.com/GoMudEngine/GoMud/internal/rooms/roommanager.go:377.3,377.22 1 1
github.com/GoMudEngine/GoMud/internal/rooms/roommanager.go:377.22,378.56 1 1
github.com/GoMudEngine/GoMud/internal/rooms/roommanager.go:378.56,379.13 1 1
github.com/GoMudEngine/GoMud/internal/rooms/roommanager.go:381.4,382.19 2 1
github.com/GoMudEngine/GoMud/internal/rooms/roommanager.go:385.3,385.29 1 1
github.com/GoMudEngine/GoMud/internal/rooms/roommanager.go:385.29,386.56 1 1
github.com/GoMudEngine/GoMud/internal/rooms/roommanager.go:386.56,387.13 1 0
github.com/GoMudEngine/GoMud/internal/rooms/roommanager.go:389.4,390.26 2 1
github.com/GoMudEngine/GoMud/internal/rooms/roommanager.go:394.2,394.41 1 1
github.com/GoMudEngine/GoMud/internal/rooms/roommanager.go:394.41,396.3 1 1
github.com/GoMudEngine/GoMud/internal/rooms/roommanager.go:398.2,398.33 1 1
github.com/GoMudEngine/GoMud/internal/rooms/roommanager.go:401.34,406.52 3 1
github.com/GoMudEngine/GoMud/internal/rooms/roommanager.go:406.52,408.3 1 1
github.com/GoMudEngine/GoMud/internal/rooms/roommanager.go:410.2,410.50 1 1
github.com/GoMudEngine/GoMud/internal/rooms/roommanager.go:410.50,412.38 2 1
github.com/GoMudEngine/GoMud/internal/rooms/roommanager.go:412.38,413.26 1 1
github.com/GoMudEngine/GoMud/internal/rooms/roommanager.go:413.26,416.13 3 0
github.com/GoMudEngine/GoMud/internal/rooms/roommanager.go:421.2,421.25 1 1
github.com/GoMudEngine/GoMud/internal/rooms/roommanager.go:421.25,423.37 1 0
github.com/GoMudEngine/GoMud/internal/rooms/roommanager.go:423.37,425.4 1 0
github.com/GoMudEngine/GoMud/internal/rooms/roommanager.go:429.2,429.25 1 1
github.com/GoMudEngine/GoMud/internal/rooms/roommanager.go:432.31,436.51 3 1
github.com/GoMudEngine/GoMud/internal/rooms/roommanager.go:436.51,439.3 2 1
github.com/GoMudEngine/GoMud/internal/rooms/roommanager.go:441.2,441.22 1 1
github.com/GoMudEngine/GoMud/internal/rooms/roommanager.go:445.36,449.9 2 1
github.com/GoMudEngine/GoMud/internal/rooms/roommanager.go:449.9,451.3 1 1
github.com/GoMudEngine/GoMud/internal/rooms/roommanager.go:453.2,453.27 1 1
github.com/GoMudEngine/GoMud/internal/rooms/roommanager.go:453.27,455.3 1 1
github.com/GoMudEngine/GoMud/internal/rooms/roommanager.go:457.2,457.42 1 0
github.com/GoMudEngine/GoMud/internal/rooms/roommanager.go:457.42,459.3 1 0
github.com/GoMudEngine/GoMud/internal/rooms/roommanager.go:461.2,461.46 1 0
github.com/GoMudEngine/GoMud/internal/rooms/roommanager.go:461.46,462.34 1 0
github.com/GoMudEngine/GoMud/internal/rooms/roommanager.go:462.34,464.64 1 0
github.com/GoMudEngine/GoMud/internal/rooms/roommanager.go:464.64,465.42 1 0
github.com/GoMudEngine/GoMud/internal/rooms/roommanager.go:465.42,467.6 1 0
github.com/GoMudEngine/GoMud/internal/rooms/roommanager.go:473.2,475.37 2 0
github.com/GoMudEngine/GoMud/internal/rooms/roommanager.go:478.42,480.2 1 1
github.com/GoMudEngine/GoMud/internal/rooms/roommanager.go:483.64,485.50 1 1
github.com/GoMudEngine/GoMud/internal/rooms/roommanager.go:485.50,487.3 1 0
github.com/GoMudEngine/GoMud/internal/rooms/roommanager.go:489.2,489.49 1 1
github.com/GoMudEngine/GoMud/internal/rooms/roommanager.go:489.49,491.3 1 1
github.com/GoMudEngine/GoMud/internal/rooms/roommanager.go:494.2,500.62 3 1
github.com/GoMudEngine/GoMud/internal/rooms/roommanager.go:500.62,502.3 1 1
github.com/GoMudEngine/GoMud/internal/rooms/roommanager.go:505.2,505.76 1 1
github.com/GoMudEngine/GoMud/internal/rooms/roommanager.go:505.76,507.3 1 1
github.com/GoMudEngine/GoMud/internal/rooms/roommanager.go:510.2,511.9 2 1
github.com/GoMudEngine/GoMud/internal/rooms/roommanager.go:511.9,517.3 1 1
github.com/GoMudEngine/GoMud/internal/rooms/roommanager.go:520.2,524.12 3 1
github.com/GoMudEngine/GoMud/internal/rooms/roommanager.go:527.44,529.49 1 1
github.com/GoMudEngine/GoMud/internal/rooms/roommanager.go:529.49,531.3 1 1
github.com/GoMudEngine/GoMud/internal/rooms/roommanager.go:533.2,533.55 1 1
github.com/GoMudEngine/GoMud/internal/rooms/roommanager.go:536.45,538.2 1 1
github.com/GoMudEngine/GoMud/internal/rooms/roommanager.go:540.36,543.2 2 1
github.com/GoMudEngine/GoMud/internal/rooms/roommanager.go:545.73,547.49 1 1
github.com/GoMudEngine/GoMud/internal/rooms/roommanager.go:547.49,549.3 1 1
github.com/GoMudEngine/GoMud/internal/rooms/roommanager.go:551.2,551.58 1 1
github.com/GoMudEngine/GoMud/internal/rooms/roommanager.go:554.43,555.16 1 1
github.com/GoMudEngine/GoMud/internal/rooms/roommanager.go:555.16,557.3 1 1
github.com/GoMudEngine/GoMud/internal/rooms/roommanager.go:559.2,561.30 2 1
github.com/GoMudEngine/GoMud/internal/rooms/roommanager.go:564.39,568.2 2 1
github.com/GoMudEngine/GoMud/internal/rooms/roommanager.go:570.42,571.16 1 1
github.com/GoMudEngine/GoMud/internal/rooms/roommanager.go:571.16,573.3 1 1
github.com/GoMudEngine/GoMud/internal/rooms/roommanager.go:575.2,575.63 1 1
github.com/GoMudEngine/GoMud/internal/rooms/roommanager.go:575.63,577.3 1 1
github.com/GoMudEngine/GoMud/internal/rooms/roommanager.go:579.2,579.12 1 1
github.com/GoMudEngine/GoMud/internal/rooms/roommanager.go:582.39,584.42 1 1
github.com/GoMudEngine/GoMud/internal/rooms/roommanager.go:584.42,586.3 1 1
github.com/GoMudEngine/GoMud/internal/rooms/roommanager.go:588.2,588.45 1 1
github.com/GoMudEngine/GoMud/internal/rooms/roommanager.go:588.45,589.73 1 1
github.com/GoMudEngine/GoMud/internal/rooms/roommanager.go:589.73,591.4 1 1
github.com/GoMudEngine/GoMud/internal/rooms/roommanager.go:594.2,594.11 1 1
github.com/GoMudEngine/GoMud/internal/rooms/roommanager.go:597.39,599.42 1 1
github.com/GoMudEngine/GoMud/internal/rooms/roommanager.go:599.42,601.3 1 1
github.com/GoMudEngine/GoMud/internal/rooms/roommanager.go:603.2,603.11 1 1
github.com/GoMudEngine/GoMud/internal/rooms/roommanager.go:606.55,610.20 2 0
github.com/GoMudEngine/GoMud/internal/rooms/roommanager.go:610.20,612.3 1 0
github.com/GoMudEngine/GoMud/internal/rooms/roommanager.go:614.2,616.9 3 0
github.com/GoMudEngine/GoMud/internal/rooms/roommanager.go:616.9,618.3 1 0
github.com/GoMudEngine/GoMud/internal/rooms/roommanager.go:619.2,623.9 4 0
github.com/GoMudEngine/GoMud/internal/rooms/roommanager.go:623.9,625.3 1 0
github.com/GoMudEngine/GoMud/internal/rooms/roommanager.go:627.2,627.34 1 0
github.com/GoMudEngine/GoMud/internal/rooms/roommanager.go:627.34,629.3 1 0
github.com/GoMudEngine/GoMud/internal/rooms/roommanager.go:631.2,635.60 4 0
github.com/GoMudEngine/GoMud/internal/rooms/roommanager.go:635.60,637.3 1 0
github.com/GoMudEngine/GoMud/internal/rooms/roommanager.go:639.2,649.12 7 0
github.com/GoMudEngine/GoMud/internal/rooms/roommanager.go:654.58,658.23 2 0
github.com/GoMudEngine/GoMud/internal/rooms/roommanager.go:658.23,660.3 1 0
github.com/GoMudEngine/GoMud/internal/rooms/roommanager.go:662.2,662.53 1 0
github.com/GoMudEngine/GoMud/internal/rooms/roommanager.go:662.53,664.3 1 0
github.com/GoMudEngine/GoMud/internal/rooms/roommanager.go:666.2,669.51 3 0
github.com/GoMudEngine/GoMud/internal/rooms/roommanager.go:669.51,671.3 1 0
github.com/GoMudEngine/GoMud/internal/rooms/roommanager.go:673.2,673.83 1 0
github.com/GoMudEngine/GoMud/internal/rooms/roommanager.go:673.83,675.3 1 0
github.com/GoMudEngine/GoMud/internal/rooms/roommanager.go:677.2,680.59 3 0
github.com/GoMudEngine/GoMud/internal/rooms/roommanager.go:680.59,682.3 1 0
github.com/GoMudEngine/GoMud/internal/rooms/roommanager.go:684.2,686.43 2 0
github.com/GoMudEngine/GoMud/internal/rooms/roommanager.go:686.43,688.3 1 0
github.com/GoMudEngine/GoMud/internal/rooms/roommanager.go:690.2,696.28 3 0
github.com/GoMudEngine/GoMud/internal/rooms/roommanager.go:702.97,707.27 3 0
github.com/GoMudEngine/GoMud/internal/rooms/roommanager.go:707.27,709.3 1 0
github.com/GoMudEngine/GoMud/internal/rooms/roommanager.go:711.2,712.21 2 0
github.com/GoMudEngine/GoMud/internal/rooms/roommanager.go:712.21,714.3 1 0
github.com/GoMudEngine/GoMud/internal/rooms/roommanager.go:716.2,716.43 1 0
github.com/GoMudEngine/GoMud/internal/rooms/roommanager.go:716.43,718.3 1 0
github.com/GoMudEngine/GoMud/internal/rooms/roommanager.go:720.2,721.43 2 0
github.com/GoMudEngine/GoMud/internal/rooms/roommanager.go:721.43,723.3 1 0
github.com/GoMudEngine/GoMud/internal/rooms/roommanager.go:725.2,731.36 6 0
github.com/GoMudEngine/GoMud/internal/rooms/roommanager.go:731.37,733.3 0 0
github.com/GoMudEngine/GoMud/internal/rooms/roommanager.go:735.2,739.34 3 0
github.com/GoMudEngine/GoMud/internal/rooms/roommanager.go:739.34,741.3 1 0
github.com/GoMudEngine/GoMud/internal/rooms/roommanager.go:742.2,753.21 6 0
github.com/GoMudEngine/GoMud/internal/rooms/roommanager.go:759.95,765.27 3 0
github.com/GoMudEngine/GoMud/internal/rooms/roommanager.go:765.27,767.3 1 0
github.com/GoMudEngine/GoMud/internal/rooms/roommanager.go:769.2,770.21 2 0
github.com/GoMudEngine/GoMud/internal/rooms/roommanager.go:770.21,772.3 1 0
github.com/GoMudEngine/GoMud/internal/rooms/roommanager.go:774.2,775.19 2 0
github.com/GoMudEngine/GoMud/internal/rooms/roommanager.go:775.19,777.3 1 0
github.com/GoMudEngine/GoMud/internal/rooms/roommanager.go:780.2,781.34 2 0
github.com/GoMudEngine/GoMud/internal/rooms/roommanager.go:781.34,783.3 1 0
github.com/GoMudEngine/GoMud/internal/rooms/roommanager.go:784.2,789.12 4 0
github.com/GoMudEngine/GoMud/internal/rooms/roommanager.go:792.40,795.9 2 1
github.com/GoMudEngine/GoMud/internal/rooms/roommanager.go:795.9,797.3 1 1
github.com/GoMudEngine/GoMud/internal/rooms/roommanager.go:799.2,799.30 1 1
github.com/GoMudEngine/GoMud/internal/rooms/roommanager.go:802.22,804.32 1 0
github.com/GoMudEngine/GoMud/internal/rooms/roommanager.go:804.32,807.3 2 0
github.com/GoMudEngine/GoMud/internal/rooms/roommanager.go:809.2,809.43 1 0
github.com/GoMudEngine/GoMud/internal/rooms/roommanager.go:809.43,810.48 1 0
github.com/GoMudEngine/GoMud/internal/rooms/rooms.go:108.33,124.2 3 0
github.com/GoMudEngine/GoMud/internal/rooms/rooms.go:126.35,128.2 1 1
github.com/GoMudEngine/GoMud/internal/rooms/rooms.go:131.36,135.24 2 0
github.com/GoMudEngine/GoMud/internal/rooms/rooms.go:135.24,137.3 1 0
github.com/GoMudEngine/GoMud/internal/rooms/rooms.go:139.2,141.20 2 0
github.com/GoMudEngine/GoMud/internal/rooms/rooms.go:141.20,143.21 2 0
github.com/GoMudEngine/GoMud/internal/rooms/rooms.go:143.21,145.4 1 0
github.com/GoMudEngine/GoMud/internal/rooms/rooms.go:146.8,146.26 1 0
github.com/GoMudEngine/GoMud/internal/rooms/rooms.go:146.26,148.21 2 0
github.com/GoMudEngine/GoMud/internal/rooms/rooms.go:148.21,150.4 1 0
github.com/GoMudEngine/GoMud/internal/rooms/rooms.go:154.2,154.36 1 0
github.com/GoMudEngine/GoMud/internal/rooms/rooms.go:154.36,156.25 2 0
github.com/GoMudEngine/GoMud/internal/rooms/rooms.go:156.25,158.4 1 0
github.com/GoMudEngine/GoMud/internal/rooms/rooms.go:162.2,162.20 1 0
github.com/GoMudEngine/GoMud/internal/rooms/rooms.go:162.20,164.3 1 0
github.com/GoMudEngine/GoMud/internal/rooms/rooms.go:164.8,164.27 1 0
github.com/GoMudEngine/GoMud/internal/rooms/rooms.go:164.27,166.3 1 0
github.com/GoMudEngine/GoMud/internal/rooms/rooms.go:169.2,169.20 1 0
github.com/GoMudEngine/GoMud/internal/rooms/rooms.go:169.20,170.78 1 0
github.com/GoMudEngine/GoMud/internal/rooms/rooms.go:170.78,172.22 2 0
github.com/GoMudEngine/GoMud/internal/rooms/rooms.go:172.22,174.5 1 0
github.com/GoMudEngine/GoMud/internal/rooms/rooms.go:178.2,178.19 1 0
github.com/GoMudEngine/GoMud/internal/rooms/rooms.go:181.36,183.2 1 1
github.com/GoMudEngine/GoMud/internal/rooms/rooms.go:185.44,186.37 1 1
github.com/GoMudEngine/GoMud/internal/rooms/rooms.go:186.37,187.30 1 1
github.com/GoMudEngine/GoMud/internal/rooms/rooms.go:187.30,188.12 1 1
github.com/GoMudEngine/GoMud/internal/rooms/rooms.go:190.3,190.32 1 1
github.com/GoMudEngine/GoMud/internal/rooms/rooms.go:190.32,191.12 1 1
github.com/GoMudEngine/GoMud/internal/rooms/rooms.go:193.3,193.48 1 1
github.com/GoMudEngine/GoMud/internal/rooms/rooms.go:193.48,194.12 1 1
github.com/GoMudEngine/GoMud/internal/rooms/rooms.go:196.3,196.44 1 1
github.com/GoMudEngine/GoMud/internal/rooms/rooms.go:196.44,197.12 1 1
github.com/GoMudEngine/GoMud/internal/rooms/rooms.go:200.3,202.14 2 1
github.com/GoMudEngine/GoMud/internal/rooms/rooms.go:204.2,204.14 1 1
github.com/GoMudEngine/GoMud/internal/rooms/rooms.go:207.47,211.29 2 0
github.com/GoMudEngine/GoMud/internal/rooms/rooms.go:211.29,213.3 1 0
github.com/GoMudEngine/GoMud/internal/rooms/rooms.go:215.2,216.37 2 0
github.com/GoMudEngine/GoMud/internal/rooms/rooms.go:216.37,218.22 2 0
github.com/GoMudEngine/GoMud/internal/rooms/rooms.go:218.22,220.24 2 0
github.com/GoMudEngine/GoMud/internal/rooms/rooms.go:220.24,222.5 1 0
github.com/GoMudEngine/GoMud/internal/rooms/rooms.go:223.4,223.25 1 0
github.com/GoMudEngine/GoMud/internal/rooms/rooms.go:223.25,225.5 1 0
github.com/GoMudEngine/GoMud/internal/rooms/rooms.go:227.3,227.26 1 0
github.com/GoMudEngine/GoMud/internal/rooms/rooms.go:230.2,230.43 1 0
github.com/GoMudEngine/GoMud/internal/rooms/rooms.go:230.43,232.3 1 0
github.com/GoMudEngine/GoMud/internal/rooms/rooms.go:235.73,245.2 1 0
github.com/GoMudEngine/GoMud/internal/rooms/rooms.go:247.60,256.2 1 0
github.com/GoMudEngine/GoMud/internal/rooms/rooms.go:258.82,261.71 2 0
github.com/GoMudEngine/GoMud/internal/rooms/rooms.go:261.71,263.58 2 0
github.com/GoMudEngine/GoMud/internal/rooms/rooms.go:263.58,265.4 1 0
github.com/GoMudEngine/GoMud/internal/rooms/rooms.go:268.2,268.35 1 0
github.com/GoMudEngine/GoMud/internal/rooms/rooms.go:268.35,273.16 3 0
github.com/GoMudEngine/GoMud/internal/rooms/rooms.go:273.16,274.45 1 0
github.com/GoMudEngine/GoMud/internal/rooms/rooms.go:274.45,275.28 1 0
github.com/GoMudEngine/GoMud/internal/rooms/rooms.go:275.28,277.11 2 0
github.com/GoMudEngine/GoMud/internal/rooms/rooms.go:282.3,282.11 1 0
github.com/GoMudEngine/GoMud/internal/rooms/rooms.go:282.11,283.12 1 0
github.com/GoMudEngine/GoMud/internal/rooms/rooms.go:286.3,292.5 1 0
github.com/GoMudEngine/GoMud/internal/rooms/rooms.go:297.81,300.32 2 0
github.com/GoMudEngine/GoMud/internal/rooms/rooms.go:300.32,302.3 1 0
github.com/GoMudEngine/GoMud/internal/rooms/rooms.go:303.2,303.36 1 0
github.com/GoMudEngine/GoMud/internal/rooms/rooms.go:303.36,305.3 1 0
github.com/GoMudEngine/GoMud/internal/rooms/rooms.go:307.2,307.37 1 0
github.com/GoMudEngine/GoMud/internal/rooms/rooms.go:307.37,310.21 2 0
github.com/GoMudEngine/GoMud/internal/rooms/rooms.go:310.21,311.12 1 0
github.com/GoMudEngine/GoMud/internal/rooms/rooms.go:314.3,314.46 1 0
github.com/GoMudEngine/GoMud/internal/rooms/rooms.go:314.46,315.32 1 0
github.com/GoMudEngine/GoMud/internal/rooms/rooms.go:315.32,316.13 1 0
github.com/GoMudEngine/GoMud/internal/rooms/rooms.go:319.4,324.6 1 0
github.com/GoMudEngine/GoMud/internal/rooms/rooms.go:331.55,333.32 1 1
github.com/GoMudEngine/GoMud/internal/rooms/rooms.go:333.32,335.3 1 1
github.com/GoMudEngine/GoMud/internal/rooms/rooms.go:337.2,337.18 1 1
github.com/GoMudEngine/GoMud/internal/rooms/rooms.go:337.18,340.3 2 1
github.com/GoMudEngine/GoMud/internal/rooms/rooms.go:341.2,341.34 1 1
github.com/GoMudEngine/GoMud/internal/rooms/rooms.go:344.48,346.32 1 1
github.com/GoMudEngine/GoMud/internal/rooms/rooms.go:346.32,348.3 1 0
github.com/GoMudEngine/GoMud/internal/rooms/rooms.go:350.2,350.47 1 1
github.com/GoMudEngine/GoMud/internal/rooms/rooms.go:350.47,352.3 1 1
github.com/GoMudEngine/GoMud/internal/rooms/rooms.go:353.2,353.12 1 1
github.com/GoMudEngine/GoMud/internal/rooms/rooms.go:356.51,358.28 1 1
github.com/GoMudEngine/GoMud/internal/rooms/rooms.go:358.28,360.3 1 1
github.com/GoMudEngine/GoMud/internal/rooms/rooms.go:362.2,362.18 1 1
github.com/GoMudEngine/GoMud/internal/rooms/rooms.go:362.18,365.3 2 1
github.com/GoMudEngine/GoMud/internal/rooms/rooms.go:366.2,366.30 1 1
github.com/GoMudEngine/GoMud/internal/rooms/rooms.go:369.44,371.28 1 1
github.com/GoMudEngine/GoMud/internal/rooms/rooms.go:371.28,373.3 1 0
github.com/GoMudEngine/GoMud/internal/rooms/rooms.go:375.2,375.43 1 1
github.com/GoMudEngine/GoMud/internal/rooms/rooms.go:375.43,377.3 1 1
github.com/GoMudEngine/GoMud/internal/rooms/rooms.go:378.2,378.12 1 1
github.com/GoMudEngine/GoMud/internal/rooms/rooms.go:381.35,386.47 2 0
github.com/GoMudEngine/GoMud/internal/rooms/rooms.go:386.47,387.56 1 0
github.com/GoMudEngine/GoMud/internal/rooms/rooms.go:387.56,389.4 1 0
github.com/GoMudEngine/GoMud/internal/rooms/rooms.go:392.2,392.11 1 0
github.com/GoMudEngine/GoMud/internal/rooms/rooms.go:395.39,398.2 1 0
github.com/GoMudEngine/GoMud/internal/rooms/rooms.go:400.85,402.24 1 1
github.com/GoMudEngine/GoMud/internal/rooms/rooms.go:402.24,403.33 1 1
github.com/GoMudEngine/GoMud/internal/rooms/rooms.go:403.33,404.26 1 1
github.com/GoMudEngine/GoMud/internal/rooms/rooms.go:404.26,406.5 1 1
github.com/GoMudEngine/GoMud/internal/rooms/rooms.go:410.2,410.40 1 1
github.com/GoMudEngine/GoMud/internal/rooms/rooms.go:413.67,415.24 1 1
github.com/GoMudEngine/GoMud/internal/rooms/rooms.go:415.24,417.3 1 0
github.com/GoMudEngine/GoMud/internal/rooms/rooms.go:419.2,419.32 1 1
github.com/GoMudEngine/GoMud/internal/rooms/rooms.go:419.32,420.73 1 1
github.com/GoMudEngine/GoMud/internal/rooms/rooms.go:420.73,423.4 2 1
github.com/GoMudEngine/GoMud/internal/rooms/rooms.go:426.2,426.14 1 1
github.com/GoMudEngine/GoMud/internal/rooms/rooms.go:431.81,435.24 2 1
github.com/GoMudEngine/GoMud/internal/rooms/rooms.go:435.24,437.3 1 1
github.com/GoMudEngine/GoMud/internal/rooms/rooms.go:439.2,439.23 1 1
github.com/GoMudEngine/GoMud/internal/rooms/rooms.go:439.23,441.3 1 1
github.com/GoMudEngine/GoMud/internal/rooms/rooms.go:442.2,442.40 1 1
github.com/GoMudEngine/GoMud/internal/rooms/rooms.go:442.40,444.3 1 1
github.com/GoMudEngine/GoMud/internal/rooms/rooms.go:445.2,446.13 2 1
github.com/GoMudEngine/GoMud/internal/rooms/rooms.go:451.67,453.23 1 0
github.com/GoMudEngine/GoMud/internal/rooms/rooms.go:453.23,455.3 1 0
github.com/GoMudEngine/GoMud/internal/rooms/rooms.go:457.2,457.37 1 0
github.com/GoMudEngine/GoMud/internal/rooms/rooms.go:457.37,459.44 1 0
github.com/GoMudEngine/GoMud/internal/rooms/rooms.go:459.44,461.32 1 0
github.com/GoMudEngine/GoMud/internal/rooms/rooms.go:461.32,462.33 1 0
github.com/GoMudEngine/GoMud/internal/rooms/rooms.go:462.33,463.14 1 0
github.com/GoMudEngine/GoMud/internal/rooms/rooms.go:465.5,465.27 1 0
github.com/GoMudEngine/GoMud/internal/rooms/rooms.go:475.64,477.23 1 0
github.com/GoMudEngine/GoMud/internal/rooms/rooms.go:477.23,479.3 1 0
github.com/GoMudEngine/GoMud/internal/rooms/rooms.go:481.2,481.35 1 0
github.com/GoMudEngine/GoMud/internal/rooms/rooms.go:481.35,483.44 1 0
github.com/GoMudEngine/GoMud/internal/rooms/rooms.go:483.44,485.32 1 0
github.com/GoMudEngine/GoMud/internal/rooms/rooms.go:485.32,486.33 1 0
github.com/GoMudEngine/GoMud/internal/rooms/rooms.go:486.33,487.14 1 0
github.com/GoMudEngine/GoMud/internal/rooms/rooms.go:489.5,489.27 1 0
github.com/GoMudEngine/GoMud/internal/rooms/rooms.go:499.70,501.23 1 0
github.com/GoMudEngine/GoMud/internal/rooms/rooms.go:501.23,503.3 1 0
github.com/GoMudEngine/GoMud/internal/rooms/rooms.go:505.2,505.45 1 0
github.com/GoMudEngine/GoMud/internal/rooms/rooms.go:505.45,507.44 1 0
github.com/GoMudEngine/GoMud/internal/rooms/rooms.go:507.44,509.32 1 0
github.com/GoMudEngine/GoMud/internal/rooms/rooms.go:509.32,510.33 1 0
github.com/GoMudEngine/GoMud/internal/rooms/rooms.go:510.33,511.14 1 0
github.com/GoMudEngine/GoMud/internal/rooms/rooms.go:513.5,513.27 1 0
github.com/GoMudEngine/GoMud/internal/rooms/rooms.go:521.112,530.26 5 0
github.com/GoMudEngine/GoMud/internal/rooms/rooms.go:530.26,532.3 1 0
github.com/GoMudEngine/GoMud/internal/rooms/rooms.go:534.2,539.9 4 0
github.com/GoMudEngine/GoMud/internal/rooms/rooms.go:539.9,543.3 3 0
github.com/GoMudEngine/GoMud/internal/rooms/rooms.go:545.2,545.25 1 0
github.com/GoMudEngine/GoMud/internal/rooms/rooms.go:545.25,547.3 1 0
github.com/GoMudEngine/GoMud/internal/rooms/rooms.go:548.2,550.22 2 0
github.com/GoMudEngine/GoMud/internal/rooms/rooms.go:556.49,562.27 3 0
github.com/GoMudEngine/GoMud/internal/rooms/rooms.go:562.27,563.34 1 0
github.com/GoMudEngine/GoMud/internal/rooms/rooms.go:563.34,564.56 1 0
github.com/GoMudEngine/GoMud/internal/rooms/rooms.go:564.56,567.5 2 0
github.com/GoMudEngine/GoMud/internal/rooms/rooms.go:572.2,572.42 1 0
github.com/GoMudEngine/GoMud/internal/rooms/rooms.go:572.42,575.31 1 0
github.com/GoMudEngine/GoMud/internal/rooms/rooms.go:575.31,577.65 1 0
github.com/GoMudEngine/GoMud/internal/rooms/rooms.go:577.65,581.13 4 0
github.com/GoMudEngine/GoMud/internal/rooms/rooms.go:583.4,583.12 1 0
github.com/GoMudEngine/GoMud/internal/rooms/rooms.go:587.3,587.35 1 0
github.com/GoMudEngine/GoMud/internal/rooms/rooms.go:587.35,589.94 1 0
github.com/GoMudEngine/GoMud/internal/rooms/rooms.go:589.94,590.13 1 0
github.com/GoMudEngine/GoMud/internal/rooms/rooms.go:599.3,599.26 1 0
github.com/GoMudEngine/GoMud/internal/rooms/rooms.go:599.26,603.30 2 0
github.com/GoMudEngine/GoMud/internal/rooms/rooms.go:603.30,605.26 2 0
github.com/GoMudEngine/GoMud/internal/rooms/rooms.go:605.26,607.6 1 0
github.com/GoMudEngine/GoMud/internal/rooms/rooms.go:610.4,610.96 1 0
github.com/GoMudEngine/GoMud/internal/rooms/rooms.go:610.96,613.22 1 0
github.com/GoMudEngine/GoMud/internal/rooms/rooms.go:613.22,615.6 1 0
github.com/GoMudEngine/GoMud/internal/rooms/rooms.go:617.5,617.35 1 0
github.com/GoMudEngine/GoMud/internal/rooms/rooms.go:617.35,619.6 1 0
github.com/GoMudEngine/GoMud/internal/rooms/rooms.go:622.5,622.40 1 0
github.com/GoMudEngine/GoMud/internal/rooms/rooms.go:622.40,624.6 1 0
github.com/GoMudEngine/GoMud/internal/rooms/rooms.go:626.5,626.37 1 0
github.com/GoMudEngine/GoMud/internal/rooms/rooms.go:626.37,628.6 1 0
github.com/GoMudEngine/GoMud/internal/rooms/rooms.go:630.5,630.38 1 0
github.com/GoMudEngine/GoMud/internal/rooms/rooms.go:630.38,632.6 1 0
github.com/GoMudEngine/GoMud/internal/rooms/rooms.go:635.5,635.32 1 0
github.com/GoMudEngine/GoMud/internal/rooms/rooms.go:635.32,637.6 1 0
github.com/GoMudEngine/GoMud/internal/rooms/rooms.go:639.5,639.31 1 0
github.com/GoMudEngine/GoMud/internal/rooms/rooms.go:639.31,641.6 1 0
github.com/GoMudEngine/GoMud/internal/rooms/rooms.go:643.5,643.33 1 0
github.com/GoMudEngine/GoMud/internal/rooms/rooms.go:643.33,645.6 1 0
github.com/GoMudEngine/GoMud/internal/rooms/rooms.go:647.5,655.33 6 0
github.com/GoMudEngine/GoMud/internal/rooms/rooms.go:658.4,661.12 2 0
github.com/GoMudEngine/GoMud/internal/rooms/rooms.go:664.3,664.49 1 0
github.com/GoMudEngine/GoMud/internal/rooms/rooms.go:664.49,667.33 1 0
github.com/GoMudEngine/GoMud/internal/rooms/rooms.go:667.33,669.103 1 0
github.com/GoMudEngine/GoMud/internal/rooms/rooms.go:669.103,671.63 1 0
github.com/GoMudEngine/GoMud/internal/rooms/rooms.go:671.63,673.7 1 0
github.com/GoMudEngine/GoMud/internal/rooms/rooms.go:677.5,677.32 1 0
github.com/GoMudEngine/GoMud/internal/rooms/rooms.go:677.32,679.6 1 0
github.com/GoMudEngine/GoMud/internal/rooms/rooms.go:681.5,685.13 3 0
github.com/GoMudEngine/GoMud/internal/rooms/rooms.go:688.4,688.88 1 0
github.com/GoMudEngine/GoMud/internal/rooms/rooms.go:688.88,692.101 2 0
github.com/GoMudEngine/GoMud/internal/rooms/rooms.go:692.101,693.63 1 0
github.com/GoMudEngine/GoMud/internal/rooms/rooms.go:693.63,695.7 1 0
github.com/GoMudEngine/GoMud/internal/rooms/rooms.go:698.5,698.40 1 0
github.com/GoMudEngine/GoMud/internal/rooms/rooms.go:698.40,700.6 1 0
github.com/GoMudEngine/GoMud/internal/rooms/rooms.go:702.5,706.33 3 0
github.com/GoMudEngine/GoMud/internal/rooms/rooms.go:715.2,715.25 1 0
github.com/GoMudEngine/GoMud/internal/rooms/rooms.go:715.25,717.3 1 0
github.com/GoMudEngine/GoMud/internal/rooms/rooms.go:719.2,720.31 2 0
github.com/GoMudEngine/GoMud/internal/rooms/rooms.go:720.31,721.30 1 0
github.com/GoMudEngine/GoMud/internal/rooms/rooms.go:721.30,722.12 1 0
github.com/GoMudEngine/GoMud/internal/rooms/rooms.go:724.3,724.49 1 0
github.com/GoMudEngine/GoMud/internal/rooms/rooms.go:727.2,727.41 1 0
github.com/GoMudEngine/GoMud/internal/rooms/rooms.go:727.41,729.56 1 0
github.com/GoMudEngine/GoMud/internal/rooms/rooms.go:729.56,731.31 1 0
github.com/GoMudEngine/GoMud/internal/rooms/rooms.go:731.31,733.5 1 0
github.com/GoMudEngine/GoMud/internal/rooms/rooms.go:740.50,744.42 2 0
github.com/GoMudEngine/GoMud/internal/rooms/rooms.go:744.42,747.31 1 0
github.com/GoMudEngine/GoMud/internal/rooms/rooms.go:747.31,749.65 1 0
github.com/GoMudEngine/GoMud/internal/rooms/rooms.go:749.65,752.19 2 0
github.com/GoMudEngine/GoMud/internal/rooms/rooms.go:752.19,754.6 1 0
github.com/GoMudEngine/GoMud/internal/rooms/rooms.go:754.11,756.6 1 0
github.com/GoMudEngine/GoMud/internal/rooms/rooms.go:761.3,761.31 1 0
github.com/GoMudEngine/GoMud/internal/rooms/rooms.go:765.42,768.16 2 0
github.com/GoMudEngine/GoMud/internal/rooms/rooms.go:768.16,770.3 1 0
github.com/GoMudEngine/GoMud/internal/rooms/rooms.go:772.2,786.51 6 0
github.com/GoMudEngine/GoMud/internal/rooms/rooms.go:789.45,794.30 3 0
github.com/GoMudEngine/GoMud/internal/rooms/rooms.go:794.30,795.33 1 0
github.com/GoMudEngine/GoMud/internal/rooms/rooms.go:795.33,797.9 2 0
github.com/GoMudEngine/GoMud/internal/rooms/rooms.go:801.2,801.21 1 0
github.com/GoMudEngine/GoMud/internal/rooms/rooms.go:801.21,803.3 1 0
github.com/GoMudEngine/GoMud/internal/rooms/rooms.go:806.53,810.11 2 1
github.com/GoMudEngine/GoMud/internal/rooms/rooms.go:810.11,812.3 1 1
github.com/GoMudEngine/GoMud/internal/rooms/rooms.go:812.8,814.3 1 1
github.com/GoMudEngine/GoMud/internal/rooms/rooms.go:818.58,820.43 1 1
github.com/GoMudEngine/GoMud/internal/rooms/rooms.go:820.43,821.26 1 1
github.com/GoMudEngine/GoMud/internal/rooms/rooms.go:821.26,823.4 1 1
github.com/GoMudEngine/GoMud/internal/rooms/rooms.go:824.3,824.13 1 1
github.com/GoMudEngine/GoMud/internal/rooms/rooms.go:824.13,826.4 1 1
github.com/GoMudEngine/GoMud/internal/rooms/rooms.go:826.9,828.4 1 0
github.com/GoMudEngine/GoMud/internal/rooms/rooms.go:829.3,829.31 1 1
github.com/GoMudEngine/GoMud/internal/rooms/rooms.go:831.8,832.37 1 1
github.com/GoMudEngine/GoMud/internal/rooms/rooms.go:832.37,834.47 2 0
github.com/GoMudEngine/GoMud/internal/rooms/rooms.go:834.47,835.28 1 0
github.com/GoMudEngine/GoMud/internal/rooms/rooms.go:835.28,836.14 1 0
github.com/GoMudEngine/GoMud/internal/rooms/rooms.go:838.5,838.15 1 0
github.com/GoMudEngine/GoMud/internal/rooms/rooms.go:838.15,840.6 1 0
github.com/GoMudEngine/GoMud/internal/rooms/rooms.go:840.11,842.6 1 0
github.com/GoMudEngine/GoMud/internal/rooms/rooms.go:843.5,843.36 1 0
github.com/GoMudEngine/GoMud/internal/rooms/rooms.go:850.79,853.36 1 1
github.com/GoMudEngine/GoMud/internal/rooms/rooms.go:853.36,855.46 2 0
github.com/GoMudEngine/GoMud/internal/rooms/rooms.go:855.46,856.9 1 0
github.com/GoMudEngine/GoMud/internal/rooms/rooms.go:860.2,860.9 1 1
github.com/GoMudEngine/GoMud/internal/rooms/rooms.go:860.9,862.3 1 1
github.com/GoMudEngine/GoMud/internal/rooms/rooms.go:864.2,864.21 1 1
github.com/GoMudEngine/GoMud/internal/rooms/rooms.go:867.62,871.38 2 1
github.com/GoMudEngine/GoMud/internal/rooms/rooms.go:871.38,872.18 1 1
github.com/GoMudEngine/GoMud/internal/rooms/rooms.go:872.18,873.12 1 1
github.com/GoMudEngine/GoMud/internal/rooms/rooms.go:875.3,875.27 1 1
github.com/GoMudEngine/GoMud/internal/rooms/rooms.go:875.27,876.12 1 0
github.com/GoMudEngine/GoMud/internal/rooms/rooms.go:879.3,879.35 1 1
github.com/GoMudEngine/GoMud/internal/rooms/rooms.go:882.2,882.36 1 1
github.com/GoMudEngine/GoMud/internal/rooms/rooms.go:882.36,884.42 2 0
github.com/GoMudEngine/GoMud/internal/rooms/rooms.go:884.42,885.19 1 0
github.com/GoMudEngine/GoMud/internal/rooms/rooms.go:885.19,886.13 1 0
github.com/GoMudEngine/GoMud/internal/rooms/rooms.go:888.4,888.28 1 0
github.com/GoMudEngine/GoMud/internal/rooms/rooms.go:888.28,889.13 1 0
github.com/GoMudEngine/GoMud/internal/rooms/rooms.go:891.4,891.36 1 0
github.com/GoMudEngine/GoMud/internal/rooms/rooms.go:895.2,897.41 2 1
github.com/GoMudEngine/GoMud/internal/rooms/rooms.go:897.41,898.25 1 1
github.com/GoMudEngine/GoMud/internal/rooms/rooms.go:898.25,900.4 1 1
github.com/GoMudEngine/GoMud/internal/rooms/rooms.go:901.3,901.18 1 0
github.com/GoMudEngine/GoMud/internal/rooms/rooms.go:904.2,904.14 1 1
github.com/GoMudEngine/GoMud/internal/rooms/rooms.go:907.53,909.11 1 1
github.com/GoMudEngine/GoMud/internal/rooms/rooms.go:909.11,910.42 1 1
github.com/GoMudEngine/GoMud/internal/rooms/rooms.go:910.42,911.28 1 1
github.com/GoMudEngine/GoMud/internal/rooms/rooms.go:911.28,913.10 2 1
github.com/GoMudEngine/GoMud/internal/rooms/rooms.go:916.8,917.42 1 1
github.com/GoMudEngine/GoMud/internal/rooms/rooms.go:917.42,918.28 1 1
github.com/GoMudEngine/GoMud/internal/rooms/rooms.go:918.28,920.10 2 1
github.com/GoMudEngine/GoMud/internal/rooms/rooms.go:927.58,931.11 2 1
github.com/GoMudEngine/GoMud/internal/rooms/rooms.go:931.11,933.3 1 1
github.com/GoMudEngine/GoMud/internal/rooms/rooms.go:935.2,937.14 2 1
github.com/GoMudEngine/GoMud/internal/rooms/rooms.go:940.61,950.32 5 1
github.com/GoMudEngine/GoMud/internal/rooms/rooms.go:950.32,952.17 1 1
github.com/GoMudEngine/GoMud/internal/rooms/rooms.go:952.17,953.12 1 0
github.com/GoMudEngine/GoMud/internal/rooms/rooms.go:956.3,956.19 1 1
github.com/GoMudEngine/GoMud/internal/rooms/rooms.go:956.19,958.46 2 1
github.com/GoMudEngine/GoMud/internal/rooms/rooms.go:958.46,961.5 2 1
github.com/GoMudEngine/GoMud/internal/rooms/rooms.go:964.3,964.18 1 1
github.com/GoMudEngine/GoMud/internal/rooms/rooms.go:964.18,966.43 2 1
github.com/GoMudEngine/GoMud/internal/rooms/rooms.go:966.43,969.5 2 1
github.com/GoMudEngine/GoMud/internal/rooms/rooms.go:973.2,974.21 2 1
github.com/GoMudEngine/GoMud/internal/rooms/rooms.go:974.21,976.3 1 1
github.com/GoMudEngine/GoMud/internal/rooms/rooms.go:978.2,979.20 2 1
github.com/GoMudEngine/GoMud/internal/rooms/rooms.go:979.20,981.3 1 1
github.com/GoMudEngine/GoMud/internal/rooms/rooms.go:983.2,983.26 1 1
github.com/GoMudEngine/GoMud/internal/rooms/rooms.go:983.26,985.3 1 1
github.com/GoMudEngine/GoMud/internal/rooms/rooms.go:985.8,985.32 1 1
github.com/GoMudEngine/GoMud/internal/rooms/rooms.go:985.32,987.3 1 0
github.com/GoMudEngine/GoMud/internal/rooms/rooms.go:989.2,989.24 1 1
github.com/GoMudEngine/GoMud/internal/rooms/rooms.go:992.76,994.11 1 1
github.com/GoMudEngine/GoMud/internal/rooms/rooms.go:994.11,998.28 2 1
github.com/GoMudEngine/GoMud/internal/rooms/rooms.go:998.28,1000.4 1 1
github.com/GoMudEngine/GoMud/internal/rooms/rooms.go:1002.3,1002.33 1 1
github.com/GoMudEngine/GoMud/internal/rooms/rooms.go:1002.33,1004.4 1 0
github.com/GoMudEngine/GoMud/internal/rooms/rooms.go:1006.3,1006.29 1 1
github.com/GoMudEngine/GoMud/internal/rooms/rooms.go:1010.2,1012.27 2 1
github.com/GoMudEngine/GoMud/internal/rooms/rooms.go:1012.27,1014.3 1 1
github.com/GoMudEngine/GoMud/internal/rooms/rooms.go:1016.2,1016.32 1 1
github.com/GoMudEngine/GoMud/internal/rooms/rooms.go:1016.32,1018.3 1 0
github.com/GoMudEngine/GoMud/internal/rooms/rooms.go:1020.2,1020.28 1 1
github.com/GoMudEngine/GoMud/internal/rooms/rooms.go:1023.77,1025.23 1 1
github.com/GoMudEngine/GoMud/internal/rooms/rooms.go:1025.23,1027.3 1 1
github.com/GoMudEngine/GoMud/internal/rooms/rooms.go:1029.2,1029.37 1 1
github.com/GoMudEngine/GoMud/internal/rooms/rooms.go:1029.37,1031.3 1 1
github.com/GoMudEngine/GoMud/internal/rooms/rooms.go:1033.2,1035.28 2 1
github.com/GoMudEngine/GoMud/internal/rooms/rooms.go:1035.28,1036.42 1 0
github.com/GoMudEngine/GoMud/internal/rooms/rooms.go:1036.42,1038.4 1 0
github.com/GoMudEngine/GoMud/internal/rooms/rooms.go:1038.9,1040.4 1 0
github.com/GoMudEngine/GoMud/internal/rooms/rooms.go:1043.2,1044.38 2 1
github.com/GoMudEngine/GoMud/internal/rooms/rooms.go:1047.28,1050.2 1 1
github.com/GoMudEngine/GoMud/internal/rooms/rooms.go:1052.31,1055.2 1 1
github.com/GoMudEngine/GoMud/internal/rooms/rooms.go:1057.53,1060.22 2 1
github.com/GoMudEngine/GoMud/internal/rooms/rooms.go:1060.22,1062.3 1 1
github.com/GoMudEngine/GoMud/internal/rooms/rooms.go:1064.2,1065.24 2 0
github.com/GoMudEngine/GoMud/internal/rooms/rooms.go:1065.24,1067.3 1 0
github.com/GoMudEngine/GoMud/internal/rooms/rooms.go:1067.8,1068.32 1 0
github.com/GoMudEngine/GoMud/internal/rooms/rooms.go:1068.32,1070.4 1 0
github.com/GoMudEngine/GoMud/internal/rooms/rooms.go:1074.2,1074.25 1 0
github.com/GoMudEngine/GoMud/internal/rooms/rooms.go:1074.25,1076.3 1 0
github.com/GoMudEngine/GoMud/internal/rooms/rooms.go:1078.2,1080.31 2 0
github.com/GoMudEngine/GoMud/internal/rooms/rooms.go:1080.31,1083.17 2 0
github.com/GoMudEngine/GoMud/internal/rooms/rooms.go:1083.17,1084.12 1 0
github.com/GoMudEngine/GoMud/internal/rooms/rooms.go:1087.3,1087.26 1 0
github.com/GoMudEngine/GoMud/internal/rooms/rooms.go:1087.26,1089.12 2 0
github.com/GoMudEngine/GoMud/internal/rooms/rooms.go:1092.3,1092.33 1 0
github.com/GoMudEngine/GoMud/internal/rooms/rooms.go:1092.33,1093.92 1 0
github.com/GoMudEngine/GoMud/internal/rooms/rooms.go:1093.92,1095.13 2 0
github.com/GoMudEngine/GoMud/internal/rooms/rooms.go:1097.4,1097.93 1 0
github.com/GoMudEngine/GoMud/internal/rooms/rooms.go:1097.93,1099.13 2 0
github.com/GoMudEngine/GoMud/internal/rooms/rooms.go:1103.3,1103.40 1 0
github.com/GoMudEngine/GoMud/internal/rooms/rooms.go:1103.40,1104.34 1 0
github.com/GoMudEngine/GoMud/internal/rooms/rooms.go:1104.34,1106.13 2 0
github.com/GoMudEngine/GoMud/internal/rooms/rooms.go:1109.4,1109.30 1 0
github.com/GoMudEngine/GoMud/internal/rooms/rooms.go:1109.30,1110.13 1 0
github.com/GoMudEngine/GoMud/internal/rooms/rooms.go:1114.3,1114.100 1 0
github.com/GoMudEngine/GoMud/internal/rooms/rooms.go:1114.100,1116.12 2 0
github.com/GoMudEngine/GoMud/internal/rooms/rooms.go:1120.3,1120.57 1 0
github.com/GoMudEngine/GoMud/internal/rooms/rooms.go:1120.57,1122.12 2 0
github.com/GoMudEngine/GoMud/internal/rooms/rooms.go:1125.3,1127.55 2 0
github.com/GoMudEngine/GoMud/internal/rooms/rooms.go:1127.55,1129.12 2 0
github.com/GoMudEngine/GoMud/internal/rooms/rooms.go:1135.3,1135.102 1 0
github.com/GoMudEngine/GoMud/internal/rooms/rooms.go:1135.102,1137.12 2 0
github.com/GoMudEngine/GoMud/internal/rooms/rooms.go:1140.3,1140.61 1 0
github.com/GoMudEngine/GoMud/internal/rooms/rooms.go:1140.61,1142.12 2 0
github.com/GoMudEngine/GoMud/internal/rooms/rooms.go:1145.3,1145.68 1 0
github.com/GoMudEngine/GoMud/internal/rooms/rooms.go:1145.68,1147.12 2 0
github.com/GoMudEngine/GoMud/internal/rooms/rooms.go:1150.3,1150.77 1 0
github.com/GoMudEngine/GoMud/internal/rooms/rooms.go:1150.77,1152.12 2 0
github.com/GoMudEngine/GoMud/internal/rooms/rooms.go:1155.3,1155.70 1 0
github.com/GoMudEngine/GoMud/internal/rooms/rooms.go:1155.70,1157.12 2 0
github.com/GoMudEngine/GoMud/internal/rooms/rooms.go:1161.2,1161.19 1 0
github.com/GoMudEngine/GoMud/internal/rooms/rooms.go:1164.56,1167.25 2 1
github.com/GoMudEngine/GoMud/internal/rooms/rooms.go:1167.25,1169.3 1 1
github.com/GoMudEngine/GoMud/internal/rooms/rooms.go:1171.2,1172.24 2 1
github.com/GoMudEngine/GoMud/internal/rooms/rooms.go:1172.24,1174.3 1 1
github.com/GoMudEngine/GoMud/internal/rooms/rooms.go:1174.8,1175.32 1 0
github.com/GoMudEngine/GoMud/internal/rooms/rooms.go:1175.32,1177.4 1 0
github.com/GoMudEngine/GoMud/internal/rooms/rooms.go:1181.2,1181.25 1 1
github.com/GoMudEngine/GoMud/internal/rooms/rooms.go:1181.25,1183.3 1 1
github.com/GoMudEngine/GoMud/internal/rooms/rooms.go:1185.2,1187.35 2 0
github.com/GoMudEngine/GoMud/internal/rooms/rooms.go:1187.35,1190.18 2 0
github.com/GoMudEngine/GoMud/internal/rooms/rooms.go:1190.18,1191.12 1 0
github.com/GoMudEngine/GoMud/internal/rooms/rooms.go:1194.3,1194.26 1 0
github.com/GoMudEngine/GoMud/internal/rooms/rooms.go:1194.26,1196.12 2 0
github.com/GoMudEngine/GoMud/internal/rooms/rooms.go:1199.3,1199.34 1 0
github.com/GoMudEngine/GoMud/internal/rooms/rooms.go:1199.34,1200.93 1 0
github.com/GoMudEngine/GoMud/internal/rooms/rooms.go:1200.93,1202.13 2 0
github.com/GoMudEngine/GoMud/internal/rooms/rooms.go:1204.4,1204.94 1 0
github.com/GoMudEngine/GoMud/internal/rooms/rooms.go:1204.94,1206.13 2 0
github.com/GoMudEngine/GoMud/internal/rooms/rooms.go:1210.3,1210.101 1 0
github.com/GoMudEngine/GoMud/internal/rooms/rooms.go:1210.101,1212.12 2 0
github.com/GoMudEngine/GoMud/internal/rooms/rooms.go:1215.3,1217.55 2 0
github.com/GoMudEngine/GoMud/internal/rooms/rooms.go:1217.55,1219.12 2 0
github.com/GoMudEngine/GoMud/internal/rooms/rooms.go:1225.3,1225.87 1 0
github.com/GoMudEngine/GoMud/internal/rooms/rooms.go:1225.87,1227.12 2 0
github.com/GoMudEngine/GoMud/internal/rooms/rooms.go:1230.3,1230.62 1 0
github.com/GoMudEngine/GoMud/internal/rooms/rooms.go:1230.62,1232.12 2 0
github.com/GoMudEngine/GoMud/internal/rooms/rooms.go:1235.3,1235.69 1 0
github.com/GoMudEngine/GoMud/internal/rooms/rooms.go:1235.69,1237.12 2 0
github.com/GoMudEngine/GoMud/internal/rooms/rooms.go:1240.3,1240.78 1 0
github.com/GoMudEngine/GoMud/internal/rooms/rooms.go:1240.78,1242.12 2 0
github.com/GoMudEngine/GoMud/internal/rooms/rooms.go:1245.3,1245.71 1 0
github.com/GoMudEngine/GoMud/internal/rooms/rooms.go:1245.71,1247.12 2 0
github.com/GoMudEngine/GoMud/internal/rooms/rooms.go:1251.2,1251.22 1 0
github.com/GoMudEngine/GoMud/internal/rooms/rooms.go:1254.30,1256.2 1 0
github.com/GoMudEngine/GoMud/internal/rooms/rooms.go:1258.53,1260.37 1 0
github.com/GoMudEngine/GoMud/internal/rooms/rooms.go:1260.37,1261.25 1 0
github.com/GoMudEngine/GoMud/internal/rooms/rooms.go:1261.25,1262.12 1 0
github.com/GoMudEngine/GoMud/internal/rooms/rooms.go:1264.3,1264.49 1 0
github.com/GoMudEngine/GoMud/internal/rooms/rooms.go:1264.49,1265.87 1 0
github.com/GoMudEngine/GoMud/internal/rooms/rooms.go:1265.87,1267.5 1 0
github.com/GoMudEngine/GoMud/internal/rooms/rooms.go:1271.2,1271.14 1 0
github.com/GoMudEngine/GoMud/internal/rooms/rooms.go:1274.50,1276.31 1 0
github.com/GoMudEngine/GoMud/internal/rooms/rooms.go:1276.31,1278.17 2 0
github.com/GoMudEngine/GoMud/internal/rooms/rooms.go:1278.17,1279.12 1 0
github.com/GoMudEngine/GoMud/internal/rooms/rooms.go:1281.3,1281.90 1 0
github.com/GoMudEngine/GoMud/internal/rooms/rooms.go:1281.90,1283.4 1 0
github.com/GoMudEngine/GoMud/internal/rooms/rooms.go:1285.2,1285.14 1 0
github.com/GoMudEngine/GoMud/internal/rooms/rooms.go:1289.60,1294.36 3 0
github.com/GoMudEngine/GoMud/internal/rooms/rooms.go:1294.36,1295.50 1 0
github.com/GoMudEngine/GoMud/internal/rooms/rooms.go:1295.50,1297.4 1 0
github.com/GoMudEngine/GoMud/internal/rooms/rooms.go:1301.2,1301.12 1 0
github.com/GoMudEngine/GoMud/internal/rooms/rooms.go:1304.59,1307.37 1 1
github.com/GoMudEngine/GoMud/internal/rooms/rooms.go:1307.37,1309.3 1 1
github.com/GoMudEngine/GoMud/internal/rooms/rooms.go:1311.2,1313.11 2 1
github.com/GoMudEngine/GoMud/internal/rooms/rooms.go:1316.83,1320.20 2 1
github.com/GoMudEngine/GoMud/internal/rooms/rooms.go:1320.20,1321.32 1 1
github.com/GoMudEngine/GoMud/internal/rooms/rooms.go:1321.32,1323.4 1 1
github.com/GoMudEngine/GoMud/internal/rooms/rooms.go:1326.2,1326.13 1 1
github.com/GoMudEngine/GoMud/internal/rooms/rooms.go:1329.40,1331.2 1 1
github.com/GoMudEngine/GoMud/internal/rooms/rooms.go:1333.41,1336.2 1 1
github.com/GoMudEngine/GoMud/internal/rooms/rooms.go:1338.40,1341.31 2 1
github.com/GoMudEngine/GoMud/internal/rooms/rooms.go:1341.31,1342.30 1 1
github.com/GoMudEngine/GoMud/internal/rooms/rooms.go:1342.30,1344.4 1 1
github.com/GoMudEngine/GoMud/internal/rooms/rooms.go:1347.2,1347.21 1 1
github.com/GoMudEngine/GoMud/internal/rooms/rooms.go:1350.41,1353.31 2 1
github.com/GoMudEngine/GoMud/internal/rooms/rooms.go:1353.31,1354.30 1 1
github.com/GoMudEngine/GoMud/internal/rooms/rooms.go:1354.30,1356.4 1 1
github.com/GoMudEngine/GoMud/internal/rooms/rooms.go:1359.2,1359.21 1 1
github.com/GoMudEngine/GoMud/internal/rooms/rooms.go:1363.89,1373.31 2 1
github.com/GoMudEngine/GoMud/internal/rooms/rooms.go:1373.31,1374.42 1 1
github.com/GoMudEngine/GoMud/internal/rooms/rooms.go:1374.42,1377.4 2 1
github.com/GoMudEngine/GoMud/internal/rooms/rooms.go:1380.2,1381.14 2 1
github.com/GoMudEngine/GoMud/internal/rooms/rooms.go:1384.103,1385.24 1 0
github.com/GoMudEngine/GoMud/internal/rooms/rooms.go:1385.24,1387.3 1 0
github.com/GoMudEngine/GoMud/internal/rooms/rooms.go:1388.2,1390.32 3 0
github.com/GoMudEngine/GoMud/internal/rooms/rooms.go:1393.64,1398.47 3 0
github.com/GoMudEngine/GoMud/internal/rooms/rooms.go:1398.47,1399.44 1 0
github.com/GoMudEngine/GoMud/internal/rooms/rooms.go:1399.44,1402.4 2 0
github.com/GoMudEngine/GoMud/internal/rooms/rooms.go:1405.2,1406.17 2 0
github.com/GoMudEngine/GoMud/internal/rooms/rooms.go:1406.17,1407.23 1 0
github.com/GoMudEngine/GoMud/internal/rooms/rooms.go:1407.23,1409.4 1 0
github.com/GoMudEngine/GoMud/internal/rooms/rooms.go:1410.3,1410.31 1 0
github.com/GoMudEngine/GoMud/internal/rooms/rooms.go:1413.2,1413.25 1 0
github.com/GoMudEngine/GoMud/internal/rooms/rooms.go:1416.88,1418.25 1 0
github.com/GoMudEngine/GoMud/internal/rooms/rooms.go:1418.25,1419.27 1 0
github.com/GoMudEngine/GoMud/internal/rooms/rooms.go:1419.27,1421.4 1 0
github.com/GoMudEngine/GoMud/internal/rooms/rooms.go:1422.3,1422.27 1 0
github.com/GoMudEngine/GoMud/internal/rooms/rooms.go:1422.27,1425.51 2 0
github.com/GoMudEngine/GoMud/internal/rooms/rooms.go:1425.51,1427.24 1 0
github.com/GoMudEngine/GoMud/internal/rooms/rooms.go:1427.24,1428.28 1 0
github.com/GoMudEngine/GoMud/internal/rooms/rooms.go:1428.28,1429.15 1 0
github.com/GoMudEngine/GoMud/internal/rooms/rooms.go:1431.6,1431.21 1 0
github.com/GoMudEngine/GoMud/internal/rooms/rooms.go:1434.4,1434.42 1 0
github.com/GoMudEngine/GoMud/internal/rooms/rooms.go:1438.2,1441.49 3 0
github.com/GoMudEngine/GoMud/internal/rooms/rooms.go:1441.49,1445.3 3 0
github.com/GoMudEngine/GoMud/internal/rooms/rooms.go:1447.2,1449.25 2 0
github.com/GoMudEngine/GoMud/internal/rooms/rooms.go:1449.25,1451.3 1 0
github.com/GoMudEngine/GoMud/internal/rooms/rooms.go:1453.2,1453.25 1 0
github.com/GoMudEngine/GoMud/internal/rooms/rooms.go:1453.25,1455.3 1 0
github.com/GoMudEngine/GoMud/internal/rooms/rooms.go:1457.2,1457.37 1 0
github.com/GoMudEngine/GoMud/internal/rooms/rooms.go:1460.85,1462.25 1 0
github.com/GoMudEngine/GoMud/internal/rooms/rooms.go:1462.25,1463.27 1 0
github.com/GoMudEngine/GoMud/internal/rooms/rooms.go:1463.27,1465.4 1 0
github.com/GoMudEngine/GoMud/internal/rooms/rooms.go:1466.3,1466.27 1 0
github.com/GoMudEngine/GoMud/internal/rooms/rooms.go:1466.27,1469.48 2 0
github.com/GoMudEngine/GoMud/internal/rooms/rooms.go:1469.48,1471.23 1 0
github.com/GoMudEngine/GoMud/internal/rooms/rooms.go:1471.23,1472.27 1 0
github.com/GoMudEngine/GoMud/internal/rooms/rooms.go:1472.27,1473.15 1 0
github.com/GoMudEngine/GoMud/internal/rooms/rooms.go:1475.6,1475.21 1 0
github.com/GoMudEngine/GoMud/internal/rooms/rooms.go:1478.4,1478.41 1 0
github.com/GoMudEngine/GoMud/internal/rooms/rooms.go:1482.2,1485.46 4 0
github.com/GoMudEngine/GoMud/internal/rooms/rooms.go:1485.46,1489.30 2 0
github.com/GoMudEngine/GoMud/internal/rooms/rooms.go:1489.30,1491.12 2 0
github.com/GoMudEngine/GoMud/internal/rooms/rooms.go:1494.3,1496.45 3 0
github.com/GoMudEngine/GoMud/internal/rooms/rooms.go:1501.2,1501.35 1 0
github.com/GoMudEngine/GoMud/internal/rooms/rooms.go:1501.35,1506.3 4 0
github.com/GoMudEngine/GoMud/internal/rooms/rooms.go:1508.2,1510.25 2 0
github.com/GoMudEngine/GoMud/internal/rooms/rooms.go:1510.25,1512.3 1 0
github.com/GoMudEngine/GoMud/internal/rooms/rooms.go:1514.2,1514.25 1 0
github.com/GoMudEngine/GoMud/internal/rooms/rooms.go:1514.25,1516.3 1 0
github.com/GoMudEngine/GoMud/internal/rooms/rooms.go:1518.2,1518.34 1 0
github.com/GoMudEngine/GoMud/internal/rooms/rooms.go:1525.60,1534.34 4 0
github.com/GoMudEngine/GoMud/internal/rooms/rooms.go:1534.34,1535.43 1 0
github.com/GoMudEngine/GoMud/internal/rooms/rooms.go:1535.43,1536.31 1 0
github.com/GoMudEngine/GoMud/internal/rooms/rooms.go:1536.31,1537.13 1 0
github.com/GoMudEngine/GoMud/internal/rooms/rooms.go:1539.4,1540.33 2 0
github.com/GoMudEngine/GoMud/internal/rooms/rooms.go:1543.2,1543.34 1 0
github.com/GoMudEngine/GoMud/internal/rooms/rooms.go:1543.34,1544.43 1 0
github.com/GoMudEngine/GoMud/internal/rooms/rooms.go:1544.43,1545.31 1 0
github.com/GoMudEngine/GoMud/internal/rooms/rooms.go:1545.31,1548.5 2 0
github.com/GoMudEngine/GoMud/internal/rooms/rooms.go:1553.2,1554.28 2 0
github.com/GoMudEngine/GoMud/internal/rooms/rooms.go:1554.28,1555.36 1 0
github.com/GoMudEngine/GoMud/internal/rooms/rooms.go:1555.36,1557.9 2 0
github.com/GoMudEngine/GoMud/internal/rooms/rooms.go:1560.2,1560.52 1 0
github.com/GoMudEngine/GoMud/internal/rooms/rooms.go:1560.52,1562.3 1 0
github.com/GoMudEngine/GoMud/internal/rooms/rooms.go:1565.2,1566.28 2 0
github.com/GoMudEngine/GoMud/internal/rooms/rooms.go:1566.28,1567.27 1 0
github.com/GoMudEngine/GoMud/internal/rooms/rooms.go:1567.27,1569.37 2 0
github.com/GoMudEngine/GoMud/internal/rooms/rooms.go:1569.37,1571.5 1 0
github.com/GoMudEngine/GoMud/internal/rooms/rooms.go:1574.2,1574.10 1 0
github.com/GoMudEngine/GoMud/internal/rooms/rooms.go:1578.46,1580.38 1 1
github.com/GoMudEngine/GoMud/internal/rooms/rooms.go:1580.38,1581.28 1 1
github.com/GoMudEngine/GoMud/internal/rooms/rooms.go:1581.28,1583.4 1 1
github.com/GoMudEngine/GoMud/internal/rooms/rooms.go:1586.2,1586.35 1 1
github.com/GoMudEngine/GoMud/internal/rooms/rooms.go:1586.35,1587.28 1 1
github.com/GoMudEngine/GoMud/internal/rooms/rooms.go:1587.28,1589.4 1 1
github.com/GoMudEngine/GoMud/internal/rooms/rooms.go:1592.2,1592.36 1 1
github.com/GoMudEngine/GoMud/internal/rooms/rooms.go:1592.36,1594.42 2 0
github.com/GoMudEngine/GoMud/internal/rooms/rooms.go:1594.42,1595.29 1 0
github.com/GoMudEngine/GoMud/internal/rooms/rooms.go:1595.29,1597.5 1 0
github.com/GoMudEngine/GoMud/internal/rooms/rooms.go:1601.2,1601.11 1 1
github.com/GoMudEngine/GoMud/internal/rooms/rooms.go:1604.71,1606.28 1 1
github.com/GoMudEngine/GoMud/internal/rooms/rooms.go:1606.28,1608.3 1 1
github.com/GoMudEngine/GoMud/internal/rooms/rooms.go:1610.2,1611.45 2 1
github.com/GoMudEngine/GoMud/internal/rooms/rooms.go:1611.45,1613.3 1 1
github.com/GoMudEngine/GoMud/internal/rooms/rooms.go:1615.2,1617.25 2 1
github.com/GoMudEngine/GoMud/internal/rooms/rooms.go:1617.25,1619.3 1 1
github.com/GoMudEngine/GoMud/internal/rooms/rooms.go:1621.2,1621.19 1 1
github.com/GoMudEngine/GoMud/internal/rooms/rooms.go:1624.81,1625.23 1 1
github.com/GoMudEngine/GoMud/internal/rooms/rooms.go:1625.23,1627.3 1 1
github.com/GoMudEngine/GoMud/internal/rooms/rooms.go:1630.2,1631.50 2 1
github.com/GoMudEngine/GoMud/internal/rooms/rooms.go:1631.50,1633.42 2 1
github.com/GoMudEngine/GoMud/internal/rooms/rooms.go:1633.42,1634.58 1 1
github.com/GoMudEngine/GoMud/internal/rooms/rooms.go:1634.58,1635.43 1 1
github.com/GoMudEngine/GoMud/internal/rooms/rooms.go:1635.43,1636.14 1 1
github.com/GoMudEngine/GoMud/internal/rooms/rooms.go:1638.5,1638.45 1 1
github.com/GoMudEngine/GoMud/internal/rooms/rooms.go:1638.45,1639.14 1 0
github.com/GoMudEngine/GoMud/internal/rooms/rooms.go:1641.5,1641.41 1 1
github.com/GoMudEngine/GoMud/internal/rooms/rooms.go:1647.2,1648.38 2 1
github.com/GoMudEngine/GoMud/internal/rooms/rooms.go:1648.38,1649.42 1 1
github.com/GoMudEngine/GoMud/internal/rooms/rooms.go:1649.42,1650.58 1 0
github.com/GoMudEngine/GoMud/internal/rooms/rooms.go:1650.58,1652.5 1 0
github.com/GoMudEngine/GoMud/internal/rooms/rooms.go:1655.2,1655.24 1 1
github.com/GoMudEngine/GoMud/internal/rooms/rooms.go:1655.24,1657.3 1 1
github.com/GoMudEngine/GoMud/internal/rooms/rooms.go:1660.2,1660.33 1 1
github.com/GoMudEngine/GoMud/internal/rooms/rooms.go:1660.33,1664.41 2 1
github.com/GoMudEngine/GoMud/internal/rooms/rooms.go:1664.41,1665.36 1 1
github.com/GoMudEngine/GoMud/internal/rooms/rooms.go:1665.36,1667.89 2 1
github.com/GoMudEngine/GoMud/internal/rooms/rooms.go:1667.89,1669.6 1 1
github.com/GoMudEngine/GoMud/internal/rooms/rooms.go:1671.10,1673.5 1 1
github.com/GoMudEngine/GoMud/internal/rooms/rooms.go:1677.3,1677.39 1 1
github.com/GoMudEngine/GoMud/internal/rooms/rooms.go:1677.39,1679.37 2 1
github.com/GoMudEngine/GoMud/internal/rooms/rooms.go:1679.37,1680.37 1 1
github.com/GoMudEngine/GoMud/internal/rooms/rooms.go:1680.37,1682.90 2 0
github.com/GoMudEngine/GoMud/internal/rooms/rooms.go:1682.90,1684.7 1 0
github.com/GoMudEngine/GoMud/internal/rooms/rooms.go:1685.11,1687.6 1 1
github.com/GoMudEngine/GoMud/internal/rooms/rooms.go:1689.9,1692.37 2 1
github.com/GoMudEngine/GoMud/internal/rooms/rooms.go:1692.37,1693.37 1 0
github.com/GoMudEngine/GoMud/internal/rooms/rooms.go:1693.37,1695.90 2 0
github.com/GoMudEngine/GoMud/internal/rooms/rooms.go:1695.90,1697.7 1 0
github.com/GoMudEngine/GoMud/internal/rooms/rooms.go:1698.11,1700.6 1 0
github.com/GoMudEngine/GoMud/internal/rooms/rooms.go:1705.3,1705.40 1 1
github.com/GoMudEngine/GoMud/internal/rooms/rooms.go:1705.40,1707.37 2 1
github.com/GoMudEngine/GoMud/internal/rooms/rooms.go:1707.37,1708.37 1 1
github.com/GoMudEngine/GoMud/internal/rooms/rooms.go:1708.37,1710.90 2 0
github.com/GoMudEngine/GoMud/internal/rooms/rooms.go:1710.90,1712.7 1 0
github.com/GoMudEngine/GoMud/internal/rooms/rooms.go:1713.11,1715.6 1 1
github.com/GoMudEngine/GoMud/internal/rooms/rooms.go:1721.2,1721.36 1 1
github.com/GoMudEngine/GoMud/internal/rooms/rooms.go:1721.36,1722.34 1 1
github.com/GoMudEngine/GoMud/internal/rooms/rooms.go:1722.34,1723.35 1 1
github.com/GoMudEngine/GoMud/internal/rooms/rooms.go:1723.35,1724.37 1 1
github.com/GoMudEngine/GoMud/internal/rooms/rooms.go:1724.37,1725.38 1 1
github.com/GoMudEngine/GoMud/internal/rooms/rooms.go:1725.38,1727.73 2 1
github.com/GoMudEngine/GoMud/internal/rooms/rooms.go:1727.73,1729.8 1 1
github.com/GoMudEngine/GoMud/internal/rooms/rooms.go:1730.12,1732.7 1 0
github.com/GoMudEngine/GoMud/internal/rooms/rooms.go:1739.2,1739.36 1 1
github.com/GoMudEngine/GoMud/internal/rooms/rooms.go:1739.36,1740.35 1 1
github.com/GoMudEngine/GoMud/internal/rooms/rooms.go:1740.35,1741.35 1 1
github.com/GoMudEngine/GoMud/internal/rooms/rooms.go:1741.35,1742.21 1 1
github.com/GoMudEngine/GoMud/internal/rooms/rooms.go:1742.21,1743.38 1 1
github.com/GoMudEngine/GoMud/internal/rooms/rooms.go:1743.38,1745.73 2 1
github.com/GoMudEngine/GoMud/internal/rooms/rooms.go:1745.73,1747.8 1 1
github.com/GoMudEngine/GoMud/internal/rooms/rooms.go:1748.12,1750.7 1 0
github.com/GoMudEngine/GoMud/internal/rooms/rooms.go:1756.2,1756.15 1 1
github.com/GoMudEngine/GoMud/internal/rooms/rooms.go:1759.88,1763.37 2 0
github.com/GoMudEngine/GoMud/internal/rooms/rooms.go:1763.37,1765.49 1 0
github.com/GoMudEngine/GoMud/internal/rooms/rooms.go:1765.49,1767.4 1 0
github.com/GoMudEngine/GoMud/internal/rooms/rooms.go:1769.3,1769.53 1 0
github.com/GoMudEngine/GoMud/internal/rooms/rooms.go:1769.53,1771.4 1 0
github.com/GoMudEngine/GoMud/internal/rooms/rooms.go:1773.3,1773.37 1 0
github.com/GoMudEngine/GoMud/internal/rooms/rooms.go:1773.37,1775.53 2 0
github.com/GoMudEngine/GoMud/internal/rooms/rooms.go:1775.53,1777.5 1 0
github.com/GoMudEngine/GoMud/internal/rooms/rooms.go:1780.3,1780.15 1 0
github.com/GoMudEngine/GoMud/internal/rooms/rooms.go:1784.2,1785.35 2 0
github.com/GoMudEngine/GoMud/internal/rooms/rooms.go:1785.35,1787.3 1 0
github.com/GoMudEngine/GoMud/internal/rooms/rooms.go:1789.2,1789.39 1 0
github.com/GoMudEngine/GoMud/internal/rooms/rooms.go:1789.39,1791.3 1 0
github.com/GoMudEngine/GoMud/internal/rooms/rooms.go:1793.2,1794.36 2 0
github.com/GoMudEngine/GoMud/internal/rooms/rooms.go:1794.36,1796.46 2 0
github.com/GoMudEngine/GoMud/internal/rooms/rooms.go:1796.46,1799.4 2 0
github.com/GoMudEngine/GoMud/internal/rooms/rooms.go:1803.2,1805.26 2 0
github.com/GoMudEngine/GoMud/internal/rooms/rooms.go:1805.26,1807.52 2 0
github.com/GoMudEngine/GoMud/internal/rooms/rooms.go:1807.52,1809.4 1 0
github.com/GoMudEngine/GoMud/internal/rooms/rooms.go:1809.9,1809.53 1 0
github.com/GoMudEngine/GoMud/internal/rooms/rooms.go:1809.53,1810.35 1 0
github.com/GoMudEngine/GoMud/internal/rooms/rooms.go:1810.35,1812.5 1 0
github.com/GoMudEngine/GoMud/internal/rooms/rooms.go:1812.10,1814.36 2 0
github.com/GoMudEngine/GoMud/internal/rooms/rooms.go:1814.36,1815.49 1 0
github.com/GoMudEngine/GoMud/internal/rooms/rooms.go:1815.49,1817.7 1 0
github.com/GoMudEngine/GoMud/internal/rooms/rooms.go:1822.2,1822.26 1 0
github.com/GoMudEngine/GoMud/internal/rooms/rooms.go:1822.26,1824.3 1 0
github.com/GoMudEngine/GoMud/internal/rooms/rooms.go:1826.2,1826.45 1 0
github.com/GoMudEngine/GoMud/internal/rooms/rooms.go:1826.45,1828.3 1 0
github.com/GoMudEngine/GoMud/internal/rooms/rooms.go:1830.2,1830.49 1 0
github.com/GoMudEngine/GoMud/internal/rooms/rooms.go:1830.49,1832.3 1 0
github.com/GoMudEngine/GoMud/internal/rooms/rooms.go:1834.2,1834.50 1 0
github.com/GoMudEngine/GoMud/internal/rooms/rooms.go:1834.50,1836.3 1 0
github.com/GoMudEngine/GoMud/internal/rooms/rooms.go:1838.2,1838.14 1 0
github.com/GoMudEngine/GoMud/internal/rooms/rooms.go:1841.63,1847.32 3 0
github.com/GoMudEngine/GoMud/internal/rooms/rooms.go:1847.32,1849.37 2 0
github.com/GoMudEngine/GoMud/internal/rooms/rooms.go:1849.37,1852.4 2 0
github.com/GoMudEngine/GoMud/internal/rooms/rooms.go:1854.2,1854.20 1 0
github.com/GoMudEngine/GoMud/internal/rooms/rooms.go:1857.36,1862.17 3 1
github.com/GoMudEngine/GoMud/internal/rooms/rooms.go:1862.17,1864.3 1 1
github.com/GoMudEngine/GoMud/internal/rooms/rooms.go:1866.2,1866.35 1 1
github.com/GoMudEngine/GoMud/internal/rooms/rooms.go:1866.35,1868.35 2 1
github.com/GoMudEngine/GoMud/internal/rooms/rooms.go:1868.35,1871.4 2 1
github.com/GoMudEngine/GoMud/internal/rooms/rooms.go:1874.2,1874.21 1 1
github.com/GoMudEngine/GoMud/internal/rooms/rooms.go:1877.36,1879.23 1 1
github.com/GoMudEngine/GoMud/internal/rooms/rooms.go:1879.23,1882.3 2 1
github.com/GoMudEngine/GoMud/internal/rooms/rooms.go:1884.2,1887.35 2 0
github.com/GoMudEngine/GoMud/internal/rooms/rooms.go:1887.35,1888.43 1 0
github.com/GoMudEngine/GoMud/internal/rooms/rooms.go:1888.43,1890.4 1 0
github.com/GoMudEngine/GoMud/internal/rooms/rooms.go:1893.2,1893.31 1 0
github.com/GoMudEngine/GoMud/internal/rooms/rooms.go:1893.31,1894.42 1 0
github.com/GoMudEngine/GoMud/internal/rooms/rooms.go:1894.42,1896.4 1 0
github.com/GoMudEngine/GoMud/internal/rooms/rooms.go:1899.2,1901.35 2 0
github.com/GoMudEngine/GoMud/internal/rooms/rooms.go:1901.35,1903.46 1 0
github.com/GoMudEngine/GoMud/internal/rooms/rooms.go:1903.46,1905.37 1 0
github.com/GoMudEngine/GoMud/internal/rooms/rooms.go:1905.37,1909.35 3 0
github.com/GoMudEngine/GoMud/internal/rooms/rooms.go:1909.35,1911.6 1 0
github.com/GoMudEngine/GoMud/internal/rooms/rooms.go:1916.2,1916.16 1 0
github.com/GoMudEngine/GoMud/internal/rooms/rooms.go:1919.63,1921.19 1 0
github.com/GoMudEngine/GoMud/internal/rooms/rooms.go:1921.19,1922.36 1 0
github.com/GoMudEngine/GoMud/internal/rooms/rooms.go:1922.36,1923.54 1 0
github.com/GoMudEngine/GoMud/internal/rooms/rooms.go:1923.54,1924.55 1 0
github.com/GoMudEngine/GoMud/internal/rooms/rooms.go:1924.55,1926.6 1 0
github.com/GoMudEngine/GoMud/internal/rooms/rooms.go:1931.2,1931.20 1 0
github.com/GoMudEngine/GoMud/internal/rooms/rooms.go:1931.20,1932.36 1 0
github.com/GoMudEngine/GoMud/internal/rooms/rooms.go:1932.36,1933.54 1 0
github.com/GoMudEngine/GoMud/internal/rooms/rooms.go:1933.54,1934.57 1 0
github.com/GoMudEngine/GoMud/internal/rooms/rooms.go:1934.57,1936.6 1 0
github.com/GoMudEngine/GoMud/internal/rooms/rooms.go:1941.2,1941.14 1 0
github.com/GoMudEngine/GoMud/internal/rooms/rooms.go:1945.62,1950.42 3 0
github.com/GoMudEngine/GoMud/internal/rooms/rooms.go:1950.42,1953.22 1 0
github.com/GoMudEngine/GoMud/internal/rooms/rooms.go:1953.22,1954.12 1 0
github.com/GoMudEngine/GoMud/internal/rooms/rooms.go:1957.3,1958.22 2 0
github.com/GoMudEngine/GoMud/internal/rooms/rooms.go:1958.22,1959.12 1 0
github.com/GoMudEngine/GoMud/internal/rooms/rooms.go:1962.3,1962.60 1 0
github.com/GoMudEngine/GoMud/internal/rooms/rooms.go:1962.60,1964.33 1 0
github.com/GoMudEngine/GoMud/internal/rooms/rooms.go:1964.33,1965.13 1 0
github.com/GoMudEngine/GoMud/internal/rooms/rooms.go:1968.4,1968.62 1 0
github.com/GoMudEngine/GoMud/internal/rooms/rooms.go:1968.62,1970.83 1 0
github.com/GoMudEngine/GoMud/internal/rooms/rooms.go:1970.83,1971.14 1 0
github.com/GoMudEngine/GoMud/internal/rooms/rooms.go:1974.5,1974.32 1 0
github.com/GoMudEngine/GoMud/internal/rooms/rooms.go:1974.32,1977.6 2 0
github.com/GoMudEngine/GoMud/internal/rooms/rooms.go:1985.2,1985.25 1 0
github.com/GoMudEngine/GoMud/internal/rooms/rooms.go:1989.65,1994.42 3 0
github.com/GoMudEngine/GoMud/internal/rooms/rooms.go:1994.42,1997.22 1 0
github.com/GoMudEngine/GoMud/internal/rooms/rooms.go:1997.22,1998.12 1 0
github.com/GoMudEngine/GoMud/internal/rooms/rooms.go:2001.3,2002.22 2 0
github.com/GoMudEngine/GoMud/internal/rooms/rooms.go:2002.22,2003.12 1 0
github.com/GoMudEngine/GoMud/internal/rooms/rooms.go:2006.3,2006.60 1 0
github.com/GoMudEngine/GoMud/internal/rooms/rooms.go:2006.60,2008.35 1 0
github.com/GoMudEngine/GoMud/internal/rooms/rooms.go:2008.35,2009.13 1 0
github.com/GoMudEngine/GoMud/internal/rooms/rooms.go:2012.4,2012.65 1 0
github.com/GoMudEngine/GoMud/internal/rooms/rooms.go:2012.65,2014.86 1 0
github.com/GoMudEngine/GoMud/internal/rooms/rooms.go:2014.86,2015.14 1 0
github.com/GoMudEngine/GoMud/internal/rooms/rooms.go:2018.5,2018.32 1 0
github.com/GoMudEngine/GoMud/internal/rooms/rooms.go:2018.32,2021.6 2 0
github.com/GoMudEngine/GoMud/internal/rooms/rooms.go:2029.2,2029.25 1 0
github.com/GoMudEngine/GoMud/internal/rooms/rooms.go:2033.28,2044.36 3 0
github.com/GoMudEngine/GoMud/internal/rooms/rooms.go:2044.36,2049.3 4 0
github.com/GoMudEngine/GoMud/internal/rooms/rooms.go:2054.2,2054.42 1 0
github.com/GoMudEngine/GoMud/internal/rooms/rooms.go:2054.42,2057.31 1 0
github.com/GoMudEngine/GoMud/internal/rooms/rooms.go:2057.31,2058.65 1 0
github.com/GoMudEngine/GoMud/internal/rooms/rooms.go:2058.65,2062.5 3 0
github.com/GoMudEngine/GoMud/internal/rooms/rooms.go:2069.2,2069.24 1 0
github.com/GoMudEngine/GoMud/internal/rooms/rooms.go:2069.24,2070.40 1 0
github.com/GoMudEngine/GoMud/internal/rooms/rooms.go:2070.40,2071.58 1 0
github.com/GoMudEngine/GoMud/internal/rooms/rooms.go:2071.58,2073.5 1 0
github.com/GoMudEngine/GoMud/internal/rooms/rooms.go:2080.2,2080.27 1 0
github.com/GoMudEngine/GoMud/internal/rooms/rooms.go:2083.42,2085.30 1 1
github.com/GoMudEngine/GoMud/internal/rooms/rooms.go:2085.30,2086.18 1 1
github.com/GoMudEngine/GoMud/internal/rooms/rooms.go:2086.18,2088.4 1 1
github.com/GoMudEngine/GoMud/internal/rooms/rooms.go:2091.2,2093.23 2 1
github.com/GoMudEngine/GoMud/internal/rooms/rooms.go:2097.53,2099.30 1 1
github.com/GoMudEngine/GoMud/internal/rooms/rooms.go:2099.30,2100.18 1 1
github.com/GoMudEngine/GoMud/internal/rooms/rooms.go:2100.18,2103.4 2 1
github.com/GoMudEngine/GoMud/internal/rooms/rooms.go:2105.2,2105.30 1 1
github.com/GoMudEngine/GoMud/internal/rooms/rooms.go:2113.94,2119.28 4 0
github.com/GoMudEngine/GoMud/internal/rooms/rooms.go:2119.28,2122.3 2 0
github.com/GoMudEngine/GoMud/internal/rooms/rooms.go:2125.2,2125.17 1 0
github.com/GoMudEngine/GoMud/internal/rooms/rooms.go:2125.17,2130.10 2 0
github.com/GoMudEngine/GoMud/internal/rooms/rooms.go:2130.10,2133.4 1 0
github.com/GoMudEngine/GoMud/internal/rooms/rooms.go:2136.3,2136.32 1 0
github.com/GoMudEngine/GoMud/internal/rooms/rooms.go:2136.32,2137.29 1 0
github.com/GoMudEngine/GoMud/internal/rooms/rooms.go:2137.29,2140.5 1 0
github.com/GoMudEngine/GoMud/internal/rooms/rooms.go:2146.2,2146.31 1 0
github.com/GoMudEngine/GoMud/internal/rooms/rooms.go:2146.31,2147.28 1 0
github.com/GoMudEngine/GoMud/internal/rooms/rooms.go:2147.28,2150.4 1 0
github.com/GoMudEngine/GoMud/internal/rooms/rooms.go:2154.2,2154.31 1 0
github.com/GoMudEngine/GoMud/internal/rooms/rooms.go:2154.31,2155.28 1 0
github.com/GoMudEngine/GoMud/internal/rooms/rooms.go:2155.28,2158.4 1 0
github.com/GoMudEngine/GoMud/internal/rooms/rooms.go:2164.2,2164.60 1 0
github.com/GoMudEngine/GoMud/internal/rooms/rooms.go:2164.60,2165.59 1 0
github.com/GoMudEngine/GoMud/internal/rooms/rooms.go:2165.59,2167.4 1 0
github.com/GoMudEngine/GoMud/internal/rooms/rooms.go:2171.2,2171.40 1 0
github.com/GoMudEngine/GoMud/internal/rooms/rooms.go:2171.40,2173.53 1 0
github.com/GoMudEngine/GoMud/internal/rooms/rooms.go:2173.53,2175.62 1 0
github.com/GoMudEngine/GoMud/internal/rooms/rooms.go:2175.62,2176.30 1 0
github.com/GoMudEngine/GoMud/internal/rooms/rooms.go:2176.30,2178.6 1 0
github.com/GoMudEngine/GoMud/internal/rooms/rooms.go:2181.4,2181.58 1 0
github.com/GoMudEngine/GoMud/internal/rooms/rooms.go:2181.58,2182.30 1 0
github.com/GoMudEngine/GoMud/internal/rooms/rooms.go:2182.30,2184.6 1 0
github.com/GoMudEngine/GoMud/internal/rooms/rooms.go:2189.2,2195.17 3 0
github.com/GoMudEngine/GoMud/internal/rooms/rooms.go:2195.17,2201.3 3 0
github.com/GoMudEngine/GoMud/internal/rooms/rooms.go:2201.8,2205.3 1 0
github.com/GoMudEngine/GoMud/internal/rooms/rooms.go:2207.2,2207.13 1 0
github.com/GoMudEngine/GoMud/internal/rooms/rooms.go:2211.25,2213.2 1 1
github.com/GoMudEngine/GoMud/internal/rooms/rooms.go:2215.33,2216.19 1 1
github.com/GoMudEngine/GoMud/internal/rooms/rooms.go:2216.19,2218.3 1 1
github.com/GoMudEngine/GoMud/internal/rooms/rooms.go:2219.2,2219.30 1 1
github.com/GoMudEngine/GoMud/internal/rooms/rooms.go:2219.30,2221.3 1 1
github.com/GoMudEngine/GoMud/internal/rooms/rooms.go:2223.2,2223.26 1 1
github.com/GoMudEngine/GoMud/internal/rooms/rooms.go:2223.26,2225.39 1 1
github.com/GoMudEngine/GoMud/internal/rooms/rooms.go:2225.39,2228.23 1 1
github.com/GoMudEngine/GoMud/internal/rooms/rooms.go:2228.23,2229.43 1 1
github.com/GoMudEngine/GoMud/internal/rooms/rooms.go:2229.43,2231.6 1 1
github.com/GoMudEngine/GoMud/internal/rooms/rooms.go:2235.4,2235.31 1 1
github.com/GoMudEngine/GoMud/internal/rooms/rooms.go:2235.31,2238.5 2 1
github.com/GoMudEngine/GoMud/internal/rooms/rooms.go:2245.2,2245.25 1 1
github.com/GoMudEngine/GoMud/internal/rooms/rooms.go:2245.25,2247.3 1 1
github.com/GoMudEngine/GoMud/internal/rooms/rooms.go:2249.2,2249.25 1 1
github.com/GoMudEngine/GoMud/internal/rooms/rooms.go:2249.25,2251.3 1 1
github.com/GoMudEngine/GoMud/internal/rooms/rooms.go:2253.2,2253.37 1 1
github.com/GoMudEngine/GoMud/internal/rooms/rooms.go:2253.37,2254.26 1 1
github.com/GoMudEngine/GoMud/internal/rooms/rooms.go:2254.26,2256.4 1 1
github.com/GoMudEngine/GoMud/internal/rooms/rooms.go:2257.3,2257.26 1 1
github.com/GoMudEngine/GoMud/internal/rooms/rooms.go:2260.2,2260.12 1 1
github.com/GoMudEngine/GoMud/internal/rooms/rooms.go:2263.38,2264.58 1 1
github.com/GoMudEngine/GoMud/internal/rooms/rooms.go:2264.58,2266.3 1 1
github.com/GoMudEngine/GoMud/internal/rooms/rooms.go:2267.2,2267.20 1 1
github.com/GoMudEngine/GoMud/internal/rooms/rooms.go:2270.34,2272.2 1 1
github.com/GoMudEngine/GoMud/internal/rooms/rooms.go:2274.34,2277.2 2 1
github.com/GoMudEngine/GoMud/internal/rooms/rooms.go:2279.38,2281.19 1 1
github.com/GoMudEngine/GoMud/internal/rooms/rooms.go:2281.19,2282.19 1 0
github.com/GoMudEngine/GoMud/internal/rooms/rooms.go:2282.19,2284.4 1 0
github.com/GoMudEngine/GoMud/internal/rooms/rooms.go:2287.2,2288.9 2 1
github.com/GoMudEngine/GoMud/internal/rooms/rooms.go:2288.9,2291.3 1 1
github.com/GoMudEngine/GoMud/internal/rooms/rooms.go:2293.2,2293.14 1 1
github.com/GoMudEngine/GoMud/internal/rooms/rooms.go:2296.66,2299.60 2 1
github.com/GoMudEngine/GoMud/internal/rooms/rooms.go:2299.60,2301.3 1 1
github.com/GoMudEngine/GoMud/internal/rooms/rooms.go:2303.2,2303.37 1 1
github.com/GoMudEngine/GoMud/internal/rooms/rooms.go:2303.37,2304.18 1 0
github.com/GoMudEngine/GoMud/internal/rooms/rooms.go:2304.18,2306.4 1 0
github.com/GoMudEngine/GoMud/internal/rooms/rooms.go:2311.29,2313.36 2 1
github.com/GoMudEngine/GoMud/internal/rooms/rooms.go:2313.36,2315.23 2 0
github.com/GoMudEngine/GoMud/internal/rooms/rooms.go:2315.23,2317.4 1 0
github.com/GoMudEngine/GoMud/internal/rooms/rooms.go:2317.9,2317.31 1 0
github.com/GoMudEngine/GoMud/internal/rooms/rooms.go:2317.31,2319.4 1 0
github.com/GoMudEngine/GoMud/internal/rooms/rooms.go:2321.2,2321.16 1 1
github.com/GoMudEngine/GoMud/internal/rooms/rooms.go:2325.83,2327.122 1 0
github.com/GoMudEngine/GoMud/internal/rooms/rooms.go:2327.122,2329.3 1 0
github.com/GoMudEngine/GoMud/internal/rooms/rooms.go:2331.2,2337.39 4 0
github.com/GoMudEngine/GoMud/internal/rooms/rooms.go:2337.39,2339.3 1 0
github.com/GoMudEngine/GoMud/internal/rooms/rooms.go:2341.2,2341.108 1 0
github.com/GoMudEngine/GoMud/internal/rooms/rooms.go:2341.108,2343.3 1 0
github.com/GoMudEngine/GoMud/internal/rooms/rooms.go:2345.2,2345.38 1 0
github.com/GoMudEngine/GoMud/internal/rooms/rooms.go:2345.38,2346.16 1 0
github.com/GoMudEngine/GoMud/internal/rooms/rooms.go:2346.16,2348.4 1 0
github.com/GoMudEngine/GoMud/internal/rooms/rooms.go:2349.3,2349.47 1 0
github.com/GoMudEngine/GoMud/internal/rooms/rooms.go:2352.2,2352.12 1 0
github.com/GoMudEngine/GoMud/internal/rooms/save_and_load.go:78.33,81.32 1 1
github.com/GoMudEngine/GoMud/internal/rooms/save_and_load.go:81.32,82.75 1 0
github.com/GoMudEngine/GoMud/internal/rooms/save_and_load.go:82.75,84.4 1 0
github.com/GoMudEngine/GoMud/internal/rooms/save_and_load.go:87.2,87.52 1 1
github.com/GoMudEngine/GoMud/internal/rooms/save_and_load.go:87.52,89.3 1 1
github.com/GoMudEngine/GoMud/internal/rooms/save_and_load.go:91.2,91.51 1 0
github.com/GoMudEngine/GoMud/internal/rooms/save_and_load.go:91.51,94.3 2 0
github.com/GoMudEngine/GoMud/internal/rooms/save_and_load.go:96.2,96.12 1 0
github.com/GoMudEngine/GoMud/internal/rooms/save_and_load.go:100.41,103.17 2 0
github.com/GoMudEngine/GoMud/internal/rooms/save_and_load.go:103.17,105.3 1 0
github.com/GoMudEngine/GoMud/internal/rooms/save_and_load.go:107.2,109.24 2 0
github.com/GoMudEngine/GoMud/internal/rooms/save_and_load.go:109.24,111.3 1 0
github.com/GoMudEngine/GoMud/internal/rooms/save_and_load.go:114.2,116.53 2 0
github.com/GoMudEngine/GoMud/internal/rooms/save_and_load.go:116.53,118.53 1 0
github.com/GoMudEngine/GoMud/internal/rooms/save_and_load.go:118.53,120.4 1 0
github.com/GoMudEngine/GoMud/internal/rooms/save_and_load.go:123.2,123.13 1 0
github.com/GoMudEngine/GoMud/internal/rooms/save_and_load.go:127.41,129.38 1 0
github.com/GoMudEngine/GoMud/internal/rooms/save_and_load.go:129.38,131.3 1 0
github.com/GoMudEngine/GoMud/internal/rooms/save_and_load.go:133.2,135.24 2 0
github.com/GoMudEngine/GoMud/internal/rooms/save_and_load.go:135.24,137.3 1 0
github.com/GoMudEngine/GoMud/internal/rooms/save_and_load.go:139.2,143.16 3 0
github.com/GoMudEngine/GoMud/internal/rooms/save_and_load.go:147.43,149.27 1 0
github.com/GoMudEngine/GoMud/internal/rooms/save_and_load.go:149.27,151.3 1 0
github.com/GoMudEngine/GoMud/internal/rooms/save_and_load.go:154.2,154.25 1 0
github.com/GoMudEngine/GoMud/internal/rooms/save_and_load.go:154.25,157.3 2 0
github.com/GoMudEngine/GoMud/internal/rooms/save_and_load.go:163.2,164.16 2 0
github.com/GoMudEngine/GoMud/internal/rooms/save_and_load.go:164.16,166.3 1 0
github.com/GoMudEngine/GoMud/internal/rooms/save_and_load.go:168.2,172.62 3 0
github.com/GoMudEngine/GoMud/internal/rooms/save_and_load.go:172.62,174.3 1 0
github.com/GoMudEngine/GoMud/internal/rooms/save_and_load.go:177.2,190.69 5 0
github.com/GoMudEngine/GoMud/internal/rooms/save_and_load.go:190.69,192.64 1 0
github.com/GoMudEngine/GoMud/internal/rooms/save_and_load.go:192.64,194.30 1 0
github.com/GoMudEngine/GoMud/internal/rooms/save_and_load.go:194.30,196.5 1 0
github.com/GoMudEngine/GoMud/internal/rooms/save_and_load.go:198.4,198.64 1 0
github.com/GoMudEngine/GoMud/internal/rooms/save_and_load.go:198.64,201.5 2 0
github.com/GoMudEngine/GoMud/internal/rooms/save_and_load.go:203.4,203.52 1 0
github.com/GoMudEngine/GoMud/internal/rooms/save_and_load.go:208.2,208.63 1 0
github.com/GoMudEngine/GoMud/internal/rooms/save_and_load.go:208.63,209.24 1 0
github.com/GoMudEngine/GoMud/internal/rooms/save_and_load.go:209.24,211.4 1 0
github.com/GoMudEngine/GoMud/internal/rooms/save_and_load.go:211.9,213.4 1 0
github.com/GoMudEngine/GoMud/internal/rooms/save_and_load.go:217.2,238.12 10 0
github.com/GoMudEngine/GoMud/internal/rooms/save_and_load.go:242.37,244.21 1 0
github.com/GoMudEngine/GoMud/internal/rooms/save_and_load.go:244.21,246.3 1 0
github.com/GoMudEngine/GoMud/internal/rooms/save_and_load.go:248.2,249.17 2 0
github.com/GoMudEngine/GoMud/internal/rooms/save_and_load.go:249.17,251.3 1 0
github.com/GoMudEngine/GoMud/internal/rooms/save_and_load.go:253.2,259.36 5 0
github.com/GoMudEngine/GoMud/internal/rooms/save_and_load.go:259.36,261.26 2 0
github.com/GoMudEngine/GoMud/internal/rooms/save_and_load.go:261.26,262.12 1 0
github.com/GoMudEngine/GoMud/internal/rooms/save_and_load.go:265.3,266.21 2 0
github.com/GoMudEngine/GoMud/internal/rooms/save_and_load.go:266.21,267.12 1 0
github.com/GoMudEngine/GoMud/internal/rooms/save_and_load.go:270.3,270.42 1 0
github.com/GoMudEngine/GoMud/internal/rooms/save_and_load.go:270.42,271.12 1 0
github.com/GoMudEngine/GoMud/internal/rooms/save_and_load.go:274.3,277.64 3 0
github.com/GoMudEngine/GoMud/internal/rooms/save_and_load.go:277.64,278.12 1 0
github.com/GoMudEngine/GoMud/internal/rooms/save_and_load.go:281.3,283.73 3 0
github.com/GoMudEngine/GoMud/internal/rooms/save_and_load.go:283.73,285.4 1 0
github.com/GoMudEngine/GoMud/internal/rooms/save_and_load.go:287.3,287.50 1 0
github.com/GoMudEngine/GoMud/internal/rooms/save_and_load.go:291.2,295.32 4 0
github.com/GoMudEngine/GoMud/internal/rooms/save_and_load.go:295.32,298.3 2 0
github.com/GoMudEngine/GoMud/internal/rooms/save_and_load.go:300.2,301.16 2 0
github.com/GoMudEngine/GoMud/internal/rooms/save_and_load.go:301.16,303.3 1 0
github.com/GoMudEngine/GoMud/internal/rooms/save_and_load.go:305.2,305.66 1 0
github.com/GoMudEngine/GoMud/internal/rooms/save_and_load.go:305.66,307.3 1 0
github.com/GoMudEngine/GoMud/internal/rooms/save_and_load.go:309.2,309.12 1 0
github.com/GoMudEngine/GoMud/internal/rooms/save_and_load.go:312.59,317.16 3 0
github.com/GoMudEngine/GoMud/internal/rooms/save_and_load.go:317.16,319.3 1 0
github.com/GoMudEngine/GoMud/internal/rooms/save_and_load.go:321.2,321.21 1 0
github.com/GoMudEngine/GoMud/internal/rooms/save_and_load.go:324.27,329.38 4 0
github.com/GoMudEngine/GoMud/internal/rooms/save_and_load.go:329.38,331.22 1 0
github.com/GoMudEngine/GoMud/internal/rooms/save_and_load.go:331.22,332.12 1 0
github.com/GoMudEngine/GoMud/internal/rooms/save_and_load.go:335.3,335.34 1 0
github.com/GoMudEngine/GoMud/internal/rooms/save_and_load.go:335.34,337.12 2 0
github.com/GoMudEngine/GoMud/internal/rooms/save_and_load.go:339.3,339.11 1 0
github.com/GoMudEngine/GoMud/internal/rooms/save_and_load.go:343.2,345.12 2 0
github.com/GoMudEngine/GoMud/internal/rooms/save_and_load.go:349.51,352.72 2 0
github.com/GoMudEngine/GoMud/internal/rooms/save_and_load.go:352.72,354.3 1 0
github.com/GoMudEngine/GoMud/internal/rooms/save_and_load.go:356.2,358.12 2 0
github.com/GoMudEngine/GoMud/internal/rooms/save_and_load.go:362.31,366.15 3 0
github.com/GoMudEngine/GoMud/internal/rooms/save_and_load.go:366.15,367.36 1 0
github.com/GoMudEngine/GoMud/internal/rooms/save_and_load.go:367.36,369.4 1 0
github.com/GoMudEngine/GoMud/internal/rooms/save_and_load.go:372.2,373.16 2 0
github.com/GoMudEngine/GoMud/internal/rooms/save_and_load.go:373.16,375.3 1 0
github.com/GoMudEngine/GoMud/internal/rooms/save_and_load.go:377.2,377.48 1 0
github.com/GoMudEngine/GoMud/internal/rooms/save_and_load.go:377.48,381.56 3 0
github.com/GoMudEngine/GoMud/internal/rooms/save_and_load.go:381.56,383.4 1 0
github.com/GoMudEngine/GoMud/internal/rooms/save_and_load.go:386.2,387.16 2 0
github.com/GoMudEngine/GoMud/internal/rooms/save_and_load.go:387.16,389.3 1 0
github.com/GoMudEngine/GoMud/internal/rooms/save_and_load.go:391.2,393.41 2 0
github.com/GoMudEngine/GoMud/internal/rooms/save_and_load.go:393.41,396.82 1 0
github.com/GoMudEngine/GoMud/internal/rooms/save_and_load.go:396.82,397.12 1 0
github.com/GoMudEngine/GoMud/internal/rooms/save_and_load.go:401.3,401.61 1 0
github.com/GoMudEngine/GoMud/internal/rooms/save_and_load.go:401.61,403.4 1 0
github.com/GoMudEngine/GoMud/internal/rooms/save_and_load.go:405.3,405.41 1 0
github.com/GoMudEngine/GoMud/internal/rooms/save_and_load.go:405.41,407.4 1 0
github.com/GoMudEngine/GoMud/internal/rooms/save_and_load.go:411.2,411.54 1 0
github.com/GoMudEngine/GoMud/internal/rooms/save_and_load.go:411.54,413.21 1 0
github.com/GoMudEngine/GoMud/internal/rooms/save_and_load.go:413.21,415.12 2 0
github.com/GoMudEngine/GoMud/internal/rooms/save_and_load.go:418.3,418.69 1 0
github.com/GoMudEngine/GoMud/internal/rooms/save_and_load.go:421.2,421.41 1 0
github.com/GoMudEngine/GoMud/internal/rooms/save_and_load.go:421.41,424.38 1 0
github.com/GoMudEngine/GoMud/internal/rooms/save_and_load.go:424.38,426.4 1 0
github.com/GoMudEngine/GoMud/internal/rooms/save_and_load.go:429.3,432.55 2 0
github.com/GoMudEngine/GoMud/internal/rooms/save_and_load.go:432.55,435.4 1 0
github.com/GoMudEngine/GoMud/internal/rooms/save_and_load.go:438.2,440.12 2 0
github.com/GoMudEngine/GoMud/internal/rooms/zoneconfig.go:19.34,21.2 1 1
github.com/GoMudEngine/GoMud/internal/rooms/zoneconfig.go:23.39,24.22 1 1
github.com/GoMudEngine/GoMud/internal/rooms/zoneconfig.go:24.22,26.3 1 0
github.com/GoMudEngine/GoMud/internal/rooms/zoneconfig.go:28.2,28.12 1 1
github.com/GoMudEngine/GoMud/internal/rooms/zoneconfig.go:31.40,33.2 1 1
github.com/GoMudEngine/GoMud/internal/rooms/zoneconfig.go:35.40,38.2 2 1
github.com/GoMudEngine/GoMud/internal/rooms/zoneconfig.go:40.46,45.2 1 1
