mode: set
github.com/GoMudEngine/GoMud/internal/usercommands/admin.ai.go:18.106,20.16 1 1
github.com/GoMudEngine/GoMud/internal/usercommands/admin.ai.go:20.16,23.3 2 1
github.com/GoMudEngine/GoMud/internal/usercommands/admin.ai.go:25.2,31.22 4 1
github.com/GoMudEngine/GoMud/internal/usercommands/admin.ai.go:31.22,33.3 1 0
github.com/GoMudEngine/GoMud/internal/usercommands/admin.ai.go:36.2,36.23 1 1
github.com/GoMudEngine/GoMud/internal/usercommands/admin.ai.go:36.23,38.3 1 1
github.com/GoMudEngine/GoMud/internal/usercommands/admin.ai.go:40.2,40.23 1 1
github.com/GoMudEngine/GoMud/internal/usercommands/admin.ai.go:40.23,43.3 2 1
github.com/GoMudEngine/GoMud/internal/usercommands/admin.ai.go:45.2,47.21 2 0
github.com/GoMudEngine/GoMud/internal/usercommands/admin.ai.go:47.21,49.3 1 0
github.com/GoMudEngine/GoMud/internal/usercommands/admin.ai.go:49.8,51.3 1 0
github.com/GoMudEngine/GoMud/internal/usercommands/admin.ai.go:53.2,53.18 1 0
github.com/GoMudEngine/GoMud/internal/usercommands/admin.ai.go:56.106,59.47 2 1
github.com/GoMudEngine/GoMud/internal/usercommands/admin.ai.go:59.47,61.15 2 1
github.com/GoMudEngine/GoMud/internal/usercommands/admin.ai.go:61.15,62.12 1 0
github.com/GoMudEngine/GoMud/internal/usercommands/admin.ai.go:65.3,66.57 2 1
github.com/GoMudEngine/GoMud/internal/usercommands/admin.ai.go:66.57,68.4 1 0
github.com/GoMudEngine/GoMud/internal/usercommands/admin.ai.go:70.3,70.25 1 1
github.com/GoMudEngine/GoMud/internal/usercommands/admin.ai.go:70.25,73.16 3 0
github.com/GoMudEngine/GoMud/internal/usercommands/admin.ai.go:73.16,75.5 1 0
github.com/GoMudEngine/GoMud/internal/usercommands/admin.ai.go:76.4,77.14 2 0
github.com/GoMudEngine/GoMud/internal/usercommands/admin.ai.go:77.14,79.5 1 0
github.com/GoMudEngine/GoMud/internal/usercommands/admin.ai.go:80.4,80.149 1 0
github.com/GoMudEngine/GoMud/internal/usercommands/admin.ai.go:84.2,84.18 1 1
github.com/GoMudEngine/GoMud/internal/usercommands/admin.ai.go:84.18,86.3 1 1
github.com/GoMudEngine/GoMud/internal/usercommands/admin.ai.go:86.8,88.3 1 0
github.com/GoMudEngine/GoMud/internal/usercommands/admin.ai.go:90.2,90.18 1 1
github.com/GoMudEngine/GoMud/internal/usercommands/admin.badcommands.go:17.111,19.21 1 1
github.com/GoMudEngine/GoMud/internal/usercommands/admin.badcommands.go:19.21,21.3 1 1
github.com/GoMudEngine/GoMud/internal/usercommands/admin.badcommands.go:24.2,27.56 3 1
github.com/GoMudEngine/GoMud/internal/usercommands/admin.badcommands.go:27.56,32.3 1 0
github.com/GoMudEngine/GoMud/internal/usercommands/admin.badcommands.go:34.2,39.18 4 1
github.com/GoMudEngine/GoMud/internal/usercommands/admin.buff.go:23.104,31.19 2 1
github.com/GoMudEngine/GoMud/internal/usercommands/admin.buff.go:31.19,33.87 1 1
github.com/GoMudEngine/GoMud/internal/usercommands/admin.buff.go:33.87,37.25 2 1
github.com/GoMudEngine/GoMud/internal/usercommands/admin.buff.go:37.25,39.5 1 1
github.com/GoMudEngine/GoMud/internal/usercommands/admin.buff.go:39.10,41.5 1 1
github.com/GoMudEngine/GoMud/internal/usercommands/admin.buff.go:43.4,48.30 4 1
github.com/GoMudEngine/GoMud/internal/usercommands/admin.buff.go:48.30,50.5 1 1
github.com/GoMudEngine/GoMud/internal/usercommands/admin.buff.go:50.10,51.41 1 1
github.com/GoMudEngine/GoMud/internal/usercommands/admin.buff.go:51.41,52.64 1 1
github.com/GoMudEngine/GoMud/internal/usercommands/admin.buff.go:52.64,54.43 2 1
github.com/GoMudEngine/GoMud/internal/usercommands/admin.buff.go:54.43,56.8 1 1
github.com/GoMudEngine/GoMud/internal/usercommands/admin.buff.go:57.7,58.72 2 1
github.com/GoMudEngine/GoMud/internal/usercommands/admin.buff.go:63.4,65.25 3 1
github.com/GoMudEngine/GoMud/internal/usercommands/admin.buff.go:66.9,72.22 4 1
github.com/GoMudEngine/GoMud/internal/usercommands/admin.buff.go:72.22,75.20 2 1
github.com/GoMudEngine/GoMud/internal/usercommands/admin.buff.go:75.20,77.6 1 0
github.com/GoMudEngine/GoMud/internal/usercommands/admin.buff.go:79.5,82.20 3 1
github.com/GoMudEngine/GoMud/internal/usercommands/admin.buff.go:82.20,85.31 2 1
github.com/GoMudEngine/GoMud/internal/usercommands/admin.buff.go:85.31,87.7 1 0
github.com/GoMudEngine/GoMud/internal/usercommands/admin.buff.go:90.10,90.29 1 1
github.com/GoMudEngine/GoMud/internal/usercommands/admin.buff.go:90.29,93.20 3 1
github.com/GoMudEngine/GoMud/internal/usercommands/admin.buff.go:93.20,96.31 2 0
github.com/GoMudEngine/GoMud/internal/usercommands/admin.buff.go:96.31,98.7 1 0
github.com/GoMudEngine/GoMud/internal/usercommands/admin.buff.go:102.4,102.19 1 1
github.com/GoMudEngine/GoMud/internal/usercommands/admin.buff.go:102.19,106.5 2 1
github.com/GoMudEngine/GoMud/internal/usercommands/admin.buff.go:108.4,108.24 1 1
github.com/GoMudEngine/GoMud/internal/usercommands/admin.buff.go:108.24,110.73 1 1
github.com/GoMudEngine/GoMud/internal/usercommands/admin.buff.go:110.73,112.64 1 1
github.com/GoMudEngine/GoMud/internal/usercommands/admin.buff.go:112.64,116.7 2 1
github.com/GoMudEngine/GoMud/internal/usercommands/admin.buff.go:116.12,118.7 1 1
github.com/GoMudEngine/GoMud/internal/usercommands/admin.buff.go:120.6,120.22 1 1
github.com/GoMudEngine/GoMud/internal/usercommands/admin.buff.go:124.4,124.31 1 1
github.com/GoMudEngine/GoMud/internal/usercommands/admin.buff.go:124.31,126.77 1 0
github.com/GoMudEngine/GoMud/internal/usercommands/admin.buff.go:126.77,128.64 1 0
github.com/GoMudEngine/GoMud/internal/usercommands/admin.buff.go:128.64,132.7 2 0
github.com/GoMudEngine/GoMud/internal/usercommands/admin.buff.go:132.12,134.7 1 0
github.com/GoMudEngine/GoMud/internal/usercommands/admin.buff.go:136.6,136.22 1 0
github.com/GoMudEngine/GoMud/internal/usercommands/admin.buff.go:143.2,149.18 4 1
github.com/GoMudEngine/GoMud/internal/usercommands/admin.build.go:20.105,27.19 2 1
github.com/GoMudEngine/GoMud/internal/usercommands/admin.build.go:27.19,31.3 2 1
github.com/GoMudEngine/GoMud/internal/usercommands/admin.build.go:31.8,34.24 1 0
github.com/GoMudEngine/GoMud/internal/usercommands/admin.build.go:34.24,38.61 2 0
github.com/GoMudEngine/GoMud/internal/usercommands/admin.build.go:38.61,40.5 1 0
github.com/GoMudEngine/GoMud/internal/usercommands/admin.build.go:40.10,43.65 2 0
github.com/GoMudEngine/GoMud/internal/usercommands/admin.build.go:43.65,45.6 1 0
github.com/GoMudEngine/GoMud/internal/usercommands/admin.build.go:45.11,51.6 2 0
github.com/GoMudEngine/GoMud/internal/usercommands/admin.build.go:58.3,58.24 1 0
github.com/GoMudEngine/GoMud/internal/usercommands/admin.build.go:58.24,73.82 6 0
github.com/GoMudEngine/GoMud/internal/usercommands/admin.build.go:73.82,76.5 2 0
github.com/GoMudEngine/GoMud/internal/usercommands/admin.build.go:80.4,80.21 1 0
github.com/GoMudEngine/GoMud/internal/usercommands/admin.build.go:80.21,82.5 1 0
github.com/GoMudEngine/GoMud/internal/usercommands/admin.build.go:82.10,84.5 1 0
github.com/GoMudEngine/GoMud/internal/usercommands/admin.build.go:86.4,86.28 1 0
github.com/GoMudEngine/GoMud/internal/usercommands/admin.build.go:86.28,87.101 1 0
github.com/GoMudEngine/GoMud/internal/usercommands/admin.build.go:87.101,90.6 2 0
github.com/GoMudEngine/GoMud/internal/usercommands/admin.build.go:94.4,98.22 3 0
github.com/GoMudEngine/GoMud/internal/usercommands/admin.build.go:98.22,103.5 4 0
github.com/GoMudEngine/GoMud/internal/usercommands/admin.build.go:106.4,108.23 2 0
github.com/GoMudEngine/GoMud/internal/usercommands/admin.build.go:108.23,113.19 2 0
github.com/GoMudEngine/GoMud/internal/usercommands/admin.build.go:113.19,117.6 3 0
github.com/GoMudEngine/GoMud/internal/usercommands/admin.build.go:119.5,119.30 1 0
github.com/GoMudEngine/GoMud/internal/usercommands/admin.build.go:121.10,123.54 2 0
github.com/GoMudEngine/GoMud/internal/usercommands/admin.build.go:123.54,125.6 1 0
github.com/GoMudEngine/GoMud/internal/usercommands/admin.build.go:129.4,129.31 1 0
github.com/GoMudEngine/GoMud/internal/usercommands/admin.build.go:129.31,131.5 1 0
github.com/GoMudEngine/GoMud/internal/usercommands/admin.build.go:133.4,133.80 1 0
github.com/GoMudEngine/GoMud/internal/usercommands/admin.build.go:133.80,135.5 1 0
github.com/GoMudEngine/GoMud/internal/usercommands/admin.build.go:135.10,142.5 2 0
github.com/GoMudEngine/GoMud/internal/usercommands/admin.build.go:148.2,148.18 1 1
github.com/GoMudEngine/GoMud/internal/usercommands/admin.combatstats.go:20.111,22.16 1 1
github.com/GoMudEngine/GoMud/internal/usercommands/admin.combatstats.go:22.16,26.3 3 1
github.com/GoMudEngine/GoMud/internal/usercommands/admin.combatstats.go:28.2,30.34 2 1
github.com/GoMudEngine/GoMud/internal/usercommands/admin.combatstats.go:31.17,32.45 1 1
github.com/GoMudEngine/GoMud/internal/usercommands/admin.combatstats.go:33.15,34.33 1 1
github.com/GoMudEngine/GoMud/internal/usercommands/admin.combatstats.go:35.18,36.36 1 1
github.com/GoMudEngine/GoMud/internal/usercommands/admin.combatstats.go:37.17,38.35 1 1
github.com/GoMudEngine/GoMud/internal/usercommands/admin.combatstats.go:39.18,40.36 1 1
github.com/GoMudEngine/GoMud/internal/usercommands/admin.combatstats.go:41.15,42.33 1 1
github.com/GoMudEngine/GoMud/internal/usercommands/admin.combatstats.go:43.16,44.34 1 1
github.com/GoMudEngine/GoMud/internal/usercommands/admin.combatstats.go:45.10,47.28 2 1
github.com/GoMudEngine/GoMud/internal/usercommands/admin.combatstats.go:50.2,50.18 1 1
github.com/GoMudEngine/GoMud/internal/usercommands/admin.combatstats.go:53.79,58.19 3 1
github.com/GoMudEngine/GoMud/internal/usercommands/admin.combatstats.go:58.19,61.3 2 1
github.com/GoMudEngine/GoMud/internal/usercommands/admin.combatstats.go:61.8,63.3 1 1
github.com/GoMudEngine/GoMud/internal/usercommands/admin.combatstats.go:65.2,65.24 1 1
github.com/GoMudEngine/GoMud/internal/usercommands/admin.combatstats.go:65.24,66.24 1 1
github.com/GoMudEngine/GoMud/internal/usercommands/admin.combatstats.go:66.24,69.4 1 1
github.com/GoMudEngine/GoMud/internal/usercommands/admin.combatstats.go:69.9,71.4 1 1
github.com/GoMudEngine/GoMud/internal/usercommands/admin.combatstats.go:72.3,72.19 1 1
github.com/GoMudEngine/GoMud/internal/usercommands/admin.combatstats.go:75.2,76.23 2 0
github.com/GoMudEngine/GoMud/internal/usercommands/admin.combatstats.go:76.23,78.3 1 0
github.com/GoMudEngine/GoMud/internal/usercommands/admin.combatstats.go:80.2,81.16 2 0
github.com/GoMudEngine/GoMud/internal/usercommands/admin.combatstats.go:81.16,83.3 1 0
github.com/GoMudEngine/GoMud/internal/usercommands/admin.combatstats.go:85.2,87.23 2 0
github.com/GoMudEngine/GoMud/internal/usercommands/admin.combatstats.go:87.23,90.3 1 0
github.com/GoMudEngine/GoMud/internal/usercommands/admin.combatstats.go:92.2,118.18 7 0
github.com/GoMudEngine/GoMud/internal/usercommands/admin.combatstats.go:121.62,124.21 2 1
github.com/GoMudEngine/GoMud/internal/usercommands/admin.combatstats.go:124.21,127.3 2 1
github.com/GoMudEngine/GoMud/internal/usercommands/admin.combatstats.go:130.2,135.30 3 0
github.com/GoMudEngine/GoMud/internal/usercommands/admin.combatstats.go:135.30,137.3 1 0
github.com/GoMudEngine/GoMud/internal/usercommands/admin.combatstats.go:138.2,138.41 1 0
github.com/GoMudEngine/GoMud/internal/usercommands/admin.combatstats.go:138.41,140.3 1 0
github.com/GoMudEngine/GoMud/internal/usercommands/admin.combatstats.go:142.2,149.28 4 0
github.com/GoMudEngine/GoMud/internal/usercommands/admin.combatstats.go:149.28,151.3 1 0
github.com/GoMudEngine/GoMud/internal/usercommands/admin.combatstats.go:153.2,159.18 4 0
github.com/GoMudEngine/GoMud/internal/usercommands/admin.combatstats.go:162.65,165.24 2 1
github.com/GoMudEngine/GoMud/internal/usercommands/admin.combatstats.go:165.24,168.3 2 1
github.com/GoMudEngine/GoMud/internal/usercommands/admin.combatstats.go:170.2,195.18 8 0
github.com/GoMudEngine/GoMud/internal/usercommands/admin.combatstats.go:198.64,201.24 2 1
github.com/GoMudEngine/GoMud/internal/usercommands/admin.combatstats.go:201.24,204.3 2 1
github.com/GoMudEngine/GoMud/internal/usercommands/admin.combatstats.go:206.2,214.28 4 0
github.com/GoMudEngine/GoMud/internal/usercommands/admin.combatstats.go:214.28,215.25 1 0
github.com/GoMudEngine/GoMud/internal/usercommands/admin.combatstats.go:215.25,217.4 1 0
github.com/GoMudEngine/GoMud/internal/usercommands/admin.combatstats.go:218.3,218.70 1 0
github.com/GoMudEngine/GoMud/internal/usercommands/admin.combatstats.go:221.2,234.18 5 0
github.com/GoMudEngine/GoMud/internal/usercommands/admin.combatstats.go:237.65,240.24 2 1
github.com/GoMudEngine/GoMud/internal/usercommands/admin.combatstats.go:240.24,243.3 2 1
github.com/GoMudEngine/GoMud/internal/usercommands/admin.combatstats.go:245.2,251.36 3 0
github.com/GoMudEngine/GoMud/internal/usercommands/admin.combatstats.go:251.36,253.3 1 0
github.com/GoMudEngine/GoMud/internal/usercommands/admin.combatstats.go:255.2,271.18 5 0
github.com/GoMudEngine/GoMud/internal/usercommands/admin.combatstats.go:274.62,282.2 3 1
github.com/GoMudEngine/GoMud/internal/usercommands/admin.combatstats.go:284.63,287.17 2 1
github.com/GoMudEngine/GoMud/internal/usercommands/admin.combatstats.go:287.17,290.3 2 1
github.com/GoMudEngine/GoMud/internal/usercommands/admin.combatstats.go:292.2,297.18 3 0
github.com/GoMudEngine/GoMud/internal/usercommands/admin.combatstats.go:301.33,302.11 1 1
github.com/GoMudEngine/GoMud/internal/usercommands/admin.combatstats.go:302.11,304.3 1 0
github.com/GoMudEngine/GoMud/internal/usercommands/admin.combatstats.go:305.2,306.17 2 1
github.com/GoMudEngine/GoMud/internal/usercommands/admin.combatstats.go:306.17,308.3 1 1
github.com/GoMudEngine/GoMud/internal/usercommands/admin.combatstats.go:310.2,312.19 3 1
github.com/GoMudEngine/GoMud/internal/usercommands/admin.combatstats.go:312.19,314.3 1 1
github.com/GoMudEngine/GoMud/internal/usercommands/admin.combatstats.go:315.2,315.41 1 1
github.com/GoMudEngine/GoMud/internal/usercommands/admin.combatstats.go:315.41,316.23 1 1
github.com/GoMudEngine/GoMud/internal/usercommands/admin.combatstats.go:316.23,318.4 1 1
github.com/GoMudEngine/GoMud/internal/usercommands/admin.combatstats.go:319.3,319.33 1 1
github.com/GoMudEngine/GoMud/internal/usercommands/admin.combatstats.go:321.2,321.24 1 1
github.com/GoMudEngine/GoMud/internal/usercommands/admin.command.go:19.107,27.19 2 1
github.com/GoMudEngine/GoMud/internal/usercommands/admin.command.go:27.19,34.3 4 1
github.com/GoMudEngine/GoMud/internal/usercommands/admin.command.go:36.2,45.49 6 1
github.com/GoMudEngine/GoMud/internal/usercommands/admin.command.go:45.49,46.16 1 1
github.com/GoMudEngine/GoMud/internal/usercommands/admin.command.go:46.16,54.4 1 1
github.com/GoMudEngine/GoMud/internal/usercommands/admin.command.go:54.9,54.26 1 0
github.com/GoMudEngine/GoMud/internal/usercommands/admin.command.go:54.26,62.4 1 0
github.com/GoMudEngine/GoMud/internal/usercommands/admin.command.go:63.3,63.14 1 1
github.com/GoMudEngine/GoMud/internal/usercommands/admin.command.go:66.2,66.18 1 1
github.com/GoMudEngine/GoMud/internal/usercommands/admin.deafen.go:17.106,19.16 1 1
github.com/GoMudEngine/GoMud/internal/usercommands/admin.deafen.go:19.16,23.3 3 1
github.com/GoMudEngine/GoMud/internal/usercommands/admin.deafen.go:25.2,27.22 2 1
github.com/GoMudEngine/GoMud/internal/usercommands/admin.deafen.go:27.22,29.53 1 1
github.com/GoMudEngine/GoMud/internal/usercommands/admin.deafen.go:29.53,36.4 3 1
github.com/GoMudEngine/GoMud/internal/usercommands/admin.deafen.go:40.2,41.18 2 0
github.com/GoMudEngine/GoMud/internal/usercommands/admin.deafen.go:44.108,46.16 1 1
github.com/GoMudEngine/GoMud/internal/usercommands/admin.deafen.go:46.16,50.3 3 1
github.com/GoMudEngine/GoMud/internal/usercommands/admin.deafen.go:52.2,54.22 2 0
github.com/GoMudEngine/GoMud/internal/usercommands/admin.deafen.go:54.22,56.53 1 0
github.com/GoMudEngine/GoMud/internal/usercommands/admin.deafen.go:56.53,63.4 3 0
github.com/GoMudEngine/GoMud/internal/usercommands/admin.deafen.go:67.2,68.18 2 0
github.com/GoMudEngine/GoMud/internal/usercommands/admin.devtool.go:22.107,26.20 2 1
github.com/GoMudEngine/GoMud/internal/usercommands/admin.devtool.go:26.20,29.3 2 1
github.com/GoMudEngine/GoMud/internal/usercommands/admin.devtool.go:31.2,33.16 2 1
github.com/GoMudEngine/GoMud/internal/usercommands/admin.devtool.go:35.15,36.20 1 0
github.com/GoMudEngine/GoMud/internal/usercommands/admin.devtool.go:36.20,39.4 2 0
github.com/GoMudEngine/GoMud/internal/usercommands/admin.devtool.go:40.3,42.17 3 0
github.com/GoMudEngine/GoMud/internal/usercommands/admin.devtool.go:42.17,45.4 2 0
github.com/GoMudEngine/GoMud/internal/usercommands/admin.devtool.go:46.3,47.61 2 0
github.com/GoMudEngine/GoMud/internal/usercommands/admin.devtool.go:49.18,50.20 1 0
github.com/GoMudEngine/GoMud/internal/usercommands/admin.devtool.go:50.20,53.4 2 0
github.com/GoMudEngine/GoMud/internal/usercommands/admin.devtool.go:55.3,57.33 3 0
github.com/GoMudEngine/GoMud/internal/usercommands/admin.devtool.go:57.33,61.4 3 0
github.com/GoMudEngine/GoMud/internal/usercommands/admin.devtool.go:62.3,64.17 3 0
github.com/GoMudEngine/GoMud/internal/usercommands/admin.devtool.go:64.17,67.4 2 0
github.com/GoMudEngine/GoMud/internal/usercommands/admin.devtool.go:68.3,71.5 1 0
github.com/GoMudEngine/GoMud/internal/usercommands/admin.devtool.go:73.19,75.20 1 0
github.com/GoMudEngine/GoMud/internal/usercommands/admin.devtool.go:75.20,78.4 2 0
github.com/GoMudEngine/GoMud/internal/usercommands/admin.devtool.go:79.3,80.17 2 0
github.com/GoMudEngine/GoMud/internal/usercommands/admin.devtool.go:80.17,83.4 2 0
github.com/GoMudEngine/GoMud/internal/usercommands/admin.devtool.go:84.3,86.17 3 0
github.com/GoMudEngine/GoMud/internal/usercommands/admin.devtool.go:86.17,89.4 2 0
github.com/GoMudEngine/GoMud/internal/usercommands/admin.devtool.go:90.3,90.87 1 0
github.com/GoMudEngine/GoMud/internal/usercommands/admin.devtool.go:90.87,93.4 2 0
github.com/GoMudEngine/GoMud/internal/usercommands/admin.devtool.go:94.3,97.5 1 0
github.com/GoMudEngine/GoMud/internal/usercommands/admin.devtool.go:99.14,100.20 1 0
github.com/GoMudEngine/GoMud/internal/usercommands/admin.devtool.go:100.20,103.4 2 0
github.com/GoMudEngine/GoMud/internal/usercommands/admin.devtool.go:104.3,106.24 3 0
github.com/GoMudEngine/GoMud/internal/usercommands/admin.devtool.go:108.18,115.34 6 0
github.com/GoMudEngine/GoMud/internal/usercommands/admin.devtool.go:115.34,116.14 1 0
github.com/GoMudEngine/GoMud/internal/usercommands/admin.devtool.go:116.14,118.5 1 0
github.com/GoMudEngine/GoMud/internal/usercommands/admin.devtool.go:119.4,119.13 1 0
github.com/GoMudEngine/GoMud/internal/usercommands/admin.devtool.go:121.3,131.5 1 0
github.com/GoMudEngine/GoMud/internal/usercommands/admin.devtool.go:133.10,135.24 2 1
github.com/GoMudEngine/GoMud/internal/usercommands/admin.devtool.go:138.2,138.18 1 1
github.com/GoMudEngine/GoMud/internal/usercommands/admin.devtool.go:142.46,145.2 2 1
github.com/GoMudEngine/GoMud/internal/usercommands/admin.devtool.go:148.67,150.21 2 1
github.com/GoMudEngine/GoMud/internal/usercommands/admin.devtool.go:150.21,152.3 1 1
github.com/GoMudEngine/GoMud/internal/usercommands/admin.devtool.go:153.2,155.16 3 1
github.com/GoMudEngine/GoMud/internal/usercommands/admin.devtool.go:155.16,157.3 1 1
github.com/GoMudEngine/GoMud/internal/usercommands/admin.devtool.go:158.2,158.26 1 1
github.com/GoMudEngine/GoMud/internal/usercommands/admin.item.go:26.104,30.19 2 1
github.com/GoMudEngine/GoMud/internal/usercommands/admin.item.go:30.19,34.3 3 1
github.com/GoMudEngine/GoMud/internal/usercommands/admin.item.go:37.2,37.25 1 1
github.com/GoMudEngine/GoMud/internal/usercommands/admin.item.go:37.25,39.45 1 0
github.com/GoMudEngine/GoMud/internal/usercommands/admin.item.go:39.45,42.4 2 0
github.com/GoMudEngine/GoMud/internal/usercommands/admin.item.go:44.3,44.69 1 0
github.com/GoMudEngine/GoMud/internal/usercommands/admin.item.go:48.2,48.24 1 1
github.com/GoMudEngine/GoMud/internal/usercommands/admin.item.go:48.24,50.44 1 0
github.com/GoMudEngine/GoMud/internal/usercommands/admin.item.go:50.44,53.4 2 0
github.com/GoMudEngine/GoMud/internal/usercommands/admin.item.go:55.3,55.68 1 0
github.com/GoMudEngine/GoMud/internal/usercommands/admin.item.go:59.2,59.23 1 1
github.com/GoMudEngine/GoMud/internal/usercommands/admin.item.go:59.23,61.44 1 1
github.com/GoMudEngine/GoMud/internal/usercommands/admin.item.go:61.44,64.4 2 0
github.com/GoMudEngine/GoMud/internal/usercommands/admin.item.go:66.3,66.67 1 1
github.com/GoMudEngine/GoMud/internal/usercommands/admin.item.go:69.2,69.18 1 1
github.com/GoMudEngine/GoMud/internal/usercommands/admin.item.go:72.102,77.46 3 1
github.com/GoMudEngine/GoMud/internal/usercommands/admin.item.go:77.46,85.20 2 1
github.com/GoMudEngine/GoMud/internal/usercommands/admin.item.go:85.20,86.36 1 1
github.com/GoMudEngine/GoMud/internal/usercommands/admin.item.go:86.36,88.5 1 1
github.com/GoMudEngine/GoMud/internal/usercommands/admin.item.go:89.4,89.68 1 1
github.com/GoMudEngine/GoMud/internal/usercommands/admin.item.go:89.68,90.13 1 1
github.com/GoMudEngine/GoMud/internal/usercommands/admin.item.go:94.3,94.36 1 1
github.com/GoMudEngine/GoMud/internal/usercommands/admin.item.go:94.36,96.4 1 1
github.com/GoMudEngine/GoMud/internal/usercommands/admin.item.go:98.3,98.37 1 1
github.com/GoMudEngine/GoMud/internal/usercommands/admin.item.go:101.2,101.49 1 1
github.com/GoMudEngine/GoMud/internal/usercommands/admin.item.go:101.49,103.3 1 1
github.com/GoMudEngine/GoMud/internal/usercommands/admin.item.go:105.2,114.18 8 1
github.com/GoMudEngine/GoMud/internal/usercommands/admin.item.go:117.110,120.17 2 0
github.com/GoMudEngine/GoMud/internal/usercommands/admin.item.go:120.17,123.21 2 0
github.com/GoMudEngine/GoMud/internal/usercommands/admin.item.go:123.21,135.4 4 0
github.com/GoMudEngine/GoMud/internal/usercommands/admin.item.go:139.2,143.18 2 0
github.com/GoMudEngine/GoMud/internal/usercommands/admin.item.go:146.111,150.19 2 0
github.com/GoMudEngine/GoMud/internal/usercommands/admin.item.go:150.19,151.49 1 0
github.com/GoMudEngine/GoMud/internal/usercommands/admin.item.go:151.49,153.4 1 0
github.com/GoMudEngine/GoMud/internal/usercommands/admin.item.go:157.2,159.11 2 0
github.com/GoMudEngine/GoMud/internal/usercommands/admin.item.go:159.11,162.3 2 0
github.com/GoMudEngine/GoMud/internal/usercommands/admin.item.go:167.2,170.21 2 0
github.com/GoMudEngine/GoMud/internal/usercommands/admin.item.go:170.21,172.4 1 0
github.com/GoMudEngine/GoMud/internal/usercommands/admin.item.go:174.3,174.39 1 0
github.com/GoMudEngine/GoMud/internal/usercommands/admin.item.go:181.2,185.30 3 0
github.com/GoMudEngine/GoMud/internal/usercommands/admin.item.go:185.30,190.4 1 0
github.com/GoMudEngine/GoMud/internal/usercommands/admin.item.go:192.3,193.21 2 0
github.com/GoMudEngine/GoMud/internal/usercommands/admin.item.go:193.21,197.4 3 0
github.com/GoMudEngine/GoMud/internal/usercommands/admin.item.go:199.3,200.66 2 0
github.com/GoMudEngine/GoMud/internal/usercommands/admin.item.go:200.66,201.50 1 0
github.com/GoMudEngine/GoMud/internal/usercommands/admin.item.go:201.50,203.5 1 0
github.com/GoMudEngine/GoMud/internal/usercommands/admin.item.go:206.3,206.30 1 0
github.com/GoMudEngine/GoMud/internal/usercommands/admin.item.go:206.30,207.52 1 0
github.com/GoMudEngine/GoMud/internal/usercommands/admin.item.go:207.52,209.5 1 0
github.com/GoMudEngine/GoMud/internal/usercommands/admin.item.go:212.3,212.29 1 0
github.com/GoMudEngine/GoMud/internal/usercommands/admin.item.go:212.29,219.4 4 0
github.com/GoMudEngine/GoMud/internal/usercommands/admin.item.go:225.2,225.38 1 0
github.com/GoMudEngine/GoMud/internal/usercommands/admin.item.go:225.38,228.21 2 0
github.com/GoMudEngine/GoMud/internal/usercommands/admin.item.go:228.21,230.4 1 0
github.com/GoMudEngine/GoMud/internal/usercommands/admin.item.go:232.3,232.30 1 0
github.com/GoMudEngine/GoMud/internal/usercommands/admin.item.go:232.30,235.4 2 0
github.com/GoMudEngine/GoMud/internal/usercommands/admin.item.go:238.3,239.40 2 0
github.com/GoMudEngine/GoMud/internal/usercommands/admin.item.go:239.40,241.4 1 0
github.com/GoMudEngine/GoMud/internal/usercommands/admin.item.go:242.3,243.23 2 0
github.com/GoMudEngine/GoMud/internal/usercommands/admin.item.go:243.23,245.4 1 0
github.com/GoMudEngine/GoMud/internal/usercommands/admin.item.go:246.3,246.85 1 0
github.com/GoMudEngine/GoMud/internal/usercommands/admin.item.go:246.85,248.4 1 0
github.com/GoMudEngine/GoMud/internal/usercommands/admin.item.go:254.2,259.17 2 0
github.com/GoMudEngine/GoMud/internal/usercommands/admin.item.go:259.17,262.16 3 0
github.com/GoMudEngine/GoMud/internal/usercommands/admin.item.go:262.16,264.4 1 0
github.com/GoMudEngine/GoMud/internal/usercommands/admin.item.go:265.3,269.16 4 0
github.com/GoMudEngine/GoMud/internal/usercommands/admin.item.go:269.16,271.4 1 0
github.com/GoMudEngine/GoMud/internal/usercommands/admin.item.go:272.3,276.16 4 0
github.com/GoMudEngine/GoMud/internal/usercommands/admin.item.go:276.16,278.4 1 0
github.com/GoMudEngine/GoMud/internal/usercommands/admin.item.go:279.3,279.67 1 0
github.com/GoMudEngine/GoMud/internal/usercommands/admin.item.go:285.2,285.35 1 0
github.com/GoMudEngine/GoMud/internal/usercommands/admin.item.go:285.35,291.25 4 0
github.com/GoMudEngine/GoMud/internal/usercommands/admin.item.go:291.25,294.4 2 0
github.com/GoMudEngine/GoMud/internal/usercommands/admin.item.go:296.3,297.21 2 0
github.com/GoMudEngine/GoMud/internal/usercommands/admin.item.go:297.21,299.4 1 0
github.com/GoMudEngine/GoMud/internal/usercommands/admin.item.go:301.3,301.30 1 0
github.com/GoMudEngine/GoMud/internal/usercommands/admin.item.go:301.30,305.4 3 0
github.com/GoMudEngine/GoMud/internal/usercommands/admin.item.go:307.3,308.18 2 0
github.com/GoMudEngine/GoMud/internal/usercommands/admin.item.go:308.18,311.4 2 0
github.com/GoMudEngine/GoMud/internal/usercommands/admin.item.go:313.3,314.21 2 0
github.com/GoMudEngine/GoMud/internal/usercommands/admin.item.go:314.21,316.4 1 0
github.com/GoMudEngine/GoMud/internal/usercommands/admin.item.go:318.3,318.30 1 0
github.com/GoMudEngine/GoMud/internal/usercommands/admin.item.go:318.30,322.4 3 0
github.com/GoMudEngine/GoMud/internal/usercommands/admin.item.go:324.3,324.91 1 0
github.com/GoMudEngine/GoMud/internal/usercommands/admin.item.go:330.2,334.33 3 0
github.com/GoMudEngine/GoMud/internal/usercommands/admin.item.go:334.33,339.4 1 0
github.com/GoMudEngine/GoMud/internal/usercommands/admin.item.go:341.3,342.21 2 0
github.com/GoMudEngine/GoMud/internal/usercommands/admin.item.go:342.21,346.4 3 0
github.com/GoMudEngine/GoMud/internal/usercommands/admin.item.go:348.3,348.30 1 0
github.com/GoMudEngine/GoMud/internal/usercommands/admin.item.go:348.30,352.4 3 0
github.com/GoMudEngine/GoMud/internal/usercommands/admin.item.go:354.3,355.66 2 0
github.com/GoMudEngine/GoMud/internal/usercommands/admin.item.go:355.66,356.53 1 0
github.com/GoMudEngine/GoMud/internal/usercommands/admin.item.go:356.53,358.5 1 0
github.com/GoMudEngine/GoMud/internal/usercommands/admin.item.go:361.3,361.33 1 0
github.com/GoMudEngine/GoMud/internal/usercommands/admin.item.go:361.33,362.52 1 0
github.com/GoMudEngine/GoMud/internal/usercommands/admin.item.go:362.52,364.5 1 0
github.com/GoMudEngine/GoMud/internal/usercommands/admin.item.go:367.3,367.32 1 0
github.com/GoMudEngine/GoMud/internal/usercommands/admin.item.go:367.32,374.4 4 0
github.com/GoMudEngine/GoMud/internal/usercommands/admin.item.go:380.2,382.27 2 0
github.com/GoMudEngine/GoMud/internal/usercommands/admin.item.go:382.27,384.4 1 0
github.com/GoMudEngine/GoMud/internal/usercommands/admin.item.go:385.3,386.21 2 0
github.com/GoMudEngine/GoMud/internal/usercommands/admin.item.go:386.21,388.4 1 0
github.com/GoMudEngine/GoMud/internal/usercommands/admin.item.go:390.3,390.31 1 0
github.com/GoMudEngine/GoMud/internal/usercommands/admin.item.go:390.31,392.22 2 0
github.com/GoMudEngine/GoMud/internal/usercommands/admin.item.go:392.22,394.5 1 0
github.com/GoMudEngine/GoMud/internal/usercommands/admin.item.go:396.4,396.57 1 0
github.com/GoMudEngine/GoMud/internal/usercommands/admin.item.go:404.2,407.19 3 0
github.com/GoMudEngine/GoMud/internal/usercommands/admin.item.go:407.19,409.4 1 0
github.com/GoMudEngine/GoMud/internal/usercommands/admin.item.go:411.3,412.21 2 0
github.com/GoMudEngine/GoMud/internal/usercommands/admin.item.go:412.21,414.4 1 0
github.com/GoMudEngine/GoMud/internal/usercommands/admin.item.go:416.3,416.31 1 0
github.com/GoMudEngine/GoMud/internal/usercommands/admin.item.go:416.31,418.49 1 0
github.com/GoMudEngine/GoMud/internal/usercommands/admin.item.go:418.49,422.5 3 0
github.com/GoMudEngine/GoMud/internal/usercommands/admin.item.go:424.4,424.46 1 0
github.com/GoMudEngine/GoMud/internal/usercommands/admin.item.go:431.2,433.21 2 0
github.com/GoMudEngine/GoMud/internal/usercommands/admin.item.go:433.21,435.4 1 0
github.com/GoMudEngine/GoMud/internal/usercommands/admin.item.go:436.3,436.57 1 0
github.com/GoMudEngine/GoMud/internal/usercommands/admin.item.go:442.2,444.21 2 0
github.com/GoMudEngine/GoMud/internal/usercommands/admin.item.go:444.21,446.4 1 0
github.com/GoMudEngine/GoMud/internal/usercommands/admin.item.go:448.3,448.46 1 0
github.com/GoMudEngine/GoMud/internal/usercommands/admin.item.go:454.2,456.21 2 0
github.com/GoMudEngine/GoMud/internal/usercommands/admin.item.go:456.21,462.37 4 0
github.com/GoMudEngine/GoMud/internal/usercommands/admin.item.go:462.37,464.5 1 0
github.com/GoMudEngine/GoMud/internal/usercommands/admin.item.go:465.4,465.40 1 0
github.com/GoMudEngine/GoMud/internal/usercommands/admin.item.go:465.40,468.5 2 0
github.com/GoMudEngine/GoMud/internal/usercommands/admin.item.go:469.4,469.119 1 0
github.com/GoMudEngine/GoMud/internal/usercommands/admin.item.go:469.119,473.5 3 0
github.com/GoMudEngine/GoMud/internal/usercommands/admin.item.go:475.4,475.28 1 0
github.com/GoMudEngine/GoMud/internal/usercommands/admin.item.go:475.28,477.5 1 0
github.com/GoMudEngine/GoMud/internal/usercommands/admin.item.go:479.4,479.29 1 0
github.com/GoMudEngine/GoMud/internal/usercommands/admin.item.go:479.29,481.5 1 0
github.com/GoMudEngine/GoMud/internal/usercommands/admin.item.go:483.4,483.36 1 0
github.com/GoMudEngine/GoMud/internal/usercommands/admin.item.go:483.36,485.5 1 0
github.com/GoMudEngine/GoMud/internal/usercommands/admin.item.go:487.4,489.20 2 0
github.com/GoMudEngine/GoMud/internal/usercommands/admin.item.go:492.3,494.31 2 0
github.com/GoMudEngine/GoMud/internal/usercommands/admin.item.go:494.31,497.4 2 0
github.com/GoMudEngine/GoMud/internal/usercommands/admin.item.go:500.2,502.16 2 0
github.com/GoMudEngine/GoMud/internal/usercommands/admin.item.go:502.16,505.3 2 0
github.com/GoMudEngine/GoMud/internal/usercommands/admin.item.go:507.2,516.18 8 0
github.com/GoMudEngine/GoMud/internal/usercommands/admin.locate.go:20.106,22.16 1 1
github.com/GoMudEngine/GoMud/internal/usercommands/admin.locate.go:22.16,26.3 3 1
github.com/GoMudEngine/GoMud/internal/usercommands/admin.locate.go:28.2,29.23 2 1
github.com/GoMudEngine/GoMud/internal/usercommands/admin.locate.go:29.23,32.18 2 1
github.com/GoMudEngine/GoMud/internal/usercommands/admin.locate.go:32.18,34.4 1 0
github.com/GoMudEngine/GoMud/internal/usercommands/admin.locate.go:36.3,44.19 3 1
github.com/GoMudEngine/GoMud/internal/usercommands/admin.locate.go:47.2,61.23 11 1
github.com/GoMudEngine/GoMud/internal/usercommands/admin.locate.go:61.23,63.3 1 0
github.com/GoMudEngine/GoMud/internal/usercommands/admin.locate.go:64.2,64.40 1 1
github.com/GoMudEngine/GoMud/internal/usercommands/admin.locate.go:64.40,67.3 2 0
github.com/GoMudEngine/GoMud/internal/usercommands/admin.locate.go:68.2,68.40 1 1
github.com/GoMudEngine/GoMud/internal/usercommands/admin.locate.go:68.40,71.3 2 0
github.com/GoMudEngine/GoMud/internal/usercommands/admin.locate.go:72.2,72.28 1 1
github.com/GoMudEngine/GoMud/internal/usercommands/admin.locate.go:72.28,76.3 3 0
github.com/GoMudEngine/GoMud/internal/usercommands/admin.locate.go:78.2,78.52 1 1
github.com/GoMudEngine/GoMud/internal/usercommands/admin.locate.go:78.52,82.15 2 1
github.com/GoMudEngine/GoMud/internal/usercommands/admin.locate.go:82.15,84.16 2 1
github.com/GoMudEngine/GoMud/internal/usercommands/admin.locate.go:84.16,85.48 1 0
github.com/GoMudEngine/GoMud/internal/usercommands/admin.locate.go:85.48,86.14 1 0
github.com/GoMudEngine/GoMud/internal/usercommands/admin.locate.go:88.10,88.25 1 1
github.com/GoMudEngine/GoMud/internal/usercommands/admin.locate.go:88.25,89.49 1 0
github.com/GoMudEngine/GoMud/internal/usercommands/admin.locate.go:89.49,90.14 1 0
github.com/GoMudEngine/GoMud/internal/usercommands/admin.locate.go:92.10,92.23 1 1
github.com/GoMudEngine/GoMud/internal/usercommands/admin.locate.go:92.23,93.49 1 0
github.com/GoMudEngine/GoMud/internal/usercommands/admin.locate.go:93.49,94.14 1 0
github.com/GoMudEngine/GoMud/internal/usercommands/admin.locate.go:96.10,96.37 1 1
github.com/GoMudEngine/GoMud/internal/usercommands/admin.locate.go:96.37,97.13 1 1
github.com/GoMudEngine/GoMud/internal/usercommands/admin.locate.go:101.3,101.54 1 1
github.com/GoMudEngine/GoMud/internal/usercommands/admin.locate.go:101.54,104.4 2 1
github.com/GoMudEngine/GoMud/internal/usercommands/admin.locate.go:105.3,106.13 2 1
github.com/GoMudEngine/GoMud/internal/usercommands/admin.locate.go:109.2,109.18 1 1
github.com/GoMudEngine/GoMud/internal/usercommands/admin.locate.go:109.18,117.39 6 1
github.com/GoMudEngine/GoMud/internal/usercommands/admin.locate.go:117.39,118.47 1 1
github.com/GoMudEngine/GoMud/internal/usercommands/admin.locate.go:118.47,125.28 4 1
github.com/GoMudEngine/GoMud/internal/usercommands/admin.locate.go:125.28,127.6 1 0
github.com/GoMudEngine/GoMud/internal/usercommands/admin.locate.go:129.5,130.35 2 1
github.com/GoMudEngine/GoMud/internal/usercommands/admin.locate.go:130.35,132.6 1 0
github.com/GoMudEngine/GoMud/internal/usercommands/admin.locate.go:133.5,133.26 1 1
github.com/GoMudEngine/GoMud/internal/usercommands/admin.locate.go:133.26,135.6 1 0
github.com/GoMudEngine/GoMud/internal/usercommands/admin.locate.go:137.5,145.29 2 1
github.com/GoMudEngine/GoMud/internal/usercommands/admin.locate.go:145.29,152.14 7 0
github.com/GoMudEngine/GoMud/internal/usercommands/admin.locate.go:158.3,158.23 1 1
github.com/GoMudEngine/GoMud/internal/usercommands/admin.locate.go:158.23,162.4 3 1
github.com/GoMudEngine/GoMud/internal/usercommands/admin.locate.go:164.3,164.19 1 1
github.com/GoMudEngine/GoMud/internal/usercommands/admin.locate.go:167.2,171.18 2 1
github.com/GoMudEngine/GoMud/internal/usercommands/admin.mob.go:28.103,32.19 2 1
github.com/GoMudEngine/GoMud/internal/usercommands/admin.mob.go:32.19,36.3 3 1
github.com/GoMudEngine/GoMud/internal/usercommands/admin.mob.go:39.2,39.25 1 1
github.com/GoMudEngine/GoMud/internal/usercommands/admin.mob.go:39.25,41.44 1 0
github.com/GoMudEngine/GoMud/internal/usercommands/admin.mob.go:41.44,44.4 2 0
github.com/GoMudEngine/GoMud/internal/usercommands/admin.mob.go:46.3,46.68 1 0
github.com/GoMudEngine/GoMud/internal/usercommands/admin.mob.go:50.2,50.24 1 1
github.com/GoMudEngine/GoMud/internal/usercommands/admin.mob.go:50.24,52.43 1 0
github.com/GoMudEngine/GoMud/internal/usercommands/admin.mob.go:52.43,55.4 2 0
github.com/GoMudEngine/GoMud/internal/usercommands/admin.mob.go:57.3,57.67 1 0
github.com/GoMudEngine/GoMud/internal/usercommands/admin.mob.go:61.2,61.23 1 1
github.com/GoMudEngine/GoMud/internal/usercommands/admin.mob.go:61.23,63.43 1 1
github.com/GoMudEngine/GoMud/internal/usercommands/admin.mob.go:63.43,66.4 2 0
github.com/GoMudEngine/GoMud/internal/usercommands/admin.mob.go:68.3,68.66 1 1
github.com/GoMudEngine/GoMud/internal/usercommands/admin.mob.go:71.2,71.18 1 1
github.com/GoMudEngine/GoMud/internal/usercommands/admin.mob.go:74.101,79.43 3 1
github.com/GoMudEngine/GoMud/internal/usercommands/admin.mob.go:79.43,87.20 2 1
github.com/GoMudEngine/GoMud/internal/usercommands/admin.mob.go:87.20,88.36 1 1
github.com/GoMudEngine/GoMud/internal/usercommands/admin.mob.go:88.36,90.5 1 1
github.com/GoMudEngine/GoMud/internal/usercommands/admin.mob.go:91.4,91.68 1 1
github.com/GoMudEngine/GoMud/internal/usercommands/admin.mob.go:91.68,92.13 1 1
github.com/GoMudEngine/GoMud/internal/usercommands/admin.mob.go:96.3,96.36 1 1
github.com/GoMudEngine/GoMud/internal/usercommands/admin.mob.go:96.36,98.4 1 1
github.com/GoMudEngine/GoMud/internal/usercommands/admin.mob.go:100.3,100.35 1 1
github.com/GoMudEngine/GoMud/internal/usercommands/admin.mob.go:103.2,103.48 1 1
github.com/GoMudEngine/GoMud/internal/usercommands/admin.mob.go:103.48,105.3 1 1
github.com/GoMudEngine/GoMud/internal/usercommands/admin.mob.go:107.2,116.18 8 1
github.com/GoMudEngine/GoMud/internal/usercommands/admin.mob.go:119.109,124.44 2 0
github.com/GoMudEngine/GoMud/internal/usercommands/admin.mob.go:124.44,125.59 1 0
github.com/GoMudEngine/GoMud/internal/usercommands/admin.mob.go:125.59,129.4 3 0
github.com/GoMudEngine/GoMud/internal/usercommands/admin.mob.go:130.3,130.19 1 0
github.com/GoMudEngine/GoMud/internal/usercommands/admin.mob.go:133.2,135.15 2 0
github.com/GoMudEngine/GoMud/internal/usercommands/admin.mob.go:135.15,138.3 2 0
github.com/GoMudEngine/GoMud/internal/usercommands/admin.mob.go:140.2,140.15 1 0
github.com/GoMudEngine/GoMud/internal/usercommands/admin.mob.go:140.15,141.61 1 0
github.com/GoMudEngine/GoMud/internal/usercommands/admin.mob.go:141.61,153.4 4 0
github.com/GoMudEngine/GoMud/internal/usercommands/admin.mob.go:156.2,160.18 2 0
github.com/GoMudEngine/GoMud/internal/usercommands/admin.mob.go:163.110,167.19 2 0
github.com/GoMudEngine/GoMud/internal/usercommands/admin.mob.go:167.19,168.51 1 0
github.com/GoMudEngine/GoMud/internal/usercommands/admin.mob.go:168.51,170.4 1 0
github.com/GoMudEngine/GoMud/internal/usercommands/admin.mob.go:171.3,171.24 1 0
github.com/GoMudEngine/GoMud/internal/usercommands/admin.mob.go:171.24,172.51 1 0
github.com/GoMudEngine/GoMud/internal/usercommands/admin.mob.go:172.51,174.5 1 0
github.com/GoMudEngine/GoMud/internal/usercommands/admin.mob.go:179.2,181.11 2 0
github.com/GoMudEngine/GoMud/internal/usercommands/admin.mob.go:181.11,184.3 2 0
github.com/GoMudEngine/GoMud/internal/usercommands/admin.mob.go:189.2,190.20 2 0
github.com/GoMudEngine/GoMud/internal/usercommands/admin.mob.go:190.20,192.3 1 0
github.com/GoMudEngine/GoMud/internal/usercommands/admin.mob.go:194.2,194.29 1 0
github.com/GoMudEngine/GoMud/internal/usercommands/admin.mob.go:194.29,198.3 3 0
github.com/GoMudEngine/GoMud/internal/usercommands/admin.mob.go:200.2,208.31 4 0
github.com/GoMudEngine/GoMud/internal/usercommands/admin.mob.go:208.31,213.3 1 0
github.com/GoMudEngine/GoMud/internal/usercommands/admin.mob.go:215.2,215.55 1 0
github.com/GoMudEngine/GoMud/internal/usercommands/admin.mob.go:215.55,217.3 1 0
github.com/GoMudEngine/GoMud/internal/usercommands/admin.mob.go:219.2,220.36 2 0
github.com/GoMudEngine/GoMud/internal/usercommands/admin.mob.go:220.36,221.68 1 0
github.com/GoMudEngine/GoMud/internal/usercommands/admin.mob.go:221.68,223.4 1 0
github.com/GoMudEngine/GoMud/internal/usercommands/admin.mob.go:226.2,227.20 2 0
github.com/GoMudEngine/GoMud/internal/usercommands/admin.mob.go:227.20,233.3 5 0
github.com/GoMudEngine/GoMud/internal/usercommands/admin.mob.go:235.2,235.29 1 0
github.com/GoMudEngine/GoMud/internal/usercommands/admin.mob.go:235.29,239.3 3 0
github.com/GoMudEngine/GoMud/internal/usercommands/admin.mob.go:241.2,242.54 2 0
github.com/GoMudEngine/GoMud/internal/usercommands/admin.mob.go:242.54,246.57 3 0
github.com/GoMudEngine/GoMud/internal/usercommands/admin.mob.go:246.57,247.53 1 0
github.com/GoMudEngine/GoMud/internal/usercommands/admin.mob.go:247.53,249.5 1 0
github.com/GoMudEngine/GoMud/internal/usercommands/admin.mob.go:249.10,252.5 2 0
github.com/GoMudEngine/GoMud/internal/usercommands/admin.mob.go:255.3,256.55 2 0
github.com/GoMudEngine/GoMud/internal/usercommands/admin.mob.go:259.2,260.65 2 0
github.com/GoMudEngine/GoMud/internal/usercommands/admin.mob.go:260.65,261.52 1 0
github.com/GoMudEngine/GoMud/internal/usercommands/admin.mob.go:261.52,263.4 1 0
github.com/GoMudEngine/GoMud/internal/usercommands/admin.mob.go:266.2,266.31 1 0
github.com/GoMudEngine/GoMud/internal/usercommands/admin.mob.go:266.31,267.51 1 0
github.com/GoMudEngine/GoMud/internal/usercommands/admin.mob.go:267.51,269.9 2 0
github.com/GoMudEngine/GoMud/internal/usercommands/admin.mob.go:273.2,273.37 1 0
github.com/GoMudEngine/GoMud/internal/usercommands/admin.mob.go:273.37,282.3 6 0
github.com/GoMudEngine/GoMud/internal/usercommands/admin.mob.go:287.2,290.29 3 0
github.com/GoMudEngine/GoMud/internal/usercommands/admin.mob.go:290.29,295.3 1 0
github.com/GoMudEngine/GoMud/internal/usercommands/admin.mob.go:297.2,297.52 1 0
github.com/GoMudEngine/GoMud/internal/usercommands/admin.mob.go:297.52,299.3 1 0
github.com/GoMudEngine/GoMud/internal/usercommands/admin.mob.go:301.2,302.20 2 0
github.com/GoMudEngine/GoMud/internal/usercommands/admin.mob.go:302.20,306.3 3 0
github.com/GoMudEngine/GoMud/internal/usercommands/admin.mob.go:308.2,308.29 1 0
github.com/GoMudEngine/GoMud/internal/usercommands/admin.mob.go:308.29,312.3 3 0
github.com/GoMudEngine/GoMud/internal/usercommands/admin.mob.go:314.2,315.65 2 0
github.com/GoMudEngine/GoMud/internal/usercommands/admin.mob.go:315.65,316.49 1 0
github.com/GoMudEngine/GoMud/internal/usercommands/admin.mob.go:316.49,318.4 1 0
github.com/GoMudEngine/GoMud/internal/usercommands/admin.mob.go:321.2,321.29 1 0
github.com/GoMudEngine/GoMud/internal/usercommands/admin.mob.go:321.29,322.46 1 0
github.com/GoMudEngine/GoMud/internal/usercommands/admin.mob.go:322.46,324.9 2 0
github.com/GoMudEngine/GoMud/internal/usercommands/admin.mob.go:328.2,328.23 1 0
github.com/GoMudEngine/GoMud/internal/usercommands/admin.mob.go:328.23,334.3 4 0
github.com/GoMudEngine/GoMud/internal/usercommands/admin.mob.go:339.2,340.20 2 0
github.com/GoMudEngine/GoMud/internal/usercommands/admin.mob.go:340.20,342.3 1 0
github.com/GoMudEngine/GoMud/internal/usercommands/admin.mob.go:344.2,344.29 1 0
github.com/GoMudEngine/GoMud/internal/usercommands/admin.mob.go:344.29,346.3 1 0
github.com/GoMudEngine/GoMud/internal/usercommands/admin.mob.go:351.2,352.20 2 0
github.com/GoMudEngine/GoMud/internal/usercommands/admin.mob.go:352.20,354.3 1 0
github.com/GoMudEngine/GoMud/internal/usercommands/admin.mob.go:356.2,362.20 3 0
github.com/GoMudEngine/GoMud/internal/usercommands/admin.mob.go:362.20,364.3 1 0
github.com/GoMudEngine/GoMud/internal/usercommands/admin.mob.go:366.2,367.20 2 0
github.com/GoMudEngine/GoMud/internal/usercommands/admin.mob.go:367.20,369.3 1 0
github.com/GoMudEngine/GoMud/internal/usercommands/admin.mob.go:371.2,377.20 3 0
github.com/GoMudEngine/GoMud/internal/usercommands/admin.mob.go:377.20,379.3 1 0
github.com/GoMudEngine/GoMud/internal/usercommands/admin.mob.go:381.2,383.30 3 0
github.com/GoMudEngine/GoMud/internal/usercommands/admin.mob.go:383.30,386.44 2 0
github.com/GoMudEngine/GoMud/internal/usercommands/admin.mob.go:386.44,390.4 1 0
github.com/GoMudEngine/GoMud/internal/usercommands/admin.mob.go:392.3,392.55 1 0
github.com/GoMudEngine/GoMud/internal/usercommands/admin.mob.go:392.55,394.4 1 0
github.com/GoMudEngine/GoMud/internal/usercommands/admin.mob.go:396.3,397.21 2 0
github.com/GoMudEngine/GoMud/internal/usercommands/admin.mob.go:397.21,401.4 3 0
github.com/GoMudEngine/GoMud/internal/usercommands/admin.mob.go:403.3,405.59 2 0
github.com/GoMudEngine/GoMud/internal/usercommands/admin.mob.go:405.59,406.52 1 0
github.com/GoMudEngine/GoMud/internal/usercommands/admin.mob.go:406.52,408.5 1 0
github.com/GoMudEngine/GoMud/internal/usercommands/admin.mob.go:411.3,411.51 1 0
github.com/GoMudEngine/GoMud/internal/usercommands/admin.mob.go:411.51,417.4 4 0
github.com/GoMudEngine/GoMud/internal/usercommands/admin.mob.go:419.3,419.50 1 0
github.com/GoMudEngine/GoMud/internal/usercommands/admin.mob.go:425.2,426.20 2 0
github.com/GoMudEngine/GoMud/internal/usercommands/admin.mob.go:426.20,437.3 8 0
github.com/GoMudEngine/GoMud/internal/usercommands/admin.mob.go:439.2,441.30 2 0
github.com/GoMudEngine/GoMud/internal/usercommands/admin.mob.go:441.30,444.3 2 0
github.com/GoMudEngine/GoMud/internal/usercommands/admin.mob.go:446.2,448.16 2 0
github.com/GoMudEngine/GoMud/internal/usercommands/admin.mob.go:448.16,451.3 2 0
github.com/GoMudEngine/GoMud/internal/usercommands/admin.mob.go:453.2,459.26 6 0
github.com/GoMudEngine/GoMud/internal/usercommands/admin.mob.go:459.26,461.3 1 0
github.com/GoMudEngine/GoMud/internal/usercommands/admin.mob.go:462.2,465.18 3 0
github.com/GoMudEngine/GoMud/internal/usercommands/admin.modify.go:21.106,25.19 2 1
github.com/GoMudEngine/GoMud/internal/usercommands/admin.modify.go:25.19,29.3 3 1
github.com/GoMudEngine/GoMud/internal/usercommands/admin.modify.go:32.2,32.23 1 1
github.com/GoMudEngine/GoMud/internal/usercommands/admin.modify.go:32.23,34.45 1 0
github.com/GoMudEngine/GoMud/internal/usercommands/admin.modify.go:34.45,37.4 2 0
github.com/GoMudEngine/GoMud/internal/usercommands/admin.modify.go:39.3,45.77 5 0
github.com/GoMudEngine/GoMud/internal/usercommands/admin.modify.go:45.77,48.4 2 0
github.com/GoMudEngine/GoMud/internal/usercommands/admin.modify.go:50.3,53.47 3 0
github.com/GoMudEngine/GoMud/internal/usercommands/admin.modify.go:53.47,54.49 1 0
github.com/GoMudEngine/GoMud/internal/usercommands/admin.modify.go:54.49,56.34 1 0
github.com/GoMudEngine/GoMud/internal/usercommands/admin.modify.go:56.34,59.6 2 0
github.com/GoMudEngine/GoMud/internal/usercommands/admin.modify.go:61.5,61.26 1 0
github.com/GoMudEngine/GoMud/internal/usercommands/admin.modify.go:61.26,64.6 2 0
github.com/GoMudEngine/GoMud/internal/usercommands/admin.modify.go:66.5,74.10 6 0
github.com/GoMudEngine/GoMud/internal/usercommands/admin.modify.go:78.3,78.30 1 0
github.com/GoMudEngine/GoMud/internal/usercommands/admin.modify.go:78.30,79.60 1 0
github.com/GoMudEngine/GoMud/internal/usercommands/admin.modify.go:79.60,81.50 1 0
github.com/GoMudEngine/GoMud/internal/usercommands/admin.modify.go:81.50,83.35 1 0
github.com/GoMudEngine/GoMud/internal/usercommands/admin.modify.go:83.35,86.7 2 0
github.com/GoMudEngine/GoMud/internal/usercommands/admin.modify.go:88.6,88.27 1 0
github.com/GoMudEngine/GoMud/internal/usercommands/admin.modify.go:88.27,91.7 2 0
github.com/GoMudEngine/GoMud/internal/usercommands/admin.modify.go:93.6,100.18 5 0
github.com/GoMudEngine/GoMud/internal/usercommands/admin.modify.go:103.5,103.16 1 0
github.com/GoMudEngine/GoMud/internal/usercommands/admin.modify.go:107.3,107.29 1 0
github.com/GoMudEngine/GoMud/internal/usercommands/admin.modify.go:107.29,110.4 2 0
github.com/GoMudEngine/GoMud/internal/usercommands/admin.modify.go:114.2,114.18 1 1
github.com/GoMudEngine/GoMud/internal/usercommands/admin.mudmail.go:19.107,33.11 2 1
github.com/GoMudEngine/GoMud/internal/usercommands/admin.mudmail.go:33.11,35.3 1 1
github.com/GoMudEngine/GoMud/internal/usercommands/admin.mudmail.go:37.2,45.20 3 1
github.com/GoMudEngine/GoMud/internal/usercommands/admin.mudmail.go:45.20,47.3 1 1
github.com/GoMudEngine/GoMud/internal/usercommands/admin.mudmail.go:49.2,49.29 1 0
github.com/GoMudEngine/GoMud/internal/usercommands/admin.mudmail.go:49.29,53.3 3 0
github.com/GoMudEngine/GoMud/internal/usercommands/admin.mudmail.go:55.2,61.20 3 0
github.com/GoMudEngine/GoMud/internal/usercommands/admin.mudmail.go:61.20,63.3 1 0
github.com/GoMudEngine/GoMud/internal/usercommands/admin.mudmail.go:65.2,65.29 1 0
github.com/GoMudEngine/GoMud/internal/usercommands/admin.mudmail.go:65.29,68.3 2 0
github.com/GoMudEngine/GoMud/internal/usercommands/admin.mudmail.go:70.2,76.20 3 0
github.com/GoMudEngine/GoMud/internal/usercommands/admin.mudmail.go:76.20,78.3 1 0
github.com/GoMudEngine/GoMud/internal/usercommands/admin.mudmail.go:80.2,86.20 3 0
github.com/GoMudEngine/GoMud/internal/usercommands/admin.mudmail.go:86.20,88.3 1 0
github.com/GoMudEngine/GoMud/internal/usercommands/admin.mudmail.go:90.2,90.33 1 0
github.com/GoMudEngine/GoMud/internal/usercommands/admin.mudmail.go:90.33,91.85 1 0
github.com/GoMudEngine/GoMud/internal/usercommands/admin.mudmail.go:91.85,93.4 1 0
github.com/GoMudEngine/GoMud/internal/usercommands/admin.mudmail.go:93.9,97.4 3 0
github.com/GoMudEngine/GoMud/internal/usercommands/admin.mudmail.go:103.2,104.20 2 0
github.com/GoMudEngine/GoMud/internal/usercommands/admin.mudmail.go:104.20,110.3 3 0
github.com/GoMudEngine/GoMud/internal/usercommands/admin.mudmail.go:112.2,114.35 2 0
github.com/GoMudEngine/GoMud/internal/usercommands/admin.mudmail.go:114.35,117.3 2 0
github.com/GoMudEngine/GoMud/internal/usercommands/admin.mudmail.go:119.2,119.58 1 0
github.com/GoMudEngine/GoMud/internal/usercommands/admin.mudmail.go:119.58,123.3 3 0
github.com/GoMudEngine/GoMud/internal/usercommands/admin.mudmail.go:125.2,125.46 1 0
github.com/GoMudEngine/GoMud/internal/usercommands/admin.mudmail.go:125.46,129.3 3 0
github.com/GoMudEngine/GoMud/internal/usercommands/admin.mudmail.go:131.2,134.18 4 0
github.com/GoMudEngine/GoMud/internal/usercommands/admin.mute.go:17.104,19.16 1 1
github.com/GoMudEngine/GoMud/internal/usercommands/admin.mute.go:19.16,23.3 3 1
github.com/GoMudEngine/GoMud/internal/usercommands/admin.mute.go:25.2,27.22 2 1
github.com/GoMudEngine/GoMud/internal/usercommands/admin.mute.go:27.22,29.53 1 1
github.com/GoMudEngine/GoMud/internal/usercommands/admin.mute.go:29.53,36.4 3 1
github.com/GoMudEngine/GoMud/internal/usercommands/admin.mute.go:40.2,41.18 2 0
github.com/GoMudEngine/GoMud/internal/usercommands/admin.mute.go:44.106,46.16 1 1
github.com/GoMudEngine/GoMud/internal/usercommands/admin.mute.go:46.16,50.3 3 1
github.com/GoMudEngine/GoMud/internal/usercommands/admin.mute.go:52.2,54.22 2 0
github.com/GoMudEngine/GoMud/internal/usercommands/admin.mute.go:54.22,56.53 1 0
github.com/GoMudEngine/GoMud/internal/usercommands/admin.mute.go:56.53,63.4 3 0
github.com/GoMudEngine/GoMud/internal/usercommands/admin.mute.go:67.2,68.18 2 0
github.com/GoMudEngine/GoMud/internal/usercommands/admin.paz.go:18.103,22.16 2 1
github.com/GoMudEngine/GoMud/internal/usercommands/admin.paz.go:22.16,26.16 2 1
github.com/GoMudEngine/GoMud/internal/usercommands/admin.paz.go:26.16,29.18 2 0
github.com/GoMudEngine/GoMud/internal/usercommands/admin.paz.go:29.18,32.5 2 0
github.com/GoMudEngine/GoMud/internal/usercommands/admin.paz.go:34.4,40.20 5 0
github.com/GoMudEngine/GoMud/internal/usercommands/admin.paz.go:43.3,43.19 1 1
github.com/GoMudEngine/GoMud/internal/usercommands/admin.paz.go:43.19,44.50 1 1
github.com/GoMudEngine/GoMud/internal/usercommands/admin.paz.go:44.50,55.5 7 1
github.com/GoMudEngine/GoMud/internal/usercommands/admin.paz.go:60.2,63.128 3 1
github.com/GoMudEngine/GoMud/internal/usercommands/admin.paz.go:63.128,68.3 3 0
github.com/GoMudEngine/GoMud/internal/usercommands/admin.paz.go:70.2,70.18 1 1
github.com/GoMudEngine/GoMud/internal/usercommands/admin.prepare.go:14.107,16.16 1 1
github.com/GoMudEngine/GoMud/internal/usercommands/admin.prepare.go:16.16,20.3 3 1
github.com/GoMudEngine/GoMud/internal/usercommands/admin.prepare.go:22.2,23.36 2 1
github.com/GoMudEngine/GoMud/internal/usercommands/admin.prepare.go:23.36,26.3 2 0
github.com/GoMudEngine/GoMud/internal/usercommands/admin.prepare.go:28.2,32.18 2 1
github.com/GoMudEngine/GoMud/internal/usercommands/admin.questtoken.go:18.110,25.20 2 1
github.com/GoMudEngine/GoMud/internal/usercommands/admin.questtoken.go:25.20,29.3 2 1
github.com/GoMudEngine/GoMud/internal/usercommands/admin.questtoken.go:29.8,29.30 1 1
github.com/GoMudEngine/GoMud/internal/usercommands/admin.questtoken.go:29.30,35.26 4 1
github.com/GoMudEngine/GoMud/internal/usercommands/admin.questtoken.go:35.26,37.4 1 1
github.com/GoMudEngine/GoMud/internal/usercommands/admin.questtoken.go:37.9,38.35 1 0
github.com/GoMudEngine/GoMud/internal/usercommands/admin.questtoken.go:38.35,42.38 4 0
github.com/GoMudEngine/GoMud/internal/usercommands/admin.questtoken.go:42.38,43.23 1 0
github.com/GoMudEngine/GoMud/internal/usercommands/admin.questtoken.go:43.23,45.7 1 0
github.com/GoMudEngine/GoMud/internal/usercommands/admin.questtoken.go:45.12,47.7 1 0
github.com/GoMudEngine/GoMud/internal/usercommands/admin.questtoken.go:49.5,49.57 1 0
github.com/GoMudEngine/GoMud/internal/usercommands/admin.questtoken.go:53.3,55.24 3 1
github.com/GoMudEngine/GoMud/internal/usercommands/admin.questtoken.go:57.8,57.29 1 1
github.com/GoMudEngine/GoMud/internal/usercommands/admin.questtoken.go:57.29,63.26 4 0
github.com/GoMudEngine/GoMud/internal/usercommands/admin.questtoken.go:63.26,65.4 1 0
github.com/GoMudEngine/GoMud/internal/usercommands/admin.questtoken.go:65.9,66.36 1 0
github.com/GoMudEngine/GoMud/internal/usercommands/admin.questtoken.go:66.36,68.38 2 0
github.com/GoMudEngine/GoMud/internal/usercommands/admin.questtoken.go:68.38,70.6 1 0
github.com/GoMudEngine/GoMud/internal/usercommands/admin.questtoken.go:71.5,71.57 1 0
github.com/GoMudEngine/GoMud/internal/usercommands/admin.questtoken.go:75.3,77.24 3 0
github.com/GoMudEngine/GoMud/internal/usercommands/admin.questtoken.go:79.8,86.3 1 1
github.com/GoMudEngine/GoMud/internal/usercommands/admin.questtoken.go:88.2,88.18 1 1
github.com/GoMudEngine/GoMud/internal/usercommands/admin.redescribe.go:18.110,22.19 2 1
github.com/GoMudEngine/GoMud/internal/usercommands/admin.redescribe.go:22.19,27.3 3 1
github.com/GoMudEngine/GoMud/internal/usercommands/admin.redescribe.go:30.2,33.12 3 1
github.com/GoMudEngine/GoMud/internal/usercommands/admin.redescribe.go:33.12,35.3 1 1
github.com/GoMudEngine/GoMud/internal/usercommands/admin.redescribe.go:35.8,54.3 8 0
github.com/GoMudEngine/GoMud/internal/usercommands/admin.redescribe.go:56.2,56.18 1 1
github.com/GoMudEngine/GoMud/internal/usercommands/admin.reload.go:18.106,20.16 1 1
github.com/GoMudEngine/GoMud/internal/usercommands/admin.reload.go:20.16,24.3 3 1
github.com/GoMudEngine/GoMud/internal/usercommands/admin.reload.go:26.2,26.31 1 1
github.com/GoMudEngine/GoMud/internal/usercommands/admin.reload.go:27.15,29.35 2 0
github.com/GoMudEngine/GoMud/internal/usercommands/admin.reload.go:30.16,32.36 2 0
github.com/GoMudEngine/GoMud/internal/usercommands/admin.reload.go:33.22,35.10 2 0
github.com/GoMudEngine/GoMud/internal/usercommands/admin.reload.go:35.10,37.4 1 0
github.com/GoMudEngine/GoMud/internal/usercommands/admin.reload.go:37.9,39.4 1 0
github.com/GoMudEngine/GoMud/internal/usercommands/admin.reload.go:40.10,41.43 1 1
github.com/GoMudEngine/GoMud/internal/usercommands/admin.reload.go:43.2,43.18 1 1
github.com/GoMudEngine/GoMud/internal/usercommands/admin.rename.go:18.106,22.19 2 1
github.com/GoMudEngine/GoMud/internal/usercommands/admin.rename.go:22.19,27.3 3 1
github.com/GoMudEngine/GoMud/internal/usercommands/admin.rename.go:30.2,33.12 3 1
github.com/GoMudEngine/GoMud/internal/usercommands/admin.rename.go:33.12,35.3 1 1
github.com/GoMudEngine/GoMud/internal/usercommands/admin.rename.go:35.8,41.20 4 0
github.com/GoMudEngine/GoMud/internal/usercommands/admin.rename.go:41.20,43.4 1 0
github.com/GoMudEngine/GoMud/internal/usercommands/admin.rename.go:43.9,45.4 1 0
github.com/GoMudEngine/GoMud/internal/usercommands/admin.rename.go:47.3,57.4 4 0
github.com/GoMudEngine/GoMud/internal/usercommands/admin.rename.go:60.2,60.18 1 1
github.com/GoMudEngine/GoMud/internal/usercommands/admin.room.go:35.108,45.20 3 1
github.com/GoMudEngine/GoMud/internal/usercommands/admin.room.go:45.20,51.3 3 1
github.com/GoMudEngine/GoMud/internal/usercommands/admin.room.go:53.2,55.28 2 1
github.com/GoMudEngine/GoMud/internal/usercommands/admin.room.go:55.28,57.3 1 0
github.com/GoMudEngine/GoMud/internal/usercommands/admin.room.go:57.8,59.3 1 1
github.com/GoMudEngine/GoMud/internal/usercommands/admin.room.go:61.2,61.17 1 1
github.com/GoMudEngine/GoMud/internal/usercommands/admin.room.go:61.17,65.3 3 1
github.com/GoMudEngine/GoMud/internal/usercommands/admin.room.go:67.2,71.23 3 0
github.com/GoMudEngine/GoMud/internal/usercommands/admin.room.go:71.23,73.43 1 0
github.com/GoMudEngine/GoMud/internal/usercommands/admin.room.go:73.43,76.4 2 0
github.com/GoMudEngine/GoMud/internal/usercommands/admin.room.go:78.3,78.60 1 0
github.com/GoMudEngine/GoMud/internal/usercommands/admin.room.go:78.60,80.54 1 0
github.com/GoMudEngine/GoMud/internal/usercommands/admin.room.go:80.54,83.5 2 0
github.com/GoMudEngine/GoMud/internal/usercommands/admin.room.go:85.4,85.54 1 0
github.com/GoMudEngine/GoMud/internal/usercommands/admin.room.go:88.3,88.50 1 0
github.com/GoMudEngine/GoMud/internal/usercommands/admin.room.go:88.50,90.50 1 0
github.com/GoMudEngine/GoMud/internal/usercommands/admin.room.go:90.50,93.5 2 0
github.com/GoMudEngine/GoMud/internal/usercommands/admin.room.go:95.4,95.49 1 0
github.com/GoMudEngine/GoMud/internal/usercommands/admin.room.go:98.3,98.56 1 0
github.com/GoMudEngine/GoMud/internal/usercommands/admin.room.go:98.56,100.53 1 0
github.com/GoMudEngine/GoMud/internal/usercommands/admin.room.go:100.53,103.5 2 0
github.com/GoMudEngine/GoMud/internal/usercommands/admin.room.go:105.4,105.52 1 0
github.com/GoMudEngine/GoMud/internal/usercommands/admin.room.go:108.3,113.19 5 0
github.com/GoMudEngine/GoMud/internal/usercommands/admin.room.go:116.2,116.45 1 0
github.com/GoMudEngine/GoMud/internal/usercommands/admin.room.go:116.45,118.44 1 0
github.com/GoMudEngine/GoMud/internal/usercommands/admin.room.go:118.44,121.4 2 0
github.com/GoMudEngine/GoMud/internal/usercommands/admin.room.go:124.3,124.20 1 0
github.com/GoMudEngine/GoMud/internal/usercommands/admin.room.go:124.20,128.25 3 0
github.com/GoMudEngine/GoMud/internal/usercommands/admin.room.go:128.25,130.5 1 0
github.com/GoMudEngine/GoMud/internal/usercommands/admin.room.go:131.4,138.20 5 0
github.com/GoMudEngine/GoMud/internal/usercommands/admin.room.go:142.3,142.62 1 0
github.com/GoMudEngine/GoMud/internal/usercommands/admin.room.go:142.62,144.40 1 0
github.com/GoMudEngine/GoMud/internal/usercommands/admin.room.go:144.40,147.5 2 0
github.com/GoMudEngine/GoMud/internal/usercommands/admin.room.go:147.10,149.5 1 0
github.com/GoMudEngine/GoMud/internal/usercommands/admin.room.go:151.4,151.20 1 0
github.com/GoMudEngine/GoMud/internal/usercommands/admin.room.go:156.3,157.45 2 0
github.com/GoMudEngine/GoMud/internal/usercommands/admin.room.go:157.45,159.4 1 0
github.com/GoMudEngine/GoMud/internal/usercommands/admin.room.go:160.3,160.19 1 0
github.com/GoMudEngine/GoMud/internal/usercommands/admin.room.go:163.2,163.41 1 0
github.com/GoMudEngine/GoMud/internal/usercommands/admin.room.go:163.41,165.43 1 0
github.com/GoMudEngine/GoMud/internal/usercommands/admin.room.go:165.43,168.4 2 0
github.com/GoMudEngine/GoMud/internal/usercommands/admin.room.go:170.3,172.30 2 0
github.com/GoMudEngine/GoMud/internal/usercommands/admin.room.go:172.30,175.67 2 0
github.com/GoMudEngine/GoMud/internal/usercommands/admin.room.go:175.67,181.5 3 0
github.com/GoMudEngine/GoMud/internal/usercommands/admin.room.go:184.3,184.33 1 0
github.com/GoMudEngine/GoMud/internal/usercommands/admin.room.go:184.33,187.67 2 0
github.com/GoMudEngine/GoMud/internal/usercommands/admin.room.go:187.67,193.5 3 0
github.com/GoMudEngine/GoMud/internal/usercommands/admin.room.go:196.3,196.54 1 0
github.com/GoMudEngine/GoMud/internal/usercommands/admin.room.go:196.54,199.67 2 0
github.com/GoMudEngine/GoMud/internal/usercommands/admin.room.go:199.67,205.5 3 0
github.com/GoMudEngine/GoMud/internal/usercommands/admin.room.go:208.8,208.30 1 0
github.com/GoMudEngine/GoMud/internal/usercommands/admin.room.go:208.30,210.43 1 0
github.com/GoMudEngine/GoMud/internal/usercommands/admin.room.go:210.43,213.4 2 0
github.com/GoMudEngine/GoMud/internal/usercommands/admin.room.go:215.3,215.21 1 0
github.com/GoMudEngine/GoMud/internal/usercommands/admin.room.go:215.21,217.4 1 0
github.com/GoMudEngine/GoMud/internal/usercommands/admin.room.go:217.9,219.4 1 0
github.com/GoMudEngine/GoMud/internal/usercommands/admin.room.go:221.3,222.24 2 0
github.com/GoMudEngine/GoMud/internal/usercommands/admin.room.go:222.24,225.4 2 0
github.com/GoMudEngine/GoMud/internal/usercommands/admin.room.go:227.3,233.28 3 0
github.com/GoMudEngine/GoMud/internal/usercommands/admin.room.go:235.8,235.48 1 0
github.com/GoMudEngine/GoMud/internal/usercommands/admin.room.go:235.48,237.44 1 0
github.com/GoMudEngine/GoMud/internal/usercommands/admin.room.go:237.44,240.4 2 0
github.com/GoMudEngine/GoMud/internal/usercommands/admin.room.go:245.3,250.20 5 0
github.com/GoMudEngine/GoMud/internal/usercommands/admin.room.go:250.20,252.23 2 0
github.com/GoMudEngine/GoMud/internal/usercommands/admin.room.go:252.23,254.5 1 0
github.com/GoMudEngine/GoMud/internal/usercommands/admin.room.go:258.3,258.20 1 0
github.com/GoMudEngine/GoMud/internal/usercommands/admin.room.go:258.20,259.43 1 0
github.com/GoMudEngine/GoMud/internal/usercommands/admin.room.go:259.43,262.5 2 0
github.com/GoMudEngine/GoMud/internal/usercommands/admin.room.go:263.4,264.23 2 0
github.com/GoMudEngine/GoMud/internal/usercommands/admin.room.go:267.3,267.51 1 0
github.com/GoMudEngine/GoMud/internal/usercommands/admin.room.go:267.51,270.24 2 0
github.com/GoMudEngine/GoMud/internal/usercommands/admin.room.go:270.24,276.5 4 0
github.com/GoMudEngine/GoMud/internal/usercommands/admin.room.go:279.3,280.24 2 0
github.com/GoMudEngine/GoMud/internal/usercommands/admin.room.go:280.24,284.4 3 0
github.com/GoMudEngine/GoMud/internal/usercommands/admin.room.go:286.3,287.58 2 0
github.com/GoMudEngine/GoMud/internal/usercommands/admin.room.go:289.8,289.54 1 0
github.com/GoMudEngine/GoMud/internal/usercommands/admin.room.go:289.54,291.44 1 0
github.com/GoMudEngine/GoMud/internal/usercommands/admin.room.go:291.44,294.4 2 0
github.com/GoMudEngine/GoMud/internal/usercommands/admin.room.go:296.3,297.44 2 0
github.com/GoMudEngine/GoMud/internal/usercommands/admin.room.go:297.44,298.19 1 0
github.com/GoMudEngine/GoMud/internal/usercommands/admin.room.go:298.19,303.5 4 0
github.com/GoMudEngine/GoMud/internal/usercommands/admin.room.go:303.10,308.5 4 0
github.com/GoMudEngine/GoMud/internal/usercommands/admin.room.go:309.9,311.4 1 0
github.com/GoMudEngine/GoMud/internal/usercommands/admin.room.go:313.8,313.47 1 0
github.com/GoMudEngine/GoMud/internal/usercommands/admin.room.go:313.47,315.42 1 0
github.com/GoMudEngine/GoMud/internal/usercommands/admin.room.go:315.42,318.4 2 0
github.com/GoMudEngine/GoMud/internal/usercommands/admin.room.go:320.3,322.20 3 0
github.com/GoMudEngine/GoMud/internal/usercommands/admin.room.go:322.20,324.4 1 0
github.com/GoMudEngine/GoMud/internal/usercommands/admin.room.go:326.3,328.62 2 0
github.com/GoMudEngine/GoMud/internal/usercommands/admin.room.go:328.62,330.27 1 0
github.com/GoMudEngine/GoMud/internal/usercommands/admin.room.go:330.27,333.32 2 0
github.com/GoMudEngine/GoMud/internal/usercommands/admin.room.go:333.32,335.6 1 0
github.com/GoMudEngine/GoMud/internal/usercommands/admin.room.go:336.5,336.39 1 0
github.com/GoMudEngine/GoMud/internal/usercommands/admin.room.go:336.39,338.6 1 0
github.com/GoMudEngine/GoMud/internal/usercommands/admin.room.go:339.5,339.22 1 0
github.com/GoMudEngine/GoMud/internal/usercommands/admin.room.go:341.10,345.43 2 0
github.com/GoMudEngine/GoMud/internal/usercommands/admin.room.go:345.43,348.55 3 0
github.com/GoMudEngine/GoMud/internal/usercommands/admin.room.go:348.55,350.7 1 0
github.com/GoMudEngine/GoMud/internal/usercommands/admin.room.go:351.11,351.51 1 0
github.com/GoMudEngine/GoMud/internal/usercommands/admin.room.go:351.51,353.6 1 0
github.com/GoMudEngine/GoMud/internal/usercommands/admin.room.go:353.11,353.48 1 0
github.com/GoMudEngine/GoMud/internal/usercommands/admin.room.go:353.48,355.6 1 0
github.com/GoMudEngine/GoMud/internal/usercommands/admin.room.go:357.5,357.22 1 0
github.com/GoMudEngine/GoMud/internal/usercommands/admin.room.go:360.4,360.20 1 0
github.com/GoMudEngine/GoMud/internal/usercommands/admin.room.go:363.3,363.34 1 0
github.com/GoMudEngine/GoMud/internal/usercommands/admin.room.go:363.34,364.32 1 0
github.com/GoMudEngine/GoMud/internal/usercommands/admin.room.go:364.32,367.5 2 0
github.com/GoMudEngine/GoMud/internal/usercommands/admin.room.go:369.9,369.37 1 0
github.com/GoMudEngine/GoMud/internal/usercommands/admin.room.go:369.37,370.27 1 0
github.com/GoMudEngine/GoMud/internal/usercommands/admin.room.go:370.27,372.5 1 0
github.com/GoMudEngine/GoMud/internal/usercommands/admin.room.go:373.4,374.33 2 0
github.com/GoMudEngine/GoMud/internal/usercommands/admin.room.go:375.9,375.43 1 0
github.com/GoMudEngine/GoMud/internal/usercommands/admin.room.go:375.43,376.27 1 0
github.com/GoMudEngine/GoMud/internal/usercommands/admin.room.go:376.27,378.5 1 0
github.com/GoMudEngine/GoMud/internal/usercommands/admin.room.go:379.4,381.33 3 0
github.com/GoMudEngine/GoMud/internal/usercommands/admin.room.go:382.9,382.44 1 0
github.com/GoMudEngine/GoMud/internal/usercommands/admin.room.go:382.44,384.62 2 0
github.com/GoMudEngine/GoMud/internal/usercommands/admin.room.go:384.62,386.25 2 0
github.com/GoMudEngine/GoMud/internal/usercommands/admin.room.go:386.25,387.14 1 0
github.com/GoMudEngine/GoMud/internal/usercommands/admin.room.go:389.5,389.59 1 0
github.com/GoMudEngine/GoMud/internal/usercommands/admin.room.go:391.4,391.33 1 0
github.com/GoMudEngine/GoMud/internal/usercommands/admin.room.go:392.9,392.69 1 0
github.com/GoMudEngine/GoMud/internal/usercommands/admin.room.go:392.69,395.4 2 0
github.com/GoMudEngine/GoMud/internal/usercommands/admin.room.go:395.9,395.69 1 0
github.com/GoMudEngine/GoMud/internal/usercommands/admin.room.go:395.69,398.4 2 0
github.com/GoMudEngine/GoMud/internal/usercommands/admin.room.go:398.9,398.36 1 0
github.com/GoMudEngine/GoMud/internal/usercommands/admin.room.go:398.36,400.71 1 0
github.com/GoMudEngine/GoMud/internal/usercommands/admin.room.go:400.71,403.5 2 0
github.com/GoMudEngine/GoMud/internal/usercommands/admin.room.go:405.9,405.37 1 0
github.com/GoMudEngine/GoMud/internal/usercommands/admin.room.go:405.37,407.4 1 0
github.com/GoMudEngine/GoMud/internal/usercommands/admin.room.go:407.9,412.4 2 0
github.com/GoMudEngine/GoMud/internal/usercommands/admin.room.go:414.3,414.80 1 0
github.com/GoMudEngine/GoMud/internal/usercommands/admin.room.go:415.8,417.3 1 0
github.com/GoMudEngine/GoMud/internal/usercommands/admin.room.go:419.2,419.21 1 0
github.com/GoMudEngine/GoMud/internal/usercommands/admin.room.go:422.120,434.39 3 0
github.com/GoMudEngine/GoMud/internal/usercommands/admin.room.go:434.39,437.26 1 0
github.com/GoMudEngine/GoMud/internal/usercommands/admin.room.go:437.26,438.12 1 0
github.com/GoMudEngine/GoMud/internal/usercommands/admin.room.go:441.3,443.28 2 0
github.com/GoMudEngine/GoMud/internal/usercommands/admin.room.go:443.28,445.4 1 0
github.com/GoMudEngine/GoMud/internal/usercommands/admin.room.go:447.3,447.25 1 0
github.com/GoMudEngine/GoMud/internal/usercommands/admin.room.go:447.25,449.4 1 0
github.com/GoMudEngine/GoMud/internal/usercommands/admin.room.go:451.3,451.63 1 0
github.com/GoMudEngine/GoMud/internal/usercommands/admin.room.go:456.2,456.57 1 0
github.com/GoMudEngine/GoMud/internal/usercommands/admin.room.go:456.57,458.3 1 0
github.com/GoMudEngine/GoMud/internal/usercommands/admin.room.go:463.2,468.20 4 0
github.com/GoMudEngine/GoMud/internal/usercommands/admin.room.go:468.20,472.3 3 0
github.com/GoMudEngine/GoMud/internal/usercommands/admin.room.go:474.2,476.69 2 0
github.com/GoMudEngine/GoMud/internal/usercommands/admin.room.go:476.69,477.54 1 0
github.com/GoMudEngine/GoMud/internal/usercommands/admin.room.go:477.54,479.4 1 0
github.com/GoMudEngine/GoMud/internal/usercommands/admin.room.go:482.2,482.37 1 0
github.com/GoMudEngine/GoMud/internal/usercommands/admin.room.go:482.37,483.55 1 0
github.com/GoMudEngine/GoMud/internal/usercommands/admin.room.go:483.55,485.9 2 0
github.com/GoMudEngine/GoMud/internal/usercommands/admin.room.go:490.2,493.36 2 0
github.com/GoMudEngine/GoMud/internal/usercommands/admin.room.go:493.36,496.31 1 0
github.com/GoMudEngine/GoMud/internal/usercommands/admin.room.go:496.31,501.4 4 0
github.com/GoMudEngine/GoMud/internal/usercommands/admin.room.go:504.3,505.21 2 0
github.com/GoMudEngine/GoMud/internal/usercommands/admin.room.go:505.21,507.4 1 0
github.com/GoMudEngine/GoMud/internal/usercommands/admin.room.go:510.3,510.33 1 0
github.com/GoMudEngine/GoMud/internal/usercommands/admin.room.go:510.33,521.4 7 0
github.com/GoMudEngine/GoMud/internal/usercommands/admin.room.go:528.2,530.37 1 0
github.com/GoMudEngine/GoMud/internal/usercommands/admin.room.go:530.37,532.4 1 0
github.com/GoMudEngine/GoMud/internal/usercommands/admin.room.go:535.3,536.21 2 0
github.com/GoMudEngine/GoMud/internal/usercommands/admin.room.go:536.21,538.4 1 0
github.com/GoMudEngine/GoMud/internal/usercommands/admin.room.go:539.3,542.78 2 0
github.com/GoMudEngine/GoMud/internal/usercommands/admin.room.go:542.78,547.4 4 0
github.com/GoMudEngine/GoMud/internal/usercommands/admin.room.go:550.3,550.56 1 0
github.com/GoMudEngine/GoMud/internal/usercommands/admin.room.go:550.56,551.62 1 0
github.com/GoMudEngine/GoMud/internal/usercommands/admin.room.go:551.62,557.5 3 0
github.com/GoMudEngine/GoMud/internal/usercommands/admin.room.go:565.2,568.14 3 0
github.com/GoMudEngine/GoMud/internal/usercommands/admin.room.go:568.14,570.4 1 0
github.com/GoMudEngine/GoMud/internal/usercommands/admin.room.go:576.2,579.14 3 0
github.com/GoMudEngine/GoMud/internal/usercommands/admin.room.go:579.14,581.4 1 0
github.com/GoMudEngine/GoMud/internal/usercommands/admin.room.go:587.2,587.33 1 0
github.com/GoMudEngine/GoMud/internal/usercommands/admin.room.go:587.33,589.3 1 0
github.com/GoMudEngine/GoMud/internal/usercommands/admin.room.go:591.2,591.28 1 0
github.com/GoMudEngine/GoMud/internal/usercommands/admin.room.go:591.28,593.3 1 0
github.com/GoMudEngine/GoMud/internal/usercommands/admin.room.go:595.2,600.52 4 0
github.com/GoMudEngine/GoMud/internal/usercommands/admin.room.go:600.52,605.141 4 0
github.com/GoMudEngine/GoMud/internal/usercommands/admin.room.go:605.141,607.4 1 0
github.com/GoMudEngine/GoMud/internal/usercommands/admin.room.go:608.3,608.117 1 0
github.com/GoMudEngine/GoMud/internal/usercommands/admin.room.go:611.2,617.18 5 0
github.com/GoMudEngine/GoMud/internal/usercommands/admin.room.go:620.112,628.39 5 0
github.com/GoMudEngine/GoMud/internal/usercommands/admin.room.go:628.39,631.3 2 0
github.com/GoMudEngine/GoMud/internal/usercommands/admin.room.go:634.2,634.50 1 0
github.com/GoMudEngine/GoMud/internal/usercommands/admin.room.go:634.50,636.3 1 0
github.com/GoMudEngine/GoMud/internal/usercommands/admin.room.go:638.2,638.32 1 0
github.com/GoMudEngine/GoMud/internal/usercommands/admin.room.go:638.32,640.3 1 0
github.com/GoMudEngine/GoMud/internal/usercommands/admin.room.go:642.2,642.19 1 0
github.com/GoMudEngine/GoMud/internal/usercommands/admin.room.go:645.115,657.34 3 0
github.com/GoMudEngine/GoMud/internal/usercommands/admin.room.go:657.34,661.28 2 0
github.com/GoMudEngine/GoMud/internal/usercommands/admin.room.go:661.28,663.4 1 0
github.com/GoMudEngine/GoMud/internal/usercommands/admin.room.go:665.3,665.15 1 0
github.com/GoMudEngine/GoMud/internal/usercommands/admin.room.go:665.15,667.4 1 0
github.com/GoMudEngine/GoMud/internal/usercommands/admin.room.go:669.3,669.45 1 0
github.com/GoMudEngine/GoMud/internal/usercommands/admin.room.go:674.2,674.52 1 0
github.com/GoMudEngine/GoMud/internal/usercommands/admin.room.go:674.52,676.3 1 0
github.com/GoMudEngine/GoMud/internal/usercommands/admin.room.go:681.2,686.20 4 0
github.com/GoMudEngine/GoMud/internal/usercommands/admin.room.go:686.20,690.3 3 0
github.com/GoMudEngine/GoMud/internal/usercommands/admin.room.go:692.2,694.69 2 0
github.com/GoMudEngine/GoMud/internal/usercommands/admin.room.go:694.69,695.49 1 0
github.com/GoMudEngine/GoMud/internal/usercommands/admin.room.go:695.49,697.4 1 0
github.com/GoMudEngine/GoMud/internal/usercommands/admin.room.go:700.2,700.32 1 0
github.com/GoMudEngine/GoMud/internal/usercommands/admin.room.go:700.32,701.55 1 0
github.com/GoMudEngine/GoMud/internal/usercommands/admin.room.go:701.55,703.9 2 0
github.com/GoMudEngine/GoMud/internal/usercommands/admin.room.go:708.2,711.36 2 0
github.com/GoMudEngine/GoMud/internal/usercommands/admin.room.go:711.36,714.31 1 0
github.com/GoMudEngine/GoMud/internal/usercommands/admin.room.go:714.31,719.4 4 0
github.com/GoMudEngine/GoMud/internal/usercommands/admin.room.go:722.3,723.21 2 0
github.com/GoMudEngine/GoMud/internal/usercommands/admin.room.go:723.21,725.4 1 0
github.com/GoMudEngine/GoMud/internal/usercommands/admin.room.go:728.3,728.33 1 0
github.com/GoMudEngine/GoMud/internal/usercommands/admin.room.go:728.33,739.4 7 0
github.com/GoMudEngine/GoMud/internal/usercommands/admin.room.go:746.2,748.37 1 0
github.com/GoMudEngine/GoMud/internal/usercommands/admin.room.go:748.37,750.4 1 0
github.com/GoMudEngine/GoMud/internal/usercommands/admin.room.go:753.3,754.21 2 0
github.com/GoMudEngine/GoMud/internal/usercommands/admin.room.go:754.21,756.4 1 0
github.com/GoMudEngine/GoMud/internal/usercommands/admin.room.go:757.3,760.78 2 0
github.com/GoMudEngine/GoMud/internal/usercommands/admin.room.go:760.78,765.4 4 0
github.com/GoMudEngine/GoMud/internal/usercommands/admin.room.go:768.3,768.56 1 0
github.com/GoMudEngine/GoMud/internal/usercommands/admin.room.go:768.56,769.57 1 0
github.com/GoMudEngine/GoMud/internal/usercommands/admin.room.go:769.57,775.5 3 0
github.com/GoMudEngine/GoMud/internal/usercommands/admin.room.go:783.2,786.21 2 0
github.com/GoMudEngine/GoMud/internal/usercommands/admin.room.go:786.21,788.4 1 0
github.com/GoMudEngine/GoMud/internal/usercommands/admin.room.go:790.3,793.58 2 0
github.com/GoMudEngine/GoMud/internal/usercommands/admin.room.go:793.58,797.4 3 0
github.com/GoMudEngine/GoMud/internal/usercommands/admin.room.go:804.2,806.35 2 0
github.com/GoMudEngine/GoMud/internal/usercommands/admin.room.go:806.35,808.4 1 0
github.com/GoMudEngine/GoMud/internal/usercommands/admin.room.go:811.3,812.21 2 0
github.com/GoMudEngine/GoMud/internal/usercommands/admin.room.go:812.21,814.4 1 0
github.com/GoMudEngine/GoMud/internal/usercommands/admin.room.go:816.3,816.60 1 0
github.com/GoMudEngine/GoMud/internal/usercommands/admin.room.go:822.2,824.35 2 0
github.com/GoMudEngine/GoMud/internal/usercommands/admin.room.go:824.35,826.4 1 0
github.com/GoMudEngine/GoMud/internal/usercommands/admin.room.go:829.3,830.21 2 0
github.com/GoMudEngine/GoMud/internal/usercommands/admin.room.go:830.21,832.4 1 0
github.com/GoMudEngine/GoMud/internal/usercommands/admin.room.go:834.3,834.60 1 0
github.com/GoMudEngine/GoMud/internal/usercommands/admin.room.go:840.2,842.27 2 0
github.com/GoMudEngine/GoMud/internal/usercommands/admin.room.go:842.27,844.4 1 0
github.com/GoMudEngine/GoMud/internal/usercommands/admin.room.go:846.3,847.21 2 0
github.com/GoMudEngine/GoMud/internal/usercommands/admin.room.go:847.21,849.4 1 0
github.com/GoMudEngine/GoMud/internal/usercommands/admin.room.go:851.3,851.34 1 0
github.com/GoMudEngine/GoMud/internal/usercommands/admin.room.go:851.34,853.4 1 0
github.com/GoMudEngine/GoMud/internal/usercommands/admin.room.go:860.2,863.14 3 0
github.com/GoMudEngine/GoMud/internal/usercommands/admin.room.go:863.14,865.4 1 0
github.com/GoMudEngine/GoMud/internal/usercommands/admin.room.go:871.2,871.33 1 0
github.com/GoMudEngine/GoMud/internal/usercommands/admin.room.go:871.33,873.3 1 0
github.com/GoMudEngine/GoMud/internal/usercommands/admin.room.go:875.2,880.47 4 0
github.com/GoMudEngine/GoMud/internal/usercommands/admin.room.go:880.47,885.136 4 0
github.com/GoMudEngine/GoMud/internal/usercommands/admin.room.go:885.136,887.4 1 0
github.com/GoMudEngine/GoMud/internal/usercommands/admin.room.go:888.3,888.117 1 0
github.com/GoMudEngine/GoMud/internal/usercommands/admin.room.go:891.2,897.18 5 0
github.com/GoMudEngine/GoMud/internal/usercommands/admin.room.go:902.131,905.20 2 0
github.com/GoMudEngine/GoMud/internal/usercommands/admin.room.go:905.20,907.3 1 0
github.com/GoMudEngine/GoMud/internal/usercommands/admin.room.go:909.2,909.32 1 0
github.com/GoMudEngine/GoMud/internal/usercommands/admin.room.go:909.32,912.26 2 0
github.com/GoMudEngine/GoMud/internal/usercommands/admin.room.go:912.26,914.4 1 0
github.com/GoMudEngine/GoMud/internal/usercommands/admin.room.go:916.3,917.21 2 0
github.com/GoMudEngine/GoMud/internal/usercommands/admin.room.go:917.21,919.4 1 0
github.com/GoMudEngine/GoMud/internal/usercommands/admin.room.go:921.3,924.46 2 0
github.com/GoMudEngine/GoMud/internal/usercommands/admin.room.go:924.46,928.4 3 0
github.com/GoMudEngine/GoMud/internal/usercommands/admin.room.go:930.3,930.41 1 0
github.com/GoMudEngine/GoMud/internal/usercommands/admin.room.go:932.8,935.3 1 0
github.com/GoMudEngine/GoMud/internal/usercommands/admin.room.go:937.2,937.25 1 0
github.com/GoMudEngine/GoMud/internal/usercommands/admin.room.go:937.25,942.21 2 0
github.com/GoMudEngine/GoMud/internal/usercommands/admin.room.go:942.21,944.4 1 0
github.com/GoMudEngine/GoMud/internal/usercommands/admin.room.go:946.3,946.33 1 0
github.com/GoMudEngine/GoMud/internal/usercommands/admin.room.go:946.33,949.51 2 0
github.com/GoMudEngine/GoMud/internal/usercommands/admin.room.go:949.51,951.5 1 0
github.com/GoMudEngine/GoMud/internal/usercommands/admin.room.go:953.4,953.34 1 0
github.com/GoMudEngine/GoMud/internal/usercommands/admin.room.go:953.34,955.5 1 0
github.com/GoMudEngine/GoMud/internal/usercommands/admin.room.go:958.4,961.41 3 0
github.com/GoMudEngine/GoMud/internal/usercommands/admin.room.go:961.41,963.5 1 0
github.com/GoMudEngine/GoMud/internal/usercommands/admin.room.go:965.4,967.49 2 0
github.com/GoMudEngine/GoMud/internal/usercommands/admin.room.go:967.49,968.49 1 0
github.com/GoMudEngine/GoMud/internal/usercommands/admin.room.go:968.49,970.27 1 0
github.com/GoMudEngine/GoMud/internal/usercommands/admin.room.go:970.27,971.15 1 0
github.com/GoMudEngine/GoMud/internal/usercommands/admin.room.go:974.6,975.49 2 0
github.com/GoMudEngine/GoMud/internal/usercommands/admin.room.go:975.49,977.7 1 0
github.com/GoMudEngine/GoMud/internal/usercommands/admin.room.go:979.6,979.108 1 0
github.com/GoMudEngine/GoMud/internal/usercommands/admin.room.go:983.4,983.54 1 0
github.com/GoMudEngine/GoMud/internal/usercommands/admin.room.go:983.54,985.5 1 0
github.com/GoMudEngine/GoMud/internal/usercommands/admin.room.go:987.4,988.22 2 0
github.com/GoMudEngine/GoMud/internal/usercommands/admin.room.go:988.22,992.5 3 0
github.com/GoMudEngine/GoMud/internal/usercommands/admin.room.go:994.4,996.27 2 0
github.com/GoMudEngine/GoMud/internal/usercommands/admin.room.go:996.27,1000.63 2 0
github.com/GoMudEngine/GoMud/internal/usercommands/admin.room.go:1000.63,1001.52 1 0
github.com/GoMudEngine/GoMud/internal/usercommands/admin.room.go:1001.52,1003.7 1 0
github.com/GoMudEngine/GoMud/internal/usercommands/admin.room.go:1006.5,1006.29 1 0
github.com/GoMudEngine/GoMud/internal/usercommands/admin.room.go:1006.29,1007.36 1 0
github.com/GoMudEngine/GoMud/internal/usercommands/admin.room.go:1007.36,1008.50 1 0
github.com/GoMudEngine/GoMud/internal/usercommands/admin.room.go:1008.50,1010.13 2 0
github.com/GoMudEngine/GoMud/internal/usercommands/admin.room.go:1015.5,1015.29 1 0
github.com/GoMudEngine/GoMud/internal/usercommands/admin.room.go:1015.29,1023.6 5 0
github.com/GoMudEngine/GoMud/internal/usercommands/admin.room.go:1025.5,1025.57 1 0
github.com/GoMudEngine/GoMud/internal/usercommands/admin.room.go:1025.57,1028.48 2 0
github.com/GoMudEngine/GoMud/internal/usercommands/admin.room.go:1028.48,1029.36 1 0
github.com/GoMudEngine/GoMud/internal/usercommands/admin.room.go:1029.36,1031.13 2 0
github.com/GoMudEngine/GoMud/internal/usercommands/admin.room.go:1035.11,1040.6 2 0
github.com/GoMudEngine/GoMud/internal/usercommands/admin.room.go:1042.5,1046.40 3 0
github.com/GoMudEngine/GoMud/internal/usercommands/admin.room.go:1046.40,1049.6 2 0
github.com/GoMudEngine/GoMud/internal/usercommands/admin.room.go:1051.5,1053.22 3 0
github.com/GoMudEngine/GoMud/internal/usercommands/admin.room.go:1059.3,1059.50 1 0
github.com/GoMudEngine/GoMud/internal/usercommands/admin.room.go:1059.50,1061.4 1 0
github.com/GoMudEngine/GoMud/internal/usercommands/admin.room.go:1063.3,1063.32 1 0
github.com/GoMudEngine/GoMud/internal/usercommands/admin.room.go:1063.32,1065.4 1 0
github.com/GoMudEngine/GoMud/internal/usercommands/admin.room.go:1067.3,1068.21 2 0
github.com/GoMudEngine/GoMud/internal/usercommands/admin.room.go:1068.21,1070.4 1 0
github.com/GoMudEngine/GoMud/internal/usercommands/admin.room.go:1072.3,1075.56 2 0
github.com/GoMudEngine/GoMud/internal/usercommands/admin.room.go:1075.56,1077.4 1 0
github.com/GoMudEngine/GoMud/internal/usercommands/admin.room.go:1081.2,1081.20 1 0
github.com/GoMudEngine/GoMud/internal/usercommands/admin.room.go:1086.122,1089.20 2 0
github.com/GoMudEngine/GoMud/internal/usercommands/admin.room.go:1089.20,1091.3 1 0
github.com/GoMudEngine/GoMud/internal/usercommands/admin.room.go:1093.2,1093.32 1 0
github.com/GoMudEngine/GoMud/internal/usercommands/admin.room.go:1093.32,1096.48 2 0
github.com/GoMudEngine/GoMud/internal/usercommands/admin.room.go:1096.48,1098.4 1 0
github.com/GoMudEngine/GoMud/internal/usercommands/admin.room.go:1100.3,1100.31 1 0
github.com/GoMudEngine/GoMud/internal/usercommands/admin.room.go:1100.31,1101.30 1 0
github.com/GoMudEngine/GoMud/internal/usercommands/admin.room.go:1101.30,1103.5 1 0
github.com/GoMudEngine/GoMud/internal/usercommands/admin.room.go:1106.3,1107.52 2 0
github.com/GoMudEngine/GoMud/internal/usercommands/admin.room.go:1107.52,1109.4 1 0
github.com/GoMudEngine/GoMud/internal/usercommands/admin.room.go:1111.3,1111.60 1 0
github.com/GoMudEngine/GoMud/internal/usercommands/admin.room.go:1111.60,1115.4 3 0
github.com/GoMudEngine/GoMud/internal/usercommands/admin.room.go:1118.3,1122.46 3 0
github.com/GoMudEngine/GoMud/internal/usercommands/admin.room.go:1122.46,1124.62 2 0
github.com/GoMudEngine/GoMud/internal/usercommands/admin.room.go:1124.62,1130.40 4 0
github.com/GoMudEngine/GoMud/internal/usercommands/admin.room.go:1130.40,1133.6 2 0
github.com/GoMudEngine/GoMud/internal/usercommands/admin.room.go:1135.5,1141.8 1 0
github.com/GoMudEngine/GoMud/internal/usercommands/admin.room.go:1145.4,1162.22 4 0
github.com/GoMudEngine/GoMud/internal/usercommands/admin.room.go:1162.22,1166.5 3 0
github.com/GoMudEngine/GoMud/internal/usercommands/admin.room.go:1168.4,1169.64 2 0
github.com/GoMudEngine/GoMud/internal/usercommands/admin.room.go:1169.64,1170.53 1 0
github.com/GoMudEngine/GoMud/internal/usercommands/admin.room.go:1170.53,1172.6 1 0
github.com/GoMudEngine/GoMud/internal/usercommands/admin.room.go:1175.4,1175.22 1 0
github.com/GoMudEngine/GoMud/internal/usercommands/admin.room.go:1175.22,1176.37 1 0
github.com/GoMudEngine/GoMud/internal/usercommands/admin.room.go:1176.37,1177.51 1 0
github.com/GoMudEngine/GoMud/internal/usercommands/admin.room.go:1177.51,1179.12 2 0
github.com/GoMudEngine/GoMud/internal/usercommands/admin.room.go:1184.4,1184.34 1 0
github.com/GoMudEngine/GoMud/internal/usercommands/admin.room.go:1184.34,1187.23 2 0
github.com/GoMudEngine/GoMud/internal/usercommands/admin.room.go:1187.23,1189.6 1 0
github.com/GoMudEngine/GoMud/internal/usercommands/admin.room.go:1191.5,1192.44 2 0
github.com/GoMudEngine/GoMud/internal/usercommands/admin.room.go:1192.44,1198.6 3 0
github.com/GoMudEngine/GoMud/internal/usercommands/admin.room.go:1200.5,1200.48 1 0
github.com/GoMudEngine/GoMud/internal/usercommands/admin.room.go:1200.48,1202.6 1 0
github.com/GoMudEngine/GoMud/internal/usercommands/admin.room.go:1204.5,1208.44 3 0
github.com/GoMudEngine/GoMud/internal/usercommands/admin.room.go:1213.3,1213.22 1 0
github.com/GoMudEngine/GoMud/internal/usercommands/admin.room.go:1213.22,1216.58 2 0
github.com/GoMudEngine/GoMud/internal/usercommands/admin.room.go:1216.58,1218.5 1 0
github.com/GoMudEngine/GoMud/internal/usercommands/admin.room.go:1220.4,1221.22 2 0
github.com/GoMudEngine/GoMud/internal/usercommands/admin.room.go:1221.22,1229.5 4 0
github.com/GoMudEngine/GoMud/internal/usercommands/admin.room.go:1231.4,1231.35 1 0
github.com/GoMudEngine/GoMud/internal/usercommands/admin.room.go:1231.35,1234.36 2 0
github.com/GoMudEngine/GoMud/internal/usercommands/admin.room.go:1234.36,1237.6 2 0
github.com/GoMudEngine/GoMud/internal/usercommands/admin.room.go:1239.5,1241.73 2 0
github.com/GoMudEngine/GoMud/internal/usercommands/admin.room.go:1241.73,1248.6 4 0
github.com/GoMudEngine/GoMud/internal/usercommands/admin.room.go:1250.5,1250.19 1 0
github.com/GoMudEngine/GoMud/internal/usercommands/admin.room.go:1250.19,1252.57 1 0
github.com/GoMudEngine/GoMud/internal/usercommands/admin.room.go:1252.57,1254.37 1 0
github.com/GoMudEngine/GoMud/internal/usercommands/admin.room.go:1254.37,1259.46 3 0
github.com/GoMudEngine/GoMud/internal/usercommands/admin.room.go:1259.46,1261.9 1 0
github.com/GoMudEngine/GoMud/internal/usercommands/admin.room.go:1263.8,1263.13 1 0
github.com/GoMudEngine/GoMud/internal/usercommands/admin.room.go:1268.11,1271.6 2 0
github.com/GoMudEngine/GoMud/internal/usercommands/admin.room.go:1274.5,1280.25 5 0
github.com/GoMudEngine/GoMud/internal/usercommands/admin.room.go:1286.3,1286.56 1 0
github.com/GoMudEngine/GoMud/internal/usercommands/admin.room.go:1286.56,1289.33 2 0
github.com/GoMudEngine/GoMud/internal/usercommands/admin.room.go:1289.33,1290.23 1 0
github.com/GoMudEngine/GoMud/internal/usercommands/admin.room.go:1290.23,1292.6 1 0
github.com/GoMudEngine/GoMud/internal/usercommands/admin.room.go:1296.8,1298.3 1 0
github.com/GoMudEngine/GoMud/internal/usercommands/admin.room.go:1300.2,1300.23 1 0
github.com/GoMudEngine/GoMud/internal/usercommands/admin.room.go:1303.118,1306.40 2 0
github.com/GoMudEngine/GoMud/internal/usercommands/admin.room.go:1306.40,1308.3 1 0
github.com/GoMudEngine/GoMud/internal/usercommands/admin.room.go:1310.2,1313.50 3 0
github.com/GoMudEngine/GoMud/internal/usercommands/admin.room.go:1313.50,1315.3 1 0
github.com/GoMudEngine/GoMud/internal/usercommands/admin.room.go:1315.8,1316.36 1 0
github.com/GoMudEngine/GoMud/internal/usercommands/admin.room.go:1316.36,1318.4 1 0
github.com/GoMudEngine/GoMud/internal/usercommands/admin.room.go:1322.2,1325.44 3 0
github.com/GoMudEngine/GoMud/internal/usercommands/admin.room.go:1325.44,1327.3 1 0
github.com/GoMudEngine/GoMud/internal/usercommands/admin.room.go:1329.2,1331.52 2 0
github.com/GoMudEngine/GoMud/internal/usercommands/admin.room.go:1331.52,1333.48 2 0
github.com/GoMudEngine/GoMud/internal/usercommands/admin.room.go:1333.48,1335.4 1 0
github.com/GoMudEngine/GoMud/internal/usercommands/admin.room.go:1337.3,1337.109 1 0
github.com/GoMudEngine/GoMud/internal/usercommands/admin.room.go:1341.2,1341.55 1 0
github.com/GoMudEngine/GoMud/internal/usercommands/admin.room.go:1341.55,1343.3 1 0
github.com/GoMudEngine/GoMud/internal/usercommands/admin.room.go:1345.2,1346.20 2 0
github.com/GoMudEngine/GoMud/internal/usercommands/admin.room.go:1346.20,1350.3 3 0
github.com/GoMudEngine/GoMud/internal/usercommands/admin.room.go:1352.2,1352.30 1 0
github.com/GoMudEngine/GoMud/internal/usercommands/admin.room.go:1352.30,1356.66 2 0
github.com/GoMudEngine/GoMud/internal/usercommands/admin.room.go:1356.66,1357.53 1 0
github.com/GoMudEngine/GoMud/internal/usercommands/admin.room.go:1357.53,1359.5 1 0
github.com/GoMudEngine/GoMud/internal/usercommands/admin.room.go:1362.3,1362.28 1 0
github.com/GoMudEngine/GoMud/internal/usercommands/admin.room.go:1362.28,1363.37 1 0
github.com/GoMudEngine/GoMud/internal/usercommands/admin.room.go:1363.37,1364.53 1 0
github.com/GoMudEngine/GoMud/internal/usercommands/admin.room.go:1364.53,1366.11 2 0
github.com/GoMudEngine/GoMud/internal/usercommands/admin.room.go:1371.3,1371.28 1 0
github.com/GoMudEngine/GoMud/internal/usercommands/admin.room.go:1371.28,1379.4 5 0
github.com/GoMudEngine/GoMud/internal/usercommands/admin.room.go:1381.3,1381.58 1 0
github.com/GoMudEngine/GoMud/internal/usercommands/admin.room.go:1381.58,1384.48 2 0
github.com/GoMudEngine/GoMud/internal/usercommands/admin.room.go:1384.48,1385.33 1 0
github.com/GoMudEngine/GoMud/internal/usercommands/admin.room.go:1385.33,1387.11 2 0
github.com/GoMudEngine/GoMud/internal/usercommands/admin.room.go:1391.9,1396.4 2 0
github.com/GoMudEngine/GoMud/internal/usercommands/admin.room.go:1398.3,1402.41 3 0
github.com/GoMudEngine/GoMud/internal/usercommands/admin.room.go:1402.41,1405.4 2 0
github.com/GoMudEngine/GoMud/internal/usercommands/admin.room.go:1407.3,1409.19 3 0
github.com/GoMudEngine/GoMud/internal/usercommands/admin.room.go:1416.2,1417.44 2 0
github.com/GoMudEngine/GoMud/internal/usercommands/admin.room.go:1417.44,1419.3 1 0
github.com/GoMudEngine/GoMud/internal/usercommands/admin.room.go:1420.2,1428.18 6 0
github.com/GoMudEngine/GoMud/internal/usercommands/admin.server.go:33.106,35.16 1 1
github.com/GoMudEngine/GoMud/internal/usercommands/admin.server.go:35.16,39.3 3 1
github.com/GoMudEngine/GoMud/internal/usercommands/admin.server.go:41.2,42.25 2 1
github.com/GoMudEngine/GoMud/internal/usercommands/admin.server.go:42.25,44.3 1 1
github.com/GoMudEngine/GoMud/internal/usercommands/admin.server.go:46.2,46.22 1 1
github.com/GoMudEngine/GoMud/internal/usercommands/admin.server.go:46.22,50.20 2 1
github.com/GoMudEngine/GoMud/internal/usercommands/admin.server.go:50.20,56.27 4 1
github.com/GoMudEngine/GoMud/internal/usercommands/admin.server.go:56.27,58.5 1 1
github.com/GoMudEngine/GoMud/internal/usercommands/admin.server.go:61.4,66.30 4 1
github.com/GoMudEngine/GoMud/internal/usercommands/admin.server.go:66.30,67.28 1 1
github.com/GoMudEngine/GoMud/internal/usercommands/admin.server.go:67.28,69.6 1 1
github.com/GoMudEngine/GoMud/internal/usercommands/admin.server.go:72.4,74.30 2 1
github.com/GoMudEngine/GoMud/internal/usercommands/admin.server.go:74.30,77.36 3 1
github.com/GoMudEngine/GoMud/internal/usercommands/admin.server.go:77.36,79.24 2 1
github.com/GoMudEngine/GoMud/internal/usercommands/admin.server.go:79.24,80.33 1 1
github.com/GoMudEngine/GoMud/internal/usercommands/admin.server.go:80.33,83.8 2 1
github.com/GoMudEngine/GoMud/internal/usercommands/admin.server.go:84.7,85.49 2 1
github.com/GoMudEngine/GoMud/internal/usercommands/admin.server.go:88.5,90.233 2 1
github.com/GoMudEngine/GoMud/internal/usercommands/admin.server.go:94.4,94.20 1 1
github.com/GoMudEngine/GoMud/internal/usercommands/admin.server.go:97.3,97.23 1 1
github.com/GoMudEngine/GoMud/internal/usercommands/admin.server.go:97.23,102.4 4 0
github.com/GoMudEngine/GoMud/internal/usercommands/admin.server.go:102.9,102.32 1 1
github.com/GoMudEngine/GoMud/internal/usercommands/admin.server.go:102.32,107.4 4 0
github.com/GoMudEngine/GoMud/internal/usercommands/admin.server.go:109.3,112.65 3 1
github.com/GoMudEngine/GoMud/internal/usercommands/admin.server.go:112.65,115.4 2 1
github.com/GoMudEngine/GoMud/internal/usercommands/admin.server.go:117.3,119.19 2 0
github.com/GoMudEngine/GoMud/internal/usercommands/admin.server.go:122.2,122.27 1 1
github.com/GoMudEngine/GoMud/internal/usercommands/admin.server.go:122.27,126.3 3 1
github.com/GoMudEngine/GoMud/internal/usercommands/admin.server.go:128.2,128.26 1 1
github.com/GoMudEngine/GoMud/internal/usercommands/admin.server.go:128.26,130.3 1 1
github.com/GoMudEngine/GoMud/internal/usercommands/admin.server.go:132.2,132.25 1 1
github.com/GoMudEngine/GoMud/internal/usercommands/admin.server.go:132.25,134.3 1 1
github.com/GoMudEngine/GoMud/internal/usercommands/admin.server.go:136.2,136.27 1 1
github.com/GoMudEngine/GoMud/internal/usercommands/admin.server.go:136.27,138.3 1 1
github.com/GoMudEngine/GoMud/internal/usercommands/admin.server.go:140.2,140.39 1 1
github.com/GoMudEngine/GoMud/internal/usercommands/admin.server.go:140.39,160.33 10 1
github.com/GoMudEngine/GoMud/internal/usercommands/admin.server.go:160.33,164.4 2 0
github.com/GoMudEngine/GoMud/internal/usercommands/admin.server.go:166.3,167.33 2 1
github.com/GoMudEngine/GoMud/internal/usercommands/admin.server.go:167.33,177.4 3 0
github.com/GoMudEngine/GoMud/internal/usercommands/admin.server.go:179.3,199.42 9 1
github.com/GoMudEngine/GoMud/internal/usercommands/admin.server.go:199.42,207.43 5 1
github.com/GoMudEngine/GoMud/internal/usercommands/admin.server.go:207.43,212.5 4 1
github.com/GoMudEngine/GoMud/internal/usercommands/admin.server.go:214.4,216.40 3 1
github.com/GoMudEngine/GoMud/internal/usercommands/admin.server.go:216.40,222.59 4 1
github.com/GoMudEngine/GoMud/internal/usercommands/admin.server.go:222.59,224.42 2 1
github.com/GoMudEngine/GoMud/internal/usercommands/admin.server.go:224.42,226.7 1 1
github.com/GoMudEngine/GoMud/internal/usercommands/admin.server.go:226.12,226.49 1 1
github.com/GoMudEngine/GoMud/internal/usercommands/admin.server.go:226.49,228.7 1 1
github.com/GoMudEngine/GoMud/internal/usercommands/admin.server.go:230.6,231.40 2 1
github.com/GoMudEngine/GoMud/internal/usercommands/admin.server.go:231.40,233.7 1 0
github.com/GoMudEngine/GoMud/internal/usercommands/admin.server.go:233.12,233.47 1 1
github.com/GoMudEngine/GoMud/internal/usercommands/admin.server.go:233.47,235.7 1 0
github.com/GoMudEngine/GoMud/internal/usercommands/admin.server.go:237.5,243.38 4 1
github.com/GoMudEngine/GoMud/internal/usercommands/admin.server.go:243.38,245.6 1 1
github.com/GoMudEngine/GoMud/internal/usercommands/admin.server.go:246.5,246.43 1 1
github.com/GoMudEngine/GoMud/internal/usercommands/admin.server.go:246.43,248.6 1 1
github.com/GoMudEngine/GoMud/internal/usercommands/admin.server.go:248.11,248.50 1 1
github.com/GoMudEngine/GoMud/internal/usercommands/admin.server.go:248.50,250.6 1 1
github.com/GoMudEngine/GoMud/internal/usercommands/admin.server.go:250.11,250.50 1 0
github.com/GoMudEngine/GoMud/internal/usercommands/admin.server.go:250.50,252.6 1 0
github.com/GoMudEngine/GoMud/internal/usercommands/admin.server.go:252.11,254.6 1 0
github.com/GoMudEngine/GoMud/internal/usercommands/admin.server.go:256.5,256.45 1 1
github.com/GoMudEngine/GoMud/internal/usercommands/admin.server.go:258.4,260.27 2 1
github.com/GoMudEngine/GoMud/internal/usercommands/admin.server.go:260.27,262.5 1 1
github.com/GoMudEngine/GoMud/internal/usercommands/admin.server.go:263.4,263.19 1 1
github.com/GoMudEngine/GoMud/internal/usercommands/admin.server.go:266.3,270.57 4 1
github.com/GoMudEngine/GoMud/internal/usercommands/admin.server.go:270.57,272.30 2 1
github.com/GoMudEngine/GoMud/internal/usercommands/admin.server.go:272.30,274.5 1 0
github.com/GoMudEngine/GoMud/internal/usercommands/admin.server.go:274.10,274.37 1 1
github.com/GoMudEngine/GoMud/internal/usercommands/admin.server.go:274.37,276.5 1 0
github.com/GoMudEngine/GoMud/internal/usercommands/admin.server.go:279.3,282.41 3 1
github.com/GoMudEngine/GoMud/internal/usercommands/admin.server.go:282.41,284.4 1 1
github.com/GoMudEngine/GoMud/internal/usercommands/admin.server.go:284.9,284.48 1 0
github.com/GoMudEngine/GoMud/internal/usercommands/admin.server.go:284.48,286.4 1 0
github.com/GoMudEngine/GoMud/internal/usercommands/admin.server.go:286.9,286.48 1 0
github.com/GoMudEngine/GoMud/internal/usercommands/admin.server.go:286.48,288.4 1 0
github.com/GoMudEngine/GoMud/internal/usercommands/admin.server.go:288.9,290.4 1 0
github.com/GoMudEngine/GoMud/internal/usercommands/admin.server.go:292.3,295.27 4 1
github.com/GoMudEngine/GoMud/internal/usercommands/admin.server.go:298.2,298.18 1 1
github.com/GoMudEngine/GoMud/internal/usercommands/admin.server.go:301.110,306.11 2 1
github.com/GoMudEngine/GoMud/internal/usercommands/admin.server.go:306.11,311.3 4 1
github.com/GoMudEngine/GoMud/internal/usercommands/admin.server.go:313.2,314.62 2 1
github.com/GoMudEngine/GoMud/internal/usercommands/admin.server.go:314.62,316.3 1 0
github.com/GoMudEngine/GoMud/internal/usercommands/admin.server.go:318.2,318.24 1 1
github.com/GoMudEngine/GoMud/internal/usercommands/admin.server.go:318.24,320.55 2 0
github.com/GoMudEngine/GoMud/internal/usercommands/admin.server.go:320.55,322.36 1 0
github.com/GoMudEngine/GoMud/internal/usercommands/admin.server.go:322.36,326.5 3 0
github.com/GoMudEngine/GoMud/internal/usercommands/admin.server.go:328.4,329.22 2 0
github.com/GoMudEngine/GoMud/internal/usercommands/admin.server.go:329.22,331.5 1 0
github.com/GoMudEngine/GoMud/internal/usercommands/admin.server.go:333.4,336.18 3 0
github.com/GoMudEngine/GoMud/internal/usercommands/admin.server.go:336.18,342.5 5 0
github.com/GoMudEngine/GoMud/internal/usercommands/admin.server.go:343.4,344.20 2 0
github.com/GoMudEngine/GoMud/internal/usercommands/admin.server.go:348.2,349.20 2 1
github.com/GoMudEngine/GoMud/internal/usercommands/admin.server.go:349.20,351.3 1 1
github.com/GoMudEngine/GoMud/internal/usercommands/admin.server.go:353.2,353.33 1 0
github.com/GoMudEngine/GoMud/internal/usercommands/admin.server.go:353.33,357.3 3 0
github.com/GoMudEngine/GoMud/internal/usercommands/admin.server.go:359.2,360.20 2 0
github.com/GoMudEngine/GoMud/internal/usercommands/admin.server.go:360.20,362.3 1 0
github.com/GoMudEngine/GoMud/internal/usercommands/admin.server.go:363.2,365.30 2 0
github.com/GoMudEngine/GoMud/internal/usercommands/admin.server.go:365.30,369.3 3 0
github.com/GoMudEngine/GoMud/internal/usercommands/admin.server.go:371.2,372.9 2 0
github.com/GoMudEngine/GoMud/internal/usercommands/admin.server.go:372.9,376.3 3 0
github.com/GoMudEngine/GoMud/internal/usercommands/admin.server.go:376.8,378.28 1 0
github.com/GoMudEngine/GoMud/internal/usercommands/admin.server.go:378.28,379.48 1 0
github.com/GoMudEngine/GoMud/internal/usercommands/admin.server.go:379.48,381.5 1 0
github.com/GoMudEngine/GoMud/internal/usercommands/admin.server.go:383.4,385.32 2 0
github.com/GoMudEngine/GoMud/internal/usercommands/admin.server.go:385.32,389.5 3 0
github.com/GoMudEngine/GoMud/internal/usercommands/admin.server.go:391.4,392.52 2 0
github.com/GoMudEngine/GoMud/internal/usercommands/admin.server.go:392.52,396.5 2 0
github.com/GoMudEngine/GoMud/internal/usercommands/admin.server.go:399.3,399.47 1 0
github.com/GoMudEngine/GoMud/internal/usercommands/admin.server.go:402.2,402.20 1 0
github.com/GoMudEngine/GoMud/internal/usercommands/admin.server.go:402.20,405.3 2 0
github.com/GoMudEngine/GoMud/internal/usercommands/admin.server.go:407.2,412.18 4 0
github.com/GoMudEngine/GoMud/internal/usercommands/admin.server.go:415.44,419.45 2 1
github.com/GoMudEngine/GoMud/internal/usercommands/admin.server.go:419.45,421.3 1 1
github.com/GoMudEngine/GoMud/internal/usercommands/admin.server.go:423.2,424.30 2 1
github.com/GoMudEngine/GoMud/internal/usercommands/admin.server.go:424.30,425.56 1 0
github.com/GoMudEngine/GoMud/internal/usercommands/admin.server.go:425.56,427.4 1 0
github.com/GoMudEngine/GoMud/internal/usercommands/admin.server.go:430.2,430.13 1 1
github.com/GoMudEngine/GoMud/internal/usercommands/admin.server.go:433.73,441.37 5 1
github.com/GoMudEngine/GoMud/internal/usercommands/admin.server.go:441.37,447.53 4 1
github.com/GoMudEngine/GoMud/internal/usercommands/admin.server.go:447.53,449.43 2 1
github.com/GoMudEngine/GoMud/internal/usercommands/admin.server.go:449.43,451.5 1 1
github.com/GoMudEngine/GoMud/internal/usercommands/admin.server.go:452.4,452.20 1 1
github.com/GoMudEngine/GoMud/internal/usercommands/admin.server.go:456.2,457.44 2 1
github.com/GoMudEngine/GoMud/internal/usercommands/admin.server.go:457.44,462.58 2 0
github.com/GoMudEngine/GoMud/internal/usercommands/admin.server.go:462.58,472.4 2 0
github.com/GoMudEngine/GoMud/internal/usercommands/admin.server.go:474.8,474.24 1 1
github.com/GoMudEngine/GoMud/internal/usercommands/admin.server.go:474.24,476.3 1 0
github.com/GoMudEngine/GoMud/internal/usercommands/admin.server.go:479.2,480.55 2 1
github.com/GoMudEngine/GoMud/internal/usercommands/admin.server.go:480.55,482.18 1 1
github.com/GoMudEngine/GoMud/internal/usercommands/admin.server.go:482.18,483.102 1 0
github.com/GoMudEngine/GoMud/internal/usercommands/admin.server.go:483.102,484.13 1 0
github.com/GoMudEngine/GoMud/internal/usercommands/admin.server.go:488.3,489.31 2 1
github.com/GoMudEngine/GoMud/internal/usercommands/admin.server.go:489.31,491.4 1 0
github.com/GoMudEngine/GoMud/internal/usercommands/admin.server.go:493.3,494.72 2 1
github.com/GoMudEngine/GoMud/internal/usercommands/admin.server.go:494.72,496.4 1 1
github.com/GoMudEngine/GoMud/internal/usercommands/admin.server.go:496.9,498.4 1 1
github.com/GoMudEngine/GoMud/internal/usercommands/admin.server.go:500.3,500.52 1 1
github.com/GoMudEngine/GoMud/internal/usercommands/admin.server.go:500.52,501.12 1 1
github.com/GoMudEngine/GoMud/internal/usercommands/admin.server.go:504.3,507.31 3 1
github.com/GoMudEngine/GoMud/internal/usercommands/admin.server.go:507.31,509.4 1 0
github.com/GoMudEngine/GoMud/internal/usercommands/admin.server.go:511.3,515.5 1 1
github.com/GoMudEngine/GoMud/internal/usercommands/admin.server.go:519.2,519.28 1 1
github.com/GoMudEngine/GoMud/internal/usercommands/admin.server.go:519.28,520.49 1 1
github.com/GoMudEngine/GoMud/internal/usercommands/admin.server.go:520.49,522.4 1 1
github.com/GoMudEngine/GoMud/internal/usercommands/admin.server.go:525.2,525.28 1 1
github.com/GoMudEngine/GoMud/internal/usercommands/admin.skillset.go:21.108,29.19 2 1
github.com/GoMudEngine/GoMud/internal/usercommands/admin.skillset.go:29.19,35.50 4 1
github.com/GoMudEngine/GoMud/internal/usercommands/admin.skillset.go:35.50,37.4 1 1
github.com/GoMudEngine/GoMud/internal/usercommands/admin.skillset.go:39.3,39.19 1 1
github.com/GoMudEngine/GoMud/internal/usercommands/admin.skillset.go:42.2,45.19 3 1
github.com/GoMudEngine/GoMud/internal/usercommands/admin.skillset.go:45.19,48.3 2 0
github.com/GoMudEngine/GoMud/internal/usercommands/admin.skillset.go:50.2,50.19 1 1
github.com/GoMudEngine/GoMud/internal/usercommands/admin.skillset.go:50.19,56.50 4 0
github.com/GoMudEngine/GoMud/internal/usercommands/admin.skillset.go:56.50,58.4 1 0
github.com/GoMudEngine/GoMud/internal/usercommands/admin.skillset.go:60.3,60.19 1 0
github.com/GoMudEngine/GoMud/internal/usercommands/admin.skillset.go:63.2,63.22 1 1
github.com/GoMudEngine/GoMud/internal/usercommands/admin.skillset.go:63.22,66.55 2 0
github.com/GoMudEngine/GoMud/internal/usercommands/admin.skillset.go:66.55,69.4 2 0
github.com/GoMudEngine/GoMud/internal/usercommands/admin.skillset.go:71.3,71.39 1 0
github.com/GoMudEngine/GoMud/internal/usercommands/admin.skillset.go:71.39,73.4 1 0
github.com/GoMudEngine/GoMud/internal/usercommands/admin.skillset.go:75.3,75.19 1 0
github.com/GoMudEngine/GoMud/internal/usercommands/admin.skillset.go:78.2,83.11 4 1
github.com/GoMudEngine/GoMud/internal/usercommands/admin.skillset.go:83.11,87.39 3 1
github.com/GoMudEngine/GoMud/internal/usercommands/admin.skillset.go:87.39,89.4 1 0
github.com/GoMudEngine/GoMud/internal/usercommands/admin.skillset.go:90.8,92.3 1 0
github.com/GoMudEngine/GoMud/internal/usercommands/admin.skillset.go:94.2,94.18 1 1
github.com/GoMudEngine/GoMud/internal/usercommands/admin.spawn.go:19.105,23.20 2 1
github.com/GoMudEngine/GoMud/internal/usercommands/admin.spawn.go:23.20,28.3 3 1
github.com/GoMudEngine/GoMud/internal/usercommands/admin.spawn.go:30.2,34.20 4 1
github.com/GoMudEngine/GoMud/internal/usercommands/admin.spawn.go:34.20,37.3 2 0
github.com/GoMudEngine/GoMud/internal/usercommands/admin.spawn.go:37.8,41.3 2 1
github.com/GoMudEngine/GoMud/internal/usercommands/admin.spawn.go:43.2,43.26 1 1
github.com/GoMudEngine/GoMud/internal/usercommands/admin.spawn.go:43.26,45.31 1 0
github.com/GoMudEngine/GoMud/internal/usercommands/admin.spawn.go:45.31,58.4 4 0
github.com/GoMudEngine/GoMud/internal/usercommands/admin.spawn.go:60.3,60.51 1 0
github.com/GoMudEngine/GoMud/internal/usercommands/admin.spawn.go:60.51,63.27 2 0
github.com/GoMudEngine/GoMud/internal/usercommands/admin.spawn.go:63.27,65.5 1 0
github.com/GoMudEngine/GoMud/internal/usercommands/admin.spawn.go:65.10,67.5 1 0
github.com/GoMudEngine/GoMud/internal/usercommands/admin.spawn.go:69.4,69.19 1 0
github.com/GoMudEngine/GoMud/internal/usercommands/admin.spawn.go:69.19,71.5 1 0
github.com/GoMudEngine/GoMud/internal/usercommands/admin.spawn.go:73.4,83.20 4 0
github.com/GoMudEngine/GoMud/internal/usercommands/admin.spawn.go:88.2,96.18 3 1
github.com/GoMudEngine/GoMud/internal/usercommands/admin.spell.go:25.105,29.19 2 1
github.com/GoMudEngine/GoMud/internal/usercommands/admin.spell.go:29.19,33.3 3 1
github.com/GoMudEngine/GoMud/internal/usercommands/admin.spell.go:36.2,36.25 1 1
github.com/GoMudEngine/GoMud/internal/usercommands/admin.spell.go:36.25,38.46 1 0
github.com/GoMudEngine/GoMud/internal/usercommands/admin.spell.go:38.46,41.4 2 0
github.com/GoMudEngine/GoMud/internal/usercommands/admin.spell.go:43.3,43.70 1 0
github.com/GoMudEngine/GoMud/internal/usercommands/admin.spell.go:47.2,47.23 1 1
github.com/GoMudEngine/GoMud/internal/usercommands/admin.spell.go:47.23,49.44 1 1
github.com/GoMudEngine/GoMud/internal/usercommands/admin.spell.go:49.44,52.4 2 0
github.com/GoMudEngine/GoMud/internal/usercommands/admin.spell.go:54.3,54.68 1 1
github.com/GoMudEngine/GoMud/internal/usercommands/admin.spell.go:57.2,57.18 1 1
github.com/GoMudEngine/GoMud/internal/usercommands/admin.spell.go:60.110,64.50 2 1
github.com/GoMudEngine/GoMud/internal/usercommands/admin.spell.go:64.50,67.20 1 1
github.com/GoMudEngine/GoMud/internal/usercommands/admin.spell.go:67.20,68.36 1 1
github.com/GoMudEngine/GoMud/internal/usercommands/admin.spell.go:68.36,70.5 1 1
github.com/GoMudEngine/GoMud/internal/usercommands/admin.spell.go:71.4,71.147 1 1
github.com/GoMudEngine/GoMud/internal/usercommands/admin.spell.go:71.147,72.13 1 0
github.com/GoMudEngine/GoMud/internal/usercommands/admin.spell.go:76.3,79.5 1 1
github.com/GoMudEngine/GoMud/internal/usercommands/admin.spell.go:82.2,82.51 1 1
github.com/GoMudEngine/GoMud/internal/usercommands/admin.spell.go:82.51,84.3 1 0
github.com/GoMudEngine/GoMud/internal/usercommands/admin.spell.go:86.2,89.18 3 1
github.com/GoMudEngine/GoMud/internal/usercommands/admin.spell.go:92.112,96.19 2 0
github.com/GoMudEngine/GoMud/internal/usercommands/admin.spell.go:96.19,97.55 1 0
github.com/GoMudEngine/GoMud/internal/usercommands/admin.spell.go:97.55,99.4 1 0
github.com/GoMudEngine/GoMud/internal/usercommands/admin.spell.go:103.2,105.11 2 0
github.com/GoMudEngine/GoMud/internal/usercommands/admin.spell.go:105.11,108.3 2 0
github.com/GoMudEngine/GoMud/internal/usercommands/admin.spell.go:113.2,115.21 2 0
github.com/GoMudEngine/GoMud/internal/usercommands/admin.spell.go:115.21,117.4 1 0
github.com/GoMudEngine/GoMud/internal/usercommands/admin.spell.go:119.3,119.30 1 0
github.com/GoMudEngine/GoMud/internal/usercommands/admin.spell.go:119.30,123.4 3 0
github.com/GoMudEngine/GoMud/internal/usercommands/admin.spell.go:125.3,125.36 1 0
github.com/GoMudEngine/GoMud/internal/usercommands/admin.spell.go:131.2,133.21 2 0
github.com/GoMudEngine/GoMud/internal/usercommands/admin.spell.go:133.21,135.4 1 0
github.com/GoMudEngine/GoMud/internal/usercommands/admin.spell.go:137.3,137.30 1 0
github.com/GoMudEngine/GoMud/internal/usercommands/admin.spell.go:137.30,141.4 3 0
github.com/GoMudEngine/GoMud/internal/usercommands/admin.spell.go:143.3,143.39 1 0
github.com/GoMudEngine/GoMud/internal/usercommands/admin.spell.go:149.2,151.21 2 0
github.com/GoMudEngine/GoMud/internal/usercommands/admin.spell.go:151.21,153.4 1 0
github.com/GoMudEngine/GoMud/internal/usercommands/admin.spell.go:155.3,155.43 1 0
github.com/GoMudEngine/GoMud/internal/usercommands/admin.spell.go:161.2,199.53 9 0
github.com/GoMudEngine/GoMud/internal/usercommands/admin.spell.go:199.53,201.4 1 0
github.com/GoMudEngine/GoMud/internal/usercommands/admin.spell.go:203.3,204.21 2 0
github.com/GoMudEngine/GoMud/internal/usercommands/admin.spell.go:204.21,208.4 3 0
github.com/GoMudEngine/GoMud/internal/usercommands/admin.spell.go:210.3,210.30 1 0
github.com/GoMudEngine/GoMud/internal/usercommands/admin.spell.go:210.30,216.4 4 0
github.com/GoMudEngine/GoMud/internal/usercommands/admin.spell.go:218.3,218.54 1 0
github.com/GoMudEngine/GoMud/internal/usercommands/admin.spell.go:224.2,226.21 2 0
github.com/GoMudEngine/GoMud/internal/usercommands/admin.spell.go:226.21,228.4 1 0
github.com/GoMudEngine/GoMud/internal/usercommands/admin.spell.go:230.3,230.53 1 0
github.com/GoMudEngine/GoMud/internal/usercommands/admin.spell.go:236.2,238.21 2 0
github.com/GoMudEngine/GoMud/internal/usercommands/admin.spell.go:238.21,240.4 1 0
github.com/GoMudEngine/GoMud/internal/usercommands/admin.spell.go:242.3,242.59 1 0
github.com/GoMudEngine/GoMud/internal/usercommands/admin.spell.go:248.2,250.21 2 0
github.com/GoMudEngine/GoMud/internal/usercommands/admin.spell.go:250.21,252.4 1 0
github.com/GoMudEngine/GoMud/internal/usercommands/admin.spell.go:254.3,254.59 1 0
github.com/GoMudEngine/GoMud/internal/usercommands/admin.spell.go:260.2,262.21 2 0
github.com/GoMudEngine/GoMud/internal/usercommands/admin.spell.go:262.21,273.4 8 0
github.com/GoMudEngine/GoMud/internal/usercommands/admin.spell.go:275.3,277.31 2 0
github.com/GoMudEngine/GoMud/internal/usercommands/admin.spell.go:277.31,280.4 2 0
github.com/GoMudEngine/GoMud/internal/usercommands/admin.spell.go:283.2,285.16 2 0
github.com/GoMudEngine/GoMud/internal/usercommands/admin.spell.go:285.16,288.3 2 0
github.com/GoMudEngine/GoMud/internal/usercommands/admin.spell.go:290.2,300.18 9 0
github.com/GoMudEngine/GoMud/internal/usercommands/admin.syslogs.go:17.107,19.16 1 1
github.com/GoMudEngine/GoMud/internal/usercommands/admin.syslogs.go:19.16,23.3 3 1
github.com/GoMudEngine/GoMud/internal/usercommands/admin.syslogs.go:25.2,27.22 2 1
github.com/GoMudEngine/GoMud/internal/usercommands/admin.syslogs.go:27.22,33.3 3 0
github.com/GoMudEngine/GoMud/internal/usercommands/admin.syslogs.go:35.2,38.18 3 1
github.com/GoMudEngine/GoMud/internal/usercommands/admin.teleport.go:27.108,29.20 1 1
github.com/GoMudEngine/GoMud/internal/usercommands/admin.teleport.go:29.20,35.3 3 1
github.com/GoMudEngine/GoMud/internal/usercommands/admin.teleport.go:37.2,40.19 3 1
github.com/GoMudEngine/GoMud/internal/usercommands/admin.teleport.go:40.19,42.73 1 1
github.com/GoMudEngine/GoMud/internal/usercommands/admin.teleport.go:42.73,45.4 2 1
github.com/GoMudEngine/GoMud/internal/usercommands/admin.teleport.go:48.2,50.21 2 1
github.com/GoMudEngine/GoMud/internal/usercommands/admin.teleport.go:50.21,52.38 1 1
github.com/GoMudEngine/GoMud/internal/usercommands/admin.teleport.go:52.38,54.53 1 1
github.com/GoMudEngine/GoMud/internal/usercommands/admin.teleport.go:54.53,57.5 2 0
github.com/GoMudEngine/GoMud/internal/usercommands/admin.teleport.go:59.4,60.22 2 1
github.com/GoMudEngine/GoMud/internal/usercommands/admin.teleport.go:60.22,65.5 4 0
github.com/GoMudEngine/GoMud/internal/usercommands/admin.teleport.go:67.4,67.73 1 1
github.com/GoMudEngine/GoMud/internal/usercommands/admin.teleport.go:69.9,72.71 1 1
github.com/GoMudEngine/GoMud/internal/usercommands/admin.teleport.go:72.71,74.55 1 1
github.com/GoMudEngine/GoMud/internal/usercommands/admin.teleport.go:74.55,77.6 2 0
github.com/GoMudEngine/GoMud/internal/usercommands/admin.teleport.go:79.5,79.45 1 1
github.com/GoMudEngine/GoMud/internal/usercommands/admin.teleport.go:84.8,85.49 1 1
github.com/GoMudEngine/GoMud/internal/usercommands/admin.teleport.go:85.49,88.4 2 0
github.com/GoMudEngine/GoMud/internal/usercommands/admin.teleport.go:91.2,91.36 1 1
github.com/GoMudEngine/GoMud/internal/usercommands/admin.teleport.go:91.36,95.73 2 1
github.com/GoMudEngine/GoMud/internal/usercommands/admin.teleport.go:95.73,98.4 1 0
github.com/GoMudEngine/GoMud/internal/usercommands/admin.teleport.go:98.9,110.61 5 1
github.com/GoMudEngine/GoMud/internal/usercommands/admin.teleport.go:110.61,113.48 1 1
github.com/GoMudEngine/GoMud/internal/usercommands/admin.teleport.go:113.48,116.44 2 1
github.com/GoMudEngine/GoMud/internal/usercommands/admin.teleport.go:116.44,117.30 1 1
github.com/GoMudEngine/GoMud/internal/usercommands/admin.teleport.go:117.30,120.28 2 0
github.com/GoMudEngine/GoMud/internal/usercommands/admin.teleport.go:120.28,121.17 1 0
github.com/GoMudEngine/GoMud/internal/usercommands/admin.teleport.go:124.8,124.53 1 0
github.com/GoMudEngine/GoMud/internal/usercommands/admin.teleport.go:124.53,125.17 1 0
github.com/GoMudEngine/GoMud/internal/usercommands/admin.teleport.go:128.8,134.68 5 0
github.com/GoMudEngine/GoMud/internal/usercommands/admin.teleport.go:134.68,135.61 1 0
github.com/GoMudEngine/GoMud/internal/usercommands/admin.teleport.go:135.61,136.55 1 0
github.com/GoMudEngine/GoMud/internal/usercommands/admin.teleport.go:136.55,139.11 2 0
github.com/GoMudEngine/GoMud/internal/usercommands/admin.teleport.go:149.4,149.115 1 1
github.com/GoMudEngine/GoMud/internal/usercommands/admin.teleport.go:149.115,151.5 1 1
github.com/GoMudEngine/GoMud/internal/usercommands/admin.teleport.go:154.8,156.3 1 1
github.com/GoMudEngine/GoMud/internal/usercommands/admin.teleport.go:158.2,158.18 1 1
github.com/GoMudEngine/GoMud/internal/usercommands/admin.zap.go:18.103,22.16 2 1
github.com/GoMudEngine/GoMud/internal/usercommands/admin.zap.go:22.16,26.16 2 1
github.com/GoMudEngine/GoMud/internal/usercommands/admin.zap.go:26.16,29.18 2 1
github.com/GoMudEngine/GoMud/internal/usercommands/admin.zap.go:29.18,32.5 2 0
github.com/GoMudEngine/GoMud/internal/usercommands/admin.zap.go:34.4,40.20 5 1
github.com/GoMudEngine/GoMud/internal/usercommands/admin.zap.go:43.3,43.19 1 1
github.com/GoMudEngine/GoMud/internal/usercommands/admin.zap.go:43.19,44.50 1 1
github.com/GoMudEngine/GoMud/internal/usercommands/admin.zap.go:44.50,55.5 7 1
github.com/GoMudEngine/GoMud/internal/usercommands/admin.zap.go:60.2,60.33 1 1
github.com/GoMudEngine/GoMud/internal/usercommands/admin.zap.go:60.33,63.3 2 1
github.com/GoMudEngine/GoMud/internal/usercommands/admin.zap.go:65.2,65.44 1 0
github.com/GoMudEngine/GoMud/internal/usercommands/admin.zap.go:65.44,67.17 2 0
github.com/GoMudEngine/GoMud/internal/usercommands/admin.zap.go:67.17,70.4 2 0
github.com/GoMudEngine/GoMud/internal/usercommands/admin.zap.go:70.9,76.4 4 0
github.com/GoMudEngine/GoMud/internal/usercommands/admin.zap.go:77.8,77.44 1 0
github.com/GoMudEngine/GoMud/internal/usercommands/admin.zap.go:77.44,79.15 2 0
github.com/GoMudEngine/GoMud/internal/usercommands/admin.zap.go:79.15,82.4 2 0
github.com/GoMudEngine/GoMud/internal/usercommands/admin.zap.go:82.9,90.4 5 0
github.com/GoMudEngine/GoMud/internal/usercommands/admin.zap.go:93.2,93.18 1 0
github.com/GoMudEngine/GoMud/internal/usercommands/admin.zone.go:22.104,31.20 3 1
github.com/GoMudEngine/GoMud/internal/usercommands/admin.zone.go:31.20,37.3 3 1
github.com/GoMudEngine/GoMud/internal/usercommands/admin.zone.go:39.2,43.23 3 1
github.com/GoMudEngine/GoMud/internal/usercommands/admin.zone.go:43.23,45.3 1 0
github.com/GoMudEngine/GoMud/internal/usercommands/admin.zone.go:47.2,48.23 2 1
github.com/GoMudEngine/GoMud/internal/usercommands/admin.zone.go:48.23,51.3 2 0
github.com/GoMudEngine/GoMud/internal/usercommands/admin.zone.go:53.2,53.23 1 1
github.com/GoMudEngine/GoMud/internal/usercommands/admin.zone.go:53.23,62.3 5 1
github.com/GoMudEngine/GoMud/internal/usercommands/admin.zone.go:65.2,65.19 1 1
github.com/GoMudEngine/GoMud/internal/usercommands/admin.zone.go:65.19,68.3 2 1
github.com/GoMudEngine/GoMud/internal/usercommands/admin.zone.go:70.2,70.22 1 1
github.com/GoMudEngine/GoMud/internal/usercommands/admin.zone.go:70.22,76.29 3 1
github.com/GoMudEngine/GoMud/internal/usercommands/admin.zone.go:76.29,79.4 2 1
github.com/GoMudEngine/GoMud/internal/usercommands/admin.zone.go:83.2,83.18 1 1
github.com/GoMudEngine/GoMud/internal/usercommands/admin.zone.go:86.109,89.31 2 0
github.com/GoMudEngine/GoMud/internal/usercommands/admin.zone.go:89.31,92.3 2 0
github.com/GoMudEngine/GoMud/internal/usercommands/admin.zone.go:95.2,98.50 3 0
github.com/GoMudEngine/GoMud/internal/usercommands/admin.zone.go:98.50,100.3 1 0
github.com/GoMudEngine/GoMud/internal/usercommands/admin.zone.go:102.2,105.50 3 0
github.com/GoMudEngine/GoMud/internal/usercommands/admin.zone.go:105.50,107.3 1 0
github.com/GoMudEngine/GoMud/internal/usercommands/admin.zone.go:107.8,108.36 1 0
github.com/GoMudEngine/GoMud/internal/usercommands/admin.zone.go:108.36,110.4 1 0
github.com/GoMudEngine/GoMud/internal/usercommands/admin.zone.go:114.2,117.44 3 0
github.com/GoMudEngine/GoMud/internal/usercommands/admin.zone.go:117.44,119.3 1 0
github.com/GoMudEngine/GoMud/internal/usercommands/admin.zone.go:121.2,123.52 2 0
github.com/GoMudEngine/GoMud/internal/usercommands/admin.zone.go:123.52,125.48 2 0
github.com/GoMudEngine/GoMud/internal/usercommands/admin.zone.go:125.48,127.4 1 0
github.com/GoMudEngine/GoMud/internal/usercommands/admin.zone.go:129.3,129.109 1 0
github.com/GoMudEngine/GoMud/internal/usercommands/admin.zone.go:133.2,133.55 1 0
github.com/GoMudEngine/GoMud/internal/usercommands/admin.zone.go:133.55,135.3 1 0
github.com/GoMudEngine/GoMud/internal/usercommands/admin.zone.go:137.2,138.20 2 0
github.com/GoMudEngine/GoMud/internal/usercommands/admin.zone.go:138.20,142.3 3 0
github.com/GoMudEngine/GoMud/internal/usercommands/admin.zone.go:144.2,144.30 1 0
github.com/GoMudEngine/GoMud/internal/usercommands/admin.zone.go:144.30,148.66 2 0
github.com/GoMudEngine/GoMud/internal/usercommands/admin.zone.go:148.66,149.53 1 0
github.com/GoMudEngine/GoMud/internal/usercommands/admin.zone.go:149.53,150.60 1 0
github.com/GoMudEngine/GoMud/internal/usercommands/admin.zone.go:150.60,152.6 1 0
github.com/GoMudEngine/GoMud/internal/usercommands/admin.zone.go:156.3,156.28 1 0
github.com/GoMudEngine/GoMud/internal/usercommands/admin.zone.go:156.28,157.37 1 0
github.com/GoMudEngine/GoMud/internal/usercommands/admin.zone.go:157.37,158.53 1 0
github.com/GoMudEngine/GoMud/internal/usercommands/admin.zone.go:158.53,159.37 1 0
github.com/GoMudEngine/GoMud/internal/usercommands/admin.zone.go:159.37,161.7 1 0
github.com/GoMudEngine/GoMud/internal/usercommands/admin.zone.go:162.6,162.11 1 0
github.com/GoMudEngine/GoMud/internal/usercommands/admin.zone.go:167.3,167.28 1 0
github.com/GoMudEngine/GoMud/internal/usercommands/admin.zone.go:167.28,175.4 5 0
github.com/GoMudEngine/GoMud/internal/usercommands/admin.zone.go:177.3,177.58 1 0
github.com/GoMudEngine/GoMud/internal/usercommands/admin.zone.go:177.58,180.48 2 0
github.com/GoMudEngine/GoMud/internal/usercommands/admin.zone.go:180.48,181.33 1 0
github.com/GoMudEngine/GoMud/internal/usercommands/admin.zone.go:181.33,183.11 2 0
github.com/GoMudEngine/GoMud/internal/usercommands/admin.zone.go:187.9,192.4 2 0
github.com/GoMudEngine/GoMud/internal/usercommands/admin.zone.go:194.3,198.41 3 0
github.com/GoMudEngine/GoMud/internal/usercommands/admin.zone.go:198.41,201.4 2 0
github.com/GoMudEngine/GoMud/internal/usercommands/admin.zone.go:203.3,205.19 3 0
github.com/GoMudEngine/GoMud/internal/usercommands/admin.zone.go:212.2,215.21 2 0
github.com/GoMudEngine/GoMud/internal/usercommands/admin.zone.go:215.21,217.4 1 0
github.com/GoMudEngine/GoMud/internal/usercommands/admin.zone.go:219.3,219.33 1 0
github.com/GoMudEngine/GoMud/internal/usercommands/admin.zone.go:219.33,222.31 2 0
github.com/GoMudEngine/GoMud/internal/usercommands/admin.zone.go:222.31,224.5 1 0
github.com/GoMudEngine/GoMud/internal/usercommands/admin.zone.go:226.4,227.22 2 0
github.com/GoMudEngine/GoMud/internal/usercommands/admin.zone.go:227.22,229.5 1 0
github.com/GoMudEngine/GoMud/internal/usercommands/admin.zone.go:230.4,230.48 1 0
github.com/GoMudEngine/GoMud/internal/usercommands/admin.zone.go:232.9,234.4 1 0
github.com/GoMudEngine/GoMud/internal/usercommands/admin.zone.go:241.2,242.44 2 0
github.com/GoMudEngine/GoMud/internal/usercommands/admin.zone.go:242.44,244.3 1 0
github.com/GoMudEngine/GoMud/internal/usercommands/admin.zone.go:246.2,254.18 6 0
github.com/GoMudEngine/GoMud/internal/usercommands/alias.go:15.105,17.16 1 1
github.com/GoMudEngine/GoMud/internal/usercommands/alias.go:17.16,18.37 1 1
github.com/GoMudEngine/GoMud/internal/usercommands/alias.go:18.37,22.22 4 1
github.com/GoMudEngine/GoMud/internal/usercommands/alias.go:22.22,24.5 1 1
github.com/GoMudEngine/GoMud/internal/usercommands/alias.go:26.4,28.24 2 1
github.com/GoMudEngine/GoMud/internal/usercommands/alias.go:28.24,30.5 1 1
github.com/GoMudEngine/GoMud/internal/usercommands/alias.go:31.4,31.26 1 1
github.com/GoMudEngine/GoMud/internal/usercommands/alias.go:31.26,33.5 1 1
github.com/GoMudEngine/GoMud/internal/usercommands/alias.go:34.4,34.20 1 1
github.com/GoMudEngine/GoMud/internal/usercommands/alias.go:40.2,43.61 3 1
github.com/GoMudEngine/GoMud/internal/usercommands/alias.go:43.61,44.42 1 0
github.com/GoMudEngine/GoMud/internal/usercommands/alias.go:44.42,47.4 2 0
github.com/GoMudEngine/GoMud/internal/usercommands/alias.go:48.3,48.63 1 0
github.com/GoMudEngine/GoMud/internal/usercommands/alias.go:51.2,56.36 4 1
github.com/GoMudEngine/GoMud/internal/usercommands/alias.go:56.36,58.32 2 0
github.com/GoMudEngine/GoMud/internal/usercommands/alias.go:58.32,60.4 1 0
github.com/GoMudEngine/GoMud/internal/usercommands/alias.go:63.2,69.27 5 1
github.com/GoMudEngine/GoMud/internal/usercommands/alias.go:69.27,74.43 3 0
github.com/GoMudEngine/GoMud/internal/usercommands/alias.go:74.43,76.4 1 0
github.com/GoMudEngine/GoMud/internal/usercommands/alias.go:78.3,80.26 3 0
github.com/GoMudEngine/GoMud/internal/usercommands/alias.go:83.2,86.18 3 1
github.com/GoMudEngine/GoMud/internal/usercommands/appraise.go:14.108,17.28 2 1
github.com/GoMudEngine/GoMud/internal/usercommands/appraise.go:17.28,20.3 2 1
github.com/GoMudEngine/GoMud/internal/usercommands/appraise.go:22.2,22.37 1 0
github.com/GoMudEngine/GoMud/internal/usercommands/appraise.go:22.37,25.17 2 0
github.com/GoMudEngine/GoMud/internal/usercommands/appraise.go:25.17,26.12 1 0
github.com/GoMudEngine/GoMud/internal/usercommands/appraise.go:29.3,29.17 1 0
github.com/GoMudEngine/GoMud/internal/usercommands/appraise.go:29.17,34.4 2 0
github.com/GoMudEngine/GoMud/internal/usercommands/appraise.go:36.3,37.13 2 0
github.com/GoMudEngine/GoMud/internal/usercommands/appraise.go:37.13,40.4 2 0
github.com/GoMudEngine/GoMud/internal/usercommands/appraise.go:42.3,43.26 2 0
github.com/GoMudEngine/GoMud/internal/usercommands/appraise.go:43.26,45.4 1 0
github.com/GoMudEngine/GoMud/internal/usercommands/appraise.go:47.3,61.42 4 0
github.com/GoMudEngine/GoMud/internal/usercommands/appraise.go:61.42,66.4 2 0
github.com/GoMudEngine/GoMud/internal/usercommands/appraise.go:68.3,82.8 8 0
github.com/GoMudEngine/GoMud/internal/usercommands/appraise.go:85.2,85.18 1 0
github.com/GoMudEngine/GoMud/internal/usercommands/ask.go:22.135,23.15 1 0
github.com/GoMudEngine/GoMud/internal/usercommands/ask.go:23.15,24.104 1 0
github.com/GoMudEngine/GoMud/internal/usercommands/ask.go:24.104,26.19 2 0
github.com/GoMudEngine/GoMud/internal/usercommands/ask.go:26.19,28.5 1 0
github.com/GoMudEngine/GoMud/internal/usercommands/ask.go:29.4,29.65 1 0
github.com/GoMudEngine/GoMud/internal/usercommands/ask.go:30.9,30.90 1 0
github.com/GoMudEngine/GoMud/internal/usercommands/ask.go:30.90,33.4 2 0
github.com/GoMudEngine/GoMud/internal/usercommands/ask.go:33.9,35.4 1 0
github.com/GoMudEngine/GoMud/internal/usercommands/ask.go:36.8,38.3 1 0
github.com/GoMudEngine/GoMud/internal/usercommands/ask.go:41.103,69.19 4 1
github.com/GoMudEngine/GoMud/internal/usercommands/ask.go:69.19,71.55 1 1
github.com/GoMudEngine/GoMud/internal/usercommands/ask.go:71.55,73.18 2 0
github.com/GoMudEngine/GoMud/internal/usercommands/ask.go:73.18,74.13 1 0
github.com/GoMudEngine/GoMud/internal/usercommands/ask.go:76.4,76.44 1 0
github.com/GoMudEngine/GoMud/internal/usercommands/ask.go:76.44,85.5 3 0
github.com/GoMudEngine/GoMud/internal/usercommands/ask.go:88.3,89.19 2 1
github.com/GoMudEngine/GoMud/internal/usercommands/ask.go:92.2,99.15 4 1
github.com/GoMudEngine/GoMud/internal/usercommands/ask.go:99.15,102.17 2 0
github.com/GoMudEngine/GoMud/internal/usercommands/ask.go:102.17,105.4 2 0
github.com/GoMudEngine/GoMud/internal/usercommands/ask.go:107.3,109.33 2 0
github.com/GoMudEngine/GoMud/internal/usercommands/ask.go:109.33,111.4 1 0
github.com/GoMudEngine/GoMud/internal/usercommands/ask.go:114.3,114.56 1 0
github.com/GoMudEngine/GoMud/internal/usercommands/ask.go:114.56,116.4 1 0
github.com/GoMudEngine/GoMud/internal/usercommands/ask.go:117.3,117.59 1 0
github.com/GoMudEngine/GoMud/internal/usercommands/ask.go:117.59,119.4 1 0
github.com/GoMudEngine/GoMud/internal/usercommands/ask.go:121.3,121.43 1 0
github.com/GoMudEngine/GoMud/internal/usercommands/ask.go:121.43,129.26 4 0
github.com/GoMudEngine/GoMud/internal/usercommands/ask.go:129.26,130.52 1 0
github.com/GoMudEngine/GoMud/internal/usercommands/ask.go:130.52,132.54 1 0
github.com/GoMudEngine/GoMud/internal/usercommands/ask.go:132.54,138.7 3 0
github.com/GoMudEngine/GoMud/internal/usercommands/ask.go:143.4,143.47 1 0
github.com/GoMudEngine/GoMud/internal/usercommands/ask.go:143.47,144.29 1 0
github.com/GoMudEngine/GoMud/internal/usercommands/ask.go:144.29,149.6 2 0
github.com/GoMudEngine/GoMud/internal/usercommands/ask.go:153.3,159.143 4 0
github.com/GoMudEngine/GoMud/internal/usercommands/ask.go:159.143,161.4 1 0
github.com/GoMudEngine/GoMud/internal/usercommands/ask.go:164.3,164.82 1 0
github.com/GoMudEngine/GoMud/internal/usercommands/ask.go:164.82,183.27 8 0
github.com/GoMudEngine/GoMud/internal/usercommands/ask.go:183.27,185.18 2 0
github.com/GoMudEngine/GoMud/internal/usercommands/ask.go:185.18,188.7 2 0
github.com/GoMudEngine/GoMud/internal/usercommands/ask.go:190.12,193.18 2 0
github.com/GoMudEngine/GoMud/internal/usercommands/ask.go:193.18,196.7 2 0
github.com/GoMudEngine/GoMud/internal/usercommands/ask.go:199.4,199.20 1 0
github.com/GoMudEngine/GoMud/internal/usercommands/ask.go:202.3,202.17 1 0
github.com/GoMudEngine/GoMud/internal/usercommands/ask.go:202.17,205.4 2 0
github.com/GoMudEngine/GoMud/internal/usercommands/ask.go:208.3,210.58 2 0
github.com/GoMudEngine/GoMud/internal/usercommands/ask.go:212.8,216.3 1 1
github.com/GoMudEngine/GoMud/internal/usercommands/ask.go:218.2,218.18 1 1
github.com/GoMudEngine/GoMud/internal/usercommands/assist.go:16.106,19.22 2 1
github.com/GoMudEngine/GoMud/internal/usercommands/assist.go:19.22,22.3 2 1
github.com/GoMudEngine/GoMud/internal/usercommands/assist.go:25.2,27.16 2 1
github.com/GoMudEngine/GoMud/internal/usercommands/assist.go:27.16,29.38 1 1
github.com/GoMudEngine/GoMud/internal/usercommands/assist.go:29.38,31.47 1 1
github.com/GoMudEngine/GoMud/internal/usercommands/assist.go:31.47,32.32 1 1
github.com/GoMudEngine/GoMud/internal/usercommands/assist.go:32.32,33.14 1 1
github.com/GoMudEngine/GoMud/internal/usercommands/assist.go:35.5,35.61 1 0
github.com/GoMudEngine/GoMud/internal/usercommands/assist.go:35.61,36.91 1 0
github.com/GoMudEngine/GoMud/internal/usercommands/assist.go:36.91,38.12 2 0
github.com/GoMudEngine/GoMud/internal/usercommands/assist.go:42.9,44.4 1 0
github.com/GoMudEngine/GoMud/internal/usercommands/assist.go:45.8,47.46 1 1
github.com/GoMudEngine/GoMud/internal/usercommands/assist.go:47.46,48.31 1 1
github.com/GoMudEngine/GoMud/internal/usercommands/assist.go:48.31,49.13 1 1
github.com/GoMudEngine/GoMud/internal/usercommands/assist.go:51.4,51.60 1 0
github.com/GoMudEngine/GoMud/internal/usercommands/assist.go:51.60,52.49 1 0
github.com/GoMudEngine/GoMud/internal/usercommands/assist.go:52.49,54.11 2 0
github.com/GoMudEngine/GoMud/internal/usercommands/assist.go:60.2,60.25 1 1
github.com/GoMudEngine/GoMud/internal/usercommands/assist.go:60.25,63.3 2 1
github.com/GoMudEngine/GoMud/internal/usercommands/assist.go:65.2,65.41 1 0
github.com/GoMudEngine/GoMud/internal/usercommands/assist.go:65.41,68.3 2 0
github.com/GoMudEngine/GoMud/internal/usercommands/assist.go:70.2,70.60 1 0
github.com/GoMudEngine/GoMud/internal/usercommands/assist.go:70.60,73.3 2 0
github.com/GoMudEngine/GoMud/internal/usercommands/assist.go:76.2,76.76 1 0
github.com/GoMudEngine/GoMud/internal/usercommands/assist.go:76.76,77.49 1 0
github.com/GoMudEngine/GoMud/internal/usercommands/assist.go:77.49,79.4 1 0
github.com/GoMudEngine/GoMud/internal/usercommands/assist.go:82.2,82.75 1 0
github.com/GoMudEngine/GoMud/internal/usercommands/assist.go:82.75,83.53 1 0
github.com/GoMudEngine/GoMud/internal/usercommands/assist.go:83.53,85.4 1 0
github.com/GoMudEngine/GoMud/internal/usercommands/assist.go:88.2,89.18 2 0
github.com/GoMudEngine/GoMud/internal/usercommands/assist.go:93.54,94.32 1 1
github.com/GoMudEngine/GoMud/internal/usercommands/assist.go:94.32,96.3 1 1
github.com/GoMudEngine/GoMud/internal/usercommands/assist.go:97.2,97.23 1 1
github.com/GoMudEngine/GoMud/internal/usercommands/assist.go:97.23,98.48 1 1
github.com/GoMudEngine/GoMud/internal/usercommands/assist.go:98.48,100.4 1 1
github.com/GoMudEngine/GoMud/internal/usercommands/assist.go:102.2,102.13 1 1
github.com/GoMudEngine/GoMud/internal/usercommands/attack.go:16.106,21.16 3 1
github.com/GoMudEngine/GoMud/internal/usercommands/attack.go:21.16,25.62 2 1
github.com/GoMudEngine/GoMud/internal/usercommands/attack.go:25.62,27.32 2 0
github.com/GoMudEngine/GoMud/internal/usercommands/attack.go:27.32,28.13 1 0
github.com/GoMudEngine/GoMud/internal/usercommands/attack.go:31.4,31.47 1 0
github.com/GoMudEngine/GoMud/internal/usercommands/attack.go:31.47,33.10 2 0
github.com/GoMudEngine/GoMud/internal/usercommands/attack.go:36.4,36.24 1 0
github.com/GoMudEngine/GoMud/internal/usercommands/attack.go:36.24,37.53 1 0
github.com/GoMudEngine/GoMud/internal/usercommands/attack.go:37.53,39.11 2 0
github.com/GoMudEngine/GoMud/internal/usercommands/attack.go:44.3,44.31 1 1
github.com/GoMudEngine/GoMud/internal/usercommands/attack.go:44.31,45.66 1 1
github.com/GoMudEngine/GoMud/internal/usercommands/attack.go:45.66,47.33 2 0
github.com/GoMudEngine/GoMud/internal/usercommands/attack.go:47.33,48.14 1 0
github.com/GoMudEngine/GoMud/internal/usercommands/attack.go:51.5,51.48 1 0
github.com/GoMudEngine/GoMud/internal/usercommands/attack.go:51.48,53.11 2 0
github.com/GoMudEngine/GoMud/internal/usercommands/attack.go:56.5,56.25 1 0
github.com/GoMudEngine/GoMud/internal/usercommands/attack.go:56.25,57.54 1 0
github.com/GoMudEngine/GoMud/internal/usercommands/attack.go:57.54,59.12 2 0
github.com/GoMudEngine/GoMud/internal/usercommands/attack.go:66.3,66.54 1 1
github.com/GoMudEngine/GoMud/internal/usercommands/attack.go:66.54,67.24 1 1
github.com/GoMudEngine/GoMud/internal/usercommands/attack.go:67.24,68.45 1 1
github.com/GoMudEngine/GoMud/internal/usercommands/attack.go:68.45,69.63 1 1
github.com/GoMudEngine/GoMud/internal/usercommands/attack.go:69.63,70.43 1 0
github.com/GoMudEngine/GoMud/internal/usercommands/attack.go:70.43,71.16 1 0
github.com/GoMudEngine/GoMud/internal/usercommands/attack.go:74.7,74.54 1 0
github.com/GoMudEngine/GoMud/internal/usercommands/attack.go:74.54,76.13 2 0
github.com/GoMudEngine/GoMud/internal/usercommands/attack.go:79.7,79.47 1 0
github.com/GoMudEngine/GoMud/internal/usercommands/attack.go:79.47,81.13 2 0
github.com/GoMudEngine/GoMud/internal/usercommands/attack.go:89.8,89.27 1 1
github.com/GoMudEngine/GoMud/internal/usercommands/attack.go:89.27,91.18 1 0
github.com/GoMudEngine/GoMud/internal/usercommands/attack.go:91.18,95.45 3 0
github.com/GoMudEngine/GoMud/internal/usercommands/attack.go:95.45,96.30 1 0
github.com/GoMudEngine/GoMud/internal/usercommands/attack.go:96.30,97.14 1 0
github.com/GoMudEngine/GoMud/internal/usercommands/attack.go:99.5,99.44 1 0
github.com/GoMudEngine/GoMud/internal/usercommands/attack.go:102.4,104.38 2 0
github.com/GoMudEngine/GoMud/internal/usercommands/attack.go:104.38,106.5 1 0
github.com/GoMudEngine/GoMud/internal/usercommands/attack.go:106.10,109.5 2 0
github.com/GoMudEngine/GoMud/internal/usercommands/attack.go:111.9,111.28 1 0
github.com/GoMudEngine/GoMud/internal/usercommands/attack.go:111.28,113.51 1 0
github.com/GoMudEngine/GoMud/internal/usercommands/attack.go:113.51,115.5 1 0
github.com/GoMudEngine/GoMud/internal/usercommands/attack.go:117.9,120.45 2 0
github.com/GoMudEngine/GoMud/internal/usercommands/attack.go:120.45,121.30 1 0
github.com/GoMudEngine/GoMud/internal/usercommands/attack.go:121.30,122.14 1 0
github.com/GoMudEngine/GoMud/internal/usercommands/attack.go:124.5,124.44 1 0
github.com/GoMudEngine/GoMud/internal/usercommands/attack.go:127.4,127.27 1 0
github.com/GoMudEngine/GoMud/internal/usercommands/attack.go:127.27,129.5 1 0
github.com/GoMudEngine/GoMud/internal/usercommands/attack.go:133.8,135.3 1 1
github.com/GoMudEngine/GoMud/internal/usercommands/attack.go:137.2,137.35 1 1
github.com/GoMudEngine/GoMud/internal/usercommands/attack.go:137.35,139.3 1 0
github.com/GoMudEngine/GoMud/internal/usercommands/attack.go:141.2,141.53 1 1
github.com/GoMudEngine/GoMud/internal/usercommands/attack.go:141.53,144.3 2 1
github.com/GoMudEngine/GoMud/internal/usercommands/attack.go:146.2,158.33 2 1
github.com/GoMudEngine/GoMud/internal/usercommands/attack.go:158.33,163.75 4 1
github.com/GoMudEngine/GoMud/internal/usercommands/attack.go:163.75,165.4 1 0
github.com/GoMudEngine/GoMud/internal/usercommands/attack.go:166.3,166.66 1 1
github.com/GoMudEngine/GoMud/internal/usercommands/attack.go:166.66,168.4 1 0
github.com/GoMudEngine/GoMud/internal/usercommands/attack.go:171.3,171.135 1 1
github.com/GoMudEngine/GoMud/internal/usercommands/attack.go:171.135,174.48 2 0
github.com/GoMudEngine/GoMud/internal/usercommands/attack.go:174.48,176.32 1 0
github.com/GoMudEngine/GoMud/internal/usercommands/attack.go:176.32,177.62 1 0
github.com/GoMudEngine/GoMud/internal/usercommands/attack.go:177.62,179.7 1 0
github.com/GoMudEngine/GoMud/internal/usercommands/attack.go:180.11,180.34 1 0
github.com/GoMudEngine/GoMud/internal/usercommands/attack.go:180.34,181.58 1 0
github.com/GoMudEngine/GoMud/internal/usercommands/attack.go:181.58,183.7 1 0
github.com/GoMudEngine/GoMud/internal/usercommands/attack.go:187.4,187.48 1 0
github.com/GoMudEngine/GoMud/internal/usercommands/attack.go:192.2,192.29 1 1
github.com/GoMudEngine/GoMud/internal/usercommands/attack.go:192.29,196.15 2 1
github.com/GoMudEngine/GoMud/internal/usercommands/attack.go:196.15,200.42 3 1
github.com/GoMudEngine/GoMud/internal/usercommands/attack.go:200.42,203.5 2 0
github.com/GoMudEngine/GoMud/internal/usercommands/attack.go:205.4,205.55 1 1
github.com/GoMudEngine/GoMud/internal/usercommands/attack.go:205.55,206.38 1 0
github.com/GoMudEngine/GoMud/internal/usercommands/attack.go:206.38,207.27 1 0
github.com/GoMudEngine/GoMud/internal/usercommands/attack.go:207.27,208.15 1 0
github.com/GoMudEngine/GoMud/internal/usercommands/attack.go:210.6,210.62 1 0
github.com/GoMudEngine/GoMud/internal/usercommands/attack.go:210.62,213.41 1 0
github.com/GoMudEngine/GoMud/internal/usercommands/attack.go:213.41,215.8 1 0
github.com/GoMudEngine/GoMud/internal/usercommands/attack.go:220.4,226.19 3 1
github.com/GoMudEngine/GoMud/internal/usercommands/attack.go:226.19,231.5 1 1
github.com/GoMudEngine/GoMud/internal/usercommands/attack.go:233.4,233.59 1 1
github.com/GoMudEngine/GoMud/internal/usercommands/attack.go:233.59,234.48 1 0
github.com/GoMudEngine/GoMud/internal/usercommands/attack.go:234.48,235.72 1 0
github.com/GoMudEngine/GoMud/internal/usercommands/attack.go:235.72,239.7 1 0
github.com/GoMudEngine/GoMud/internal/usercommands/attack.go:245.8,245.31 1 1
github.com/GoMudEngine/GoMud/internal/usercommands/attack.go:245.31,247.55 1 1
github.com/GoMudEngine/GoMud/internal/usercommands/attack.go:247.55,249.53 1 1
github.com/GoMudEngine/GoMud/internal/usercommands/attack.go:249.53,252.5 2 0
github.com/GoMudEngine/GoMud/internal/usercommands/attack.go:254.4,254.63 1 1
github.com/GoMudEngine/GoMud/internal/usercommands/attack.go:254.63,255.43 1 1
github.com/GoMudEngine/GoMud/internal/usercommands/attack.go:255.43,258.6 2 0
github.com/GoMudEngine/GoMud/internal/usercommands/attack.go:261.4,261.55 1 1
github.com/GoMudEngine/GoMud/internal/usercommands/attack.go:261.55,262.36 1 1
github.com/GoMudEngine/GoMud/internal/usercommands/attack.go:262.36,263.54 1 1
github.com/GoMudEngine/GoMud/internal/usercommands/attack.go:263.54,264.28 1 0
github.com/GoMudEngine/GoMud/internal/usercommands/attack.go:264.28,265.16 1 0
github.com/GoMudEngine/GoMud/internal/usercommands/attack.go:267.7,267.63 1 0
github.com/GoMudEngine/GoMud/internal/usercommands/attack.go:267.63,268.63 1 0
github.com/GoMudEngine/GoMud/internal/usercommands/attack.go:268.63,270.9 1 0
github.com/GoMudEngine/GoMud/internal/usercommands/attack.go:276.4,282.19 3 1
github.com/GoMudEngine/GoMud/internal/usercommands/attack.go:282.19,291.5 2 1
github.com/GoMudEngine/GoMud/internal/usercommands/attack.go:293.4,293.59 1 1
github.com/GoMudEngine/GoMud/internal/usercommands/attack.go:293.59,294.48 1 0
github.com/GoMudEngine/GoMud/internal/usercommands/attack.go:294.48,295.72 1 0
github.com/GoMudEngine/GoMud/internal/usercommands/attack.go:295.72,299.7 1 0
github.com/GoMudEngine/GoMud/internal/usercommands/attack.go:307.2,307.18 1 1
github.com/GoMudEngine/GoMud/internal/usercommands/bank.go:15.104,19.18 2 1
github.com/GoMudEngine/GoMud/internal/usercommands/bank.go:19.18,22.3 2 1
github.com/GoMudEngine/GoMud/internal/usercommands/bank.go:24.2,24.16 1 0
github.com/GoMudEngine/GoMud/internal/usercommands/bank.go:24.16,28.3 3 0
github.com/GoMudEngine/GoMud/internal/usercommands/bank.go:30.2,30.45 1 0
github.com/GoMudEngine/GoMud/internal/usercommands/bank.go:30.45,33.3 2 0
github.com/GoMudEngine/GoMud/internal/usercommands/bank.go:35.2,37.70 2 0
github.com/GoMudEngine/GoMud/internal/usercommands/bank.go:37.70,40.3 2 0
github.com/GoMudEngine/GoMud/internal/usercommands/bank.go:42.2,46.38 4 0
github.com/GoMudEngine/GoMud/internal/usercommands/bank.go:46.38,51.3 2 0
github.com/GoMudEngine/GoMud/internal/usercommands/bank.go:51.8,51.32 1 0
github.com/GoMudEngine/GoMud/internal/usercommands/bank.go:51.32,52.25 1 0
github.com/GoMudEngine/GoMud/internal/usercommands/bank.go:52.25,54.4 1 0
github.com/GoMudEngine/GoMud/internal/usercommands/bank.go:56.3,56.35 1 0
github.com/GoMudEngine/GoMud/internal/usercommands/bank.go:56.35,59.4 2 0
github.com/GoMudEngine/GoMud/internal/usercommands/bank.go:61.3,71.174 5 0
github.com/GoMudEngine/GoMud/internal/usercommands/bank.go:73.8,73.33 1 0
github.com/GoMudEngine/GoMud/internal/usercommands/bank.go:73.33,74.25 1 0
github.com/GoMudEngine/GoMud/internal/usercommands/bank.go:74.25,76.4 1 0
github.com/GoMudEngine/GoMud/internal/usercommands/bank.go:78.3,78.35 1 0
github.com/GoMudEngine/GoMud/internal/usercommands/bank.go:78.35,81.4 2 0
github.com/GoMudEngine/GoMud/internal/usercommands/bank.go:83.3,93.174 5 0
github.com/GoMudEngine/GoMud/internal/usercommands/bank.go:96.2,97.18 2 0
github.com/GoMudEngine/GoMud/internal/usercommands/bash.go:17.104,20.33 1 1
github.com/GoMudEngine/GoMud/internal/usercommands/bash.go:20.33,23.3 2 1
github.com/GoMudEngine/GoMud/internal/usercommands/bash.go:26.2,26.33 1 1
github.com/GoMudEngine/GoMud/internal/usercommands/bash.go:26.33,29.3 2 1
github.com/GoMudEngine/GoMud/internal/usercommands/bash.go:32.2,33.102 2 0
github.com/GoMudEngine/GoMud/internal/usercommands/bash.go:33.102,36.3 2 0
github.com/GoMudEngine/GoMud/internal/usercommands/bash.go:39.2,47.21 7 0
github.com/GoMudEngine/GoMud/internal/usercommands/bash.go:47.21,49.23 2 0
github.com/GoMudEngine/GoMud/internal/usercommands/bash.go:49.23,52.4 2 0
github.com/GoMudEngine/GoMud/internal/usercommands/bash.go:53.3,54.34 2 0
github.com/GoMudEngine/GoMud/internal/usercommands/bash.go:55.8,55.31 1 0
github.com/GoMudEngine/GoMud/internal/usercommands/bash.go:55.31,57.24 2 0
github.com/GoMudEngine/GoMud/internal/usercommands/bash.go:57.24,60.4 2 0
github.com/GoMudEngine/GoMud/internal/usercommands/bash.go:61.3,62.34 2 0
github.com/GoMudEngine/GoMud/internal/usercommands/bash.go:63.8,66.3 2 0
github.com/GoMudEngine/GoMud/internal/usercommands/bash.go:69.2,83.16 2 0
github.com/GoMudEngine/GoMud/internal/usercommands/bash.go:83.16,84.25 1 0
github.com/GoMudEngine/GoMud/internal/usercommands/bash.go:84.25,86.25 2 0
github.com/GoMudEngine/GoMud/internal/usercommands/bash.go:86.25,88.5 1 0
github.com/GoMudEngine/GoMud/internal/usercommands/bash.go:89.4,92.5 1 0
github.com/GoMudEngine/GoMud/internal/usercommands/bash.go:93.9,95.25 2 0
github.com/GoMudEngine/GoMud/internal/usercommands/bash.go:95.25,97.5 1 0
github.com/GoMudEngine/GoMud/internal/usercommands/bash.go:98.4,101.5 1 0
github.com/GoMudEngine/GoMud/internal/usercommands/bash.go:103.8,105.24 2 0
github.com/GoMudEngine/GoMud/internal/usercommands/bash.go:105.24,107.4 1 0
github.com/GoMudEngine/GoMud/internal/usercommands/bash.go:108.3,111.4 1 0
github.com/GoMudEngine/GoMud/internal/usercommands/bash.go:115.2,116.16 2 0
github.com/GoMudEngine/GoMud/internal/usercommands/bash.go:116.16,118.3 1 0
github.com/GoMudEngine/GoMud/internal/usercommands/bash.go:119.2,120.22 2 0
github.com/GoMudEngine/GoMud/internal/usercommands/bash.go:120.22,122.3 1 0
github.com/GoMudEngine/GoMud/internal/usercommands/bash.go:123.2,133.33 3 0
github.com/GoMudEngine/GoMud/internal/usercommands/bash.go:133.33,135.3 1 0
github.com/GoMudEngine/GoMud/internal/usercommands/bash.go:137.2,137.18 1 0
github.com/GoMudEngine/GoMud/internal/usercommands/biome.go:12.105,16.9 2 1
github.com/GoMudEngine/GoMud/internal/usercommands/biome.go:16.9,19.3 2 0
github.com/GoMudEngine/GoMud/internal/usercommands/biome.go:21.2,24.18 3 1
github.com/GoMudEngine/GoMud/internal/usercommands/break.go:11.105,13.33 1 1
github.com/GoMudEngine/GoMud/internal/usercommands/break.go:13.33,20.3 3 1
github.com/GoMudEngine/GoMud/internal/usercommands/break.go:20.8,22.3 1 1
github.com/GoMudEngine/GoMud/internal/usercommands/break.go:24.2,24.18 1 1
github.com/GoMudEngine/GoMud/internal/usercommands/broadcast.go:13.109,15.16 1 1
github.com/GoMudEngine/GoMud/internal/usercommands/broadcast.go:15.16,18.3 2 1
github.com/GoMudEngine/GoMud/internal/usercommands/broadcast.go:20.2,35.18 4 1
github.com/GoMudEngine/GoMud/internal/usercommands/bug.go:18.103,21.16 2 1
github.com/GoMudEngine/GoMud/internal/usercommands/bug.go:21.16,26.3 4 1
github.com/GoMudEngine/GoMud/internal/usercommands/bug.go:28.2,29.55 2 1
github.com/GoMudEngine/GoMud/internal/usercommands/bug.go:29.55,32.3 2 0
github.com/GoMudEngine/GoMud/internal/usercommands/bug.go:34.2,36.16 3 1
github.com/GoMudEngine/GoMud/internal/usercommands/bug.go:36.16,39.3 2 0
github.com/GoMudEngine/GoMud/internal/usercommands/bug.go:40.2,51.48 3 1
github.com/GoMudEngine/GoMud/internal/usercommands/bug.go:51.48,54.3 2 0
github.com/GoMudEngine/GoMud/internal/usercommands/bug.go:56.2,59.18 3 1
github.com/GoMudEngine/GoMud/internal/usercommands/buy.go:20.103,22.16 1 1
github.com/GoMudEngine/GoMud/internal/usercommands/buy.go:22.16,24.3 1 1
github.com/GoMudEngine/GoMud/internal/usercommands/buy.go:26.2,33.20 5 1
github.com/GoMudEngine/GoMud/internal/usercommands/buy.go:33.20,34.34 1 0
github.com/GoMudEngine/GoMud/internal/usercommands/buy.go:34.34,37.35 2 0
github.com/GoMudEngine/GoMud/internal/usercommands/buy.go:37.35,40.5 2 0
github.com/GoMudEngine/GoMud/internal/usercommands/buy.go:43.4,43.53 1 0
github.com/GoMudEngine/GoMud/internal/usercommands/buy.go:43.53,46.5 2 0
github.com/GoMudEngine/GoMud/internal/usercommands/buy.go:48.4,48.53 1 0
github.com/GoMudEngine/GoMud/internal/usercommands/buy.go:52.2,53.15 2 1
github.com/GoMudEngine/GoMud/internal/usercommands/buy.go:53.15,55.3 1 1
github.com/GoMudEngine/GoMud/internal/usercommands/buy.go:57.2,60.57 3 1
github.com/GoMudEngine/GoMud/internal/usercommands/buy.go:60.57,63.3 2 1
github.com/GoMudEngine/GoMud/internal/usercommands/buy.go:65.2,65.38 1 0
github.com/GoMudEngine/GoMud/internal/usercommands/buy.go:65.38,66.46 1 0
github.com/GoMudEngine/GoMud/internal/usercommands/buy.go:66.46,67.12 1 0
github.com/GoMudEngine/GoMud/internal/usercommands/buy.go:70.3,71.22 2 0
github.com/GoMudEngine/GoMud/internal/usercommands/buy.go:71.22,72.12 1 0
github.com/GoMudEngine/GoMud/internal/usercommands/buy.go:75.3,75.74 1 0
github.com/GoMudEngine/GoMud/internal/usercommands/buy.go:75.74,78.4 2 0
github.com/GoMudEngine/GoMud/internal/usercommands/buy.go:81.2,81.36 1 0
github.com/GoMudEngine/GoMud/internal/usercommands/buy.go:81.36,82.61 1 0
github.com/GoMudEngine/GoMud/internal/usercommands/buy.go:82.61,83.12 1 0
github.com/GoMudEngine/GoMud/internal/usercommands/buy.go:86.3,87.21 2 0
github.com/GoMudEngine/GoMud/internal/usercommands/buy.go:87.21,88.12 1 0
github.com/GoMudEngine/GoMud/internal/usercommands/buy.go:91.3,93.73 2 0
github.com/GoMudEngine/GoMud/internal/usercommands/buy.go:93.73,98.4 3 0
github.com/GoMudEngine/GoMud/internal/usercommands/buy.go:101.2,101.18 1 0
github.com/GoMudEngine/GoMud/internal/usercommands/buy.go:106.128,107.20 1 0
github.com/GoMudEngine/GoMud/internal/usercommands/buy.go:107.20,109.3 1 0
github.com/GoMudEngine/GoMud/internal/usercommands/buy.go:109.8,109.28 1 0
github.com/GoMudEngine/GoMud/internal/usercommands/buy.go:109.28,111.3 1 0
github.com/GoMudEngine/GoMud/internal/usercommands/buy.go:122.128,140.20 12 0
github.com/GoMudEngine/GoMud/internal/usercommands/buy.go:140.20,142.3 1 0
github.com/GoMudEngine/GoMud/internal/usercommands/buy.go:142.8,142.28 1 0
github.com/GoMudEngine/GoMud/internal/usercommands/buy.go:142.28,144.3 1 0
github.com/GoMudEngine/GoMud/internal/usercommands/buy.go:146.2,146.37 1 0
github.com/GoMudEngine/GoMud/internal/usercommands/buy.go:146.37,148.26 1 0
github.com/GoMudEngine/GoMud/internal/usercommands/buy.go:148.26,150.24 2 0
github.com/GoMudEngine/GoMud/internal/usercommands/buy.go:150.24,151.13 1 0
github.com/GoMudEngine/GoMud/internal/usercommands/buy.go:153.4,158.18 5 0
github.com/GoMudEngine/GoMud/internal/usercommands/buy.go:158.18,160.5 1 0
github.com/GoMudEngine/GoMud/internal/usercommands/buy.go:160.10,160.24 1 0
github.com/GoMudEngine/GoMud/internal/usercommands/buy.go:160.24,162.5 1 0
github.com/GoMudEngine/GoMud/internal/usercommands/buy.go:163.4,165.12 2 0
github.com/GoMudEngine/GoMud/internal/usercommands/buy.go:168.3,168.25 1 0
github.com/GoMudEngine/GoMud/internal/usercommands/buy.go:168.25,170.22 2 0
github.com/GoMudEngine/GoMud/internal/usercommands/buy.go:170.22,171.13 1 0
github.com/GoMudEngine/GoMud/internal/usercommands/buy.go:173.4,177.18 4 0
github.com/GoMudEngine/GoMud/internal/usercommands/buy.go:177.18,179.5 1 0
github.com/GoMudEngine/GoMud/internal/usercommands/buy.go:179.10,179.24 1 0
github.com/GoMudEngine/GoMud/internal/usercommands/buy.go:179.24,181.5 1 0
github.com/GoMudEngine/GoMud/internal/usercommands/buy.go:182.4,184.12 2 0
github.com/GoMudEngine/GoMud/internal/usercommands/buy.go:187.3,187.26 1 0
github.com/GoMudEngine/GoMud/internal/usercommands/buy.go:187.26,189.23 2 0
github.com/GoMudEngine/GoMud/internal/usercommands/buy.go:189.23,190.13 1 0
github.com/GoMudEngine/GoMud/internal/usercommands/buy.go:192.4,196.18 4 0
github.com/GoMudEngine/GoMud/internal/usercommands/buy.go:196.18,198.5 1 0
github.com/GoMudEngine/GoMud/internal/usercommands/buy.go:198.10,198.24 1 0
github.com/GoMudEngine/GoMud/internal/usercommands/buy.go:198.24,200.5 1 0
github.com/GoMudEngine/GoMud/internal/usercommands/buy.go:201.4,203.12 2 0
github.com/GoMudEngine/GoMud/internal/usercommands/buy.go:206.3,206.29 1 0
github.com/GoMudEngine/GoMud/internal/usercommands/buy.go:206.29,208.25 2 0
github.com/GoMudEngine/GoMud/internal/usercommands/buy.go:208.25,209.13 1 0
github.com/GoMudEngine/GoMud/internal/usercommands/buy.go:211.4,215.18 4 0
github.com/GoMudEngine/GoMud/internal/usercommands/buy.go:215.18,217.5 1 0
github.com/GoMudEngine/GoMud/internal/usercommands/buy.go:217.10,217.24 1 0
github.com/GoMudEngine/GoMud/internal/usercommands/buy.go:217.24,219.5 1 0
github.com/GoMudEngine/GoMud/internal/usercommands/buy.go:221.4,223.12 2 0
github.com/GoMudEngine/GoMud/internal/usercommands/buy.go:228.2,235.17 7 0
github.com/GoMudEngine/GoMud/internal/usercommands/buy.go:235.17,237.3 1 0
github.com/GoMudEngine/GoMud/internal/usercommands/buy.go:239.2,239.17 1 0
github.com/GoMudEngine/GoMud/internal/usercommands/buy.go:239.17,241.21 1 0
github.com/GoMudEngine/GoMud/internal/usercommands/buy.go:241.21,244.26 2 0
github.com/GoMudEngine/GoMud/internal/usercommands/buy.go:244.26,247.5 2 0
github.com/GoMudEngine/GoMud/internal/usercommands/buy.go:247.10,247.33 1 0
github.com/GoMudEngine/GoMud/internal/usercommands/buy.go:247.33,250.5 2 0
github.com/GoMudEngine/GoMud/internal/usercommands/buy.go:250.10,250.33 1 0
github.com/GoMudEngine/GoMud/internal/usercommands/buy.go:250.33,253.5 2 0
github.com/GoMudEngine/GoMud/internal/usercommands/buy.go:253.10,253.32 1 0
github.com/GoMudEngine/GoMud/internal/usercommands/buy.go:253.32,256.5 2 0
github.com/GoMudEngine/GoMud/internal/usercommands/buy.go:258.4,258.74 1 0
github.com/GoMudEngine/GoMud/internal/usercommands/buy.go:261.3,261.15 1 0
github.com/GoMudEngine/GoMud/internal/usercommands/buy.go:264.2,265.9 2 0
github.com/GoMudEngine/GoMud/internal/usercommands/buy.go:265.9,267.3 1 0
github.com/GoMudEngine/GoMud/internal/usercommands/buy.go:269.2,271.32 2 0
github.com/GoMudEngine/GoMud/internal/usercommands/buy.go:271.32,273.3 1 0
github.com/GoMudEngine/GoMud/internal/usercommands/buy.go:275.2,275.31 1 0
github.com/GoMudEngine/GoMud/internal/usercommands/buy.go:275.31,277.3 1 0
github.com/GoMudEngine/GoMud/internal/usercommands/buy.go:279.2,279.32 1 0
github.com/GoMudEngine/GoMud/internal/usercommands/buy.go:279.32,281.3 1 0
github.com/GoMudEngine/GoMud/internal/usercommands/buy.go:283.2,283.35 1 0
github.com/GoMudEngine/GoMud/internal/usercommands/buy.go:283.35,285.3 1 0
github.com/GoMudEngine/GoMud/internal/usercommands/buy.go:287.2,287.14 1 0
github.com/GoMudEngine/GoMud/internal/usercommands/buy.go:293.27,295.34 1 0
github.com/GoMudEngine/GoMud/internal/usercommands/buy.go:295.34,296.21 1 0
github.com/GoMudEngine/GoMud/internal/usercommands/buy.go:296.21,298.4 1 0
github.com/GoMudEngine/GoMud/internal/usercommands/buy.go:298.9,298.29 1 0
github.com/GoMudEngine/GoMud/internal/usercommands/buy.go:298.29,300.4 1 0
github.com/GoMudEngine/GoMud/internal/usercommands/buy.go:301.3,301.34 1 0
github.com/GoMudEngine/GoMud/internal/usercommands/buy.go:304.2,305.32 2 0
github.com/GoMudEngine/GoMud/internal/usercommands/buy.go:305.32,307.3 1 0
github.com/GoMudEngine/GoMud/internal/usercommands/buy.go:307.8,307.38 1 0
github.com/GoMudEngine/GoMud/internal/usercommands/buy.go:307.38,309.3 1 0
github.com/GoMudEngine/GoMud/internal/usercommands/buy.go:309.8,309.39 1 0
github.com/GoMudEngine/GoMud/internal/usercommands/buy.go:309.39,311.3 1 0
github.com/GoMudEngine/GoMud/internal/usercommands/buy.go:311.8,311.42 1 0
github.com/GoMudEngine/GoMud/internal/usercommands/buy.go:311.42,313.3 1 0
github.com/GoMudEngine/GoMud/internal/usercommands/buy.go:315.2,315.33 1 0
github.com/GoMudEngine/GoMud/internal/usercommands/buy.go:315.33,320.3 2 0
github.com/GoMudEngine/GoMud/internal/usercommands/buy.go:322.2,323.37 2 0
github.com/GoMudEngine/GoMud/internal/usercommands/buy.go:323.37,326.71 3 0
github.com/GoMudEngine/GoMud/internal/usercommands/buy.go:326.71,329.4 2 0
github.com/GoMudEngine/GoMud/internal/usercommands/buy.go:332.2,332.31 1 0
github.com/GoMudEngine/GoMud/internal/usercommands/buy.go:332.31,335.54 2 0
github.com/GoMudEngine/GoMud/internal/usercommands/buy.go:335.54,338.4 2 0
github.com/GoMudEngine/GoMud/internal/usercommands/buy.go:342.2,342.20 1 0
github.com/GoMudEngine/GoMud/internal/usercommands/buy.go:342.20,344.55 1 0
github.com/GoMudEngine/GoMud/internal/usercommands/buy.go:344.55,347.4 2 0
github.com/GoMudEngine/GoMud/internal/usercommands/buy.go:349.8,349.28 1 0
github.com/GoMudEngine/GoMud/internal/usercommands/buy.go:349.28,350.56 1 0
github.com/GoMudEngine/GoMud/internal/usercommands/buy.go:350.56,353.4 2 0
github.com/GoMudEngine/GoMud/internal/usercommands/buy.go:356.2,362.20 3 0
github.com/GoMudEngine/GoMud/internal/usercommands/buy.go:362.20,364.3 1 0
github.com/GoMudEngine/GoMud/internal/usercommands/buy.go:364.8,364.28 1 0
github.com/GoMudEngine/GoMud/internal/usercommands/buy.go:364.28,372.3 2 0
github.com/GoMudEngine/GoMud/internal/usercommands/buy.go:374.2,376.15 2 0
github.com/GoMudEngine/GoMud/internal/usercommands/buy.go:376.15,378.3 1 0
github.com/GoMudEngine/GoMud/internal/usercommands/buy.go:380.2,380.25 1 0
github.com/GoMudEngine/GoMud/internal/usercommands/buy.go:380.25,381.72 1 0
github.com/GoMudEngine/GoMud/internal/usercommands/buy.go:381.72,390.27 3 0
github.com/GoMudEngine/GoMud/internal/usercommands/buy.go:390.27,392.5 1 0
github.com/GoMudEngine/GoMud/internal/usercommands/buy.go:392.10,394.5 1 0
github.com/GoMudEngine/GoMud/internal/usercommands/buy.go:398.2,398.25 1 0
github.com/GoMudEngine/GoMud/internal/usercommands/buy.go:398.25,400.3 1 0
github.com/GoMudEngine/GoMud/internal/usercommands/buy.go:402.2,406.9 1 0
github.com/GoMudEngine/GoMud/internal/usercommands/buy.go:409.190,421.20 4 0
github.com/GoMudEngine/GoMud/internal/usercommands/buy.go:421.20,433.3 3 0
github.com/GoMudEngine/GoMud/internal/usercommands/buy.go:433.8,433.28 1 0
github.com/GoMudEngine/GoMud/internal/usercommands/buy.go:433.28,446.3 4 0
github.com/GoMudEngine/GoMud/internal/usercommands/buy.go:448.2,448.98 1 0
github.com/GoMudEngine/GoMud/internal/usercommands/buy.go:448.98,449.16 1 0
github.com/GoMudEngine/GoMud/internal/usercommands/buy.go:449.16,451.4 1 0
github.com/GoMudEngine/GoMud/internal/usercommands/buy.go:454.2,456.13 2 0
github.com/GoMudEngine/GoMud/internal/usercommands/buy.go:459.190,469.20 5 0
github.com/GoMudEngine/GoMud/internal/usercommands/buy.go:469.20,481.3 3 0
github.com/GoMudEngine/GoMud/internal/usercommands/buy.go:481.8,481.28 1 0
github.com/GoMudEngine/GoMud/internal/usercommands/buy.go:481.28,495.3 4 0
github.com/GoMudEngine/GoMud/internal/usercommands/buy.go:497.2,499.13 2 0
github.com/GoMudEngine/GoMud/internal/usercommands/buy.go:502.190,506.20 2 0
github.com/GoMudEngine/GoMud/internal/usercommands/buy.go:506.20,519.3 3 0
github.com/GoMudEngine/GoMud/internal/usercommands/buy.go:519.8,519.28 1 0
github.com/GoMudEngine/GoMud/internal/usercommands/buy.go:519.28,533.3 4 0
github.com/GoMudEngine/GoMud/internal/usercommands/buy.go:536.2,536.20 1 0
github.com/GoMudEngine/GoMud/internal/usercommands/buy.go:536.20,538.3 1 0
github.com/GoMudEngine/GoMud/internal/usercommands/buy.go:538.8,538.28 1 0
github.com/GoMudEngine/GoMud/internal/usercommands/buy.go:538.28,540.3 1 0
github.com/GoMudEngine/GoMud/internal/usercommands/buy.go:542.2,544.20 2 0
github.com/GoMudEngine/GoMud/internal/usercommands/buy.go:544.20,546.3 1 0
github.com/GoMudEngine/GoMud/internal/usercommands/buy.go:548.2,548.13 1 0
github.com/GoMudEngine/GoMud/internal/usercommands/buy.go:551.189,555.20 2 0
github.com/GoMudEngine/GoMud/internal/usercommands/buy.go:555.20,568.3 3 0
github.com/GoMudEngine/GoMud/internal/usercommands/buy.go:568.8,568.28 1 0
github.com/GoMudEngine/GoMud/internal/usercommands/buy.go:568.28,582.3 4 0
github.com/GoMudEngine/GoMud/internal/usercommands/buy.go:585.2,585.20 1 0
github.com/GoMudEngine/GoMud/internal/usercommands/buy.go:585.20,588.3 2 0
github.com/GoMudEngine/GoMud/internal/usercommands/buy.go:590.2,590.33 1 0
github.com/GoMudEngine/GoMud/internal/usercommands/buy.go:590.33,592.40 1 0
github.com/GoMudEngine/GoMud/internal/usercommands/buy.go:592.40,596.50 2 0
github.com/GoMudEngine/GoMud/internal/usercommands/buy.go:596.50,598.5 1 0
github.com/GoMudEngine/GoMud/internal/usercommands/buy.go:601.3,601.129 1 0
github.com/GoMudEngine/GoMud/internal/usercommands/buy.go:604.2,604.25 1 0
github.com/GoMudEngine/GoMud/internal/usercommands/buy.go:604.25,606.3 1 0
github.com/GoMudEngine/GoMud/internal/usercommands/buy.go:608.2,613.13 4 0
github.com/GoMudEngine/GoMud/internal/usercommands/cancel.go:12.106,13.40 1 1
github.com/GoMudEngine/GoMud/internal/usercommands/cancel.go:13.40,16.3 2 1
github.com/GoMudEngine/GoMud/internal/usercommands/cancel.go:18.2,28.18 5 1
github.com/GoMudEngine/GoMud/internal/usercommands/character.go:24.109,26.27 1 1
github.com/GoMudEngine/GoMud/internal/usercommands/character.go:26.27,28.3 1 1
github.com/GoMudEngine/GoMud/internal/usercommands/character.go:30.2,33.56 3 1
github.com/GoMudEngine/GoMud/internal/usercommands/character.go:33.56,36.3 2 0
github.com/GoMudEngine/GoMud/internal/usercommands/character.go:38.2,40.29 2 1
github.com/GoMudEngine/GoMud/internal/usercommands/character.go:40.29,43.3 2 1
github.com/GoMudEngine/GoMud/internal/usercommands/character.go:45.2,45.68 1 0
github.com/GoMudEngine/GoMud/internal/usercommands/character.go:45.68,48.3 2 0
github.com/GoMudEngine/GoMud/internal/usercommands/character.go:51.2,52.61 2 0
github.com/GoMudEngine/GoMud/internal/usercommands/character.go:52.61,54.17 2 0
github.com/GoMudEngine/GoMud/internal/usercommands/character.go:54.17,55.12 1 0
github.com/GoMudEngine/GoMud/internal/usercommands/character.go:57.3,57.52 1 0
github.com/GoMudEngine/GoMud/internal/usercommands/character.go:60.2,64.11 3 0
github.com/GoMudEngine/GoMud/internal/usercommands/character.go:64.11,66.24 1 0
github.com/GoMudEngine/GoMud/internal/usercommands/character.go:66.24,71.4 4 0
github.com/GoMudEngine/GoMud/internal/usercommands/character.go:73.3,73.25 1 0
github.com/GoMudEngine/GoMud/internal/usercommands/character.go:73.25,77.4 3 0
github.com/GoMudEngine/GoMud/internal/usercommands/character.go:81.2,84.20 3 0
github.com/GoMudEngine/GoMud/internal/usercommands/character.go:84.20,86.3 1 0
github.com/GoMudEngine/GoMud/internal/usercommands/character.go:88.2,88.33 1 0
github.com/GoMudEngine/GoMud/internal/usercommands/character.go:88.33,91.3 2 0
github.com/GoMudEngine/GoMud/internal/usercommands/character.go:93.2,93.27 1 0
github.com/GoMudEngine/GoMud/internal/usercommands/character.go:94.13,95.72 1 0
github.com/GoMudEngine/GoMud/internal/usercommands/character.go:96.16,97.81 1 0
github.com/GoMudEngine/GoMud/internal/usercommands/character.go:98.16,99.94 1 0
github.com/GoMudEngine/GoMud/internal/usercommands/character.go:100.14,101.92 1 0
github.com/GoMudEngine/GoMud/internal/usercommands/character.go:102.14,103.85 1 0
github.com/GoMudEngine/GoMud/internal/usercommands/character.go:106.2,106.18 1 0
github.com/GoMudEngine/GoMud/internal/usercommands/character.go:111.134,113.20 2 0
github.com/GoMudEngine/GoMud/internal/usercommands/character.go:113.20,115.3 1 0
github.com/GoMudEngine/GoMud/internal/usercommands/character.go:117.2,118.13 2 0
github.com/GoMudEngine/GoMud/internal/usercommands/character.go:118.13,120.3 1 0
github.com/GoMudEngine/GoMud/internal/usercommands/character.go:122.2,122.35 1 0
github.com/GoMudEngine/GoMud/internal/usercommands/character.go:126.123,127.90 1 1
github.com/GoMudEngine/GoMud/internal/usercommands/character.go:127.90,131.3 3 1
github.com/GoMudEngine/GoMud/internal/usercommands/character.go:132.2,132.14 1 1
github.com/GoMudEngine/GoMud/internal/usercommands/character.go:135.186,137.46 1 0
github.com/GoMudEngine/GoMud/internal/usercommands/character.go:137.46,145.3 4 0
github.com/GoMudEngine/GoMud/internal/usercommands/character.go:147.2,148.20 2 0
github.com/GoMudEngine/GoMud/internal/usercommands/character.go:148.20,150.3 1 0
github.com/GoMudEngine/GoMud/internal/usercommands/character.go:152.2,152.31 1 0
github.com/GoMudEngine/GoMud/internal/usercommands/character.go:152.31,155.3 2 0
github.com/GoMudEngine/GoMud/internal/usercommands/character.go:157.2,158.33 2 0
github.com/GoMudEngine/GoMud/internal/usercommands/character.go:158.33,160.3 1 0
github.com/GoMudEngine/GoMud/internal/usercommands/character.go:161.2,171.18 7 0
github.com/GoMudEngine/GoMud/internal/usercommands/character.go:174.198,176.24 1 0
github.com/GoMudEngine/GoMud/internal/usercommands/character.go:176.24,180.3 3 0
github.com/GoMudEngine/GoMud/internal/usercommands/character.go:182.2,183.11 2 0
github.com/GoMudEngine/GoMud/internal/usercommands/character.go:183.11,185.3 1 0
github.com/GoMudEngine/GoMud/internal/usercommands/character.go:187.2,187.17 1 0
github.com/GoMudEngine/GoMud/internal/usercommands/character.go:187.17,191.50 2 0
github.com/GoMudEngine/GoMud/internal/usercommands/character.go:191.50,193.4 1 0
github.com/GoMudEngine/GoMud/internal/usercommands/character.go:195.3,196.21 2 0
github.com/GoMudEngine/GoMud/internal/usercommands/character.go:196.21,198.4 1 0
github.com/GoMudEngine/GoMud/internal/usercommands/character.go:200.3,200.32 1 0
github.com/GoMudEngine/GoMud/internal/usercommands/character.go:200.32,204.4 3 0
github.com/GoMudEngine/GoMud/internal/usercommands/character.go:206.3,207.34 2 0
github.com/GoMudEngine/GoMud/internal/usercommands/character.go:207.34,208.26 1 0
github.com/GoMudEngine/GoMud/internal/usercommands/character.go:208.26,210.5 1 0
github.com/GoMudEngine/GoMud/internal/usercommands/character.go:212.3,218.19 5 0
github.com/GoMudEngine/GoMud/internal/usercommands/character.go:222.2,225.18 3 0
github.com/GoMudEngine/GoMud/internal/usercommands/character.go:228.240,230.24 1 0
github.com/GoMudEngine/GoMud/internal/usercommands/character.go:230.24,234.3 3 0
github.com/GoMudEngine/GoMud/internal/usercommands/character.go:236.2,237.11 2 0
github.com/GoMudEngine/GoMud/internal/usercommands/character.go:237.11,239.3 1 0
github.com/GoMudEngine/GoMud/internal/usercommands/character.go:241.2,241.17 1 0
github.com/GoMudEngine/GoMud/internal/usercommands/character.go:241.17,245.47 2 0
github.com/GoMudEngine/GoMud/internal/usercommands/character.go:245.47,247.4 1 0
github.com/GoMudEngine/GoMud/internal/usercommands/character.go:249.3,250.21 2 0
github.com/GoMudEngine/GoMud/internal/usercommands/character.go:250.21,252.4 1 0
github.com/GoMudEngine/GoMud/internal/usercommands/character.go:254.3,254.32 1 0
github.com/GoMudEngine/GoMud/internal/usercommands/character.go:254.32,258.4 3 0
github.com/GoMudEngine/GoMud/internal/usercommands/character.go:260.3,263.14 3 0
github.com/GoMudEngine/GoMud/internal/usercommands/character.go:263.14,267.4 3 0
github.com/GoMudEngine/GoMud/internal/usercommands/character.go:269.3,270.21 2 0
github.com/GoMudEngine/GoMud/internal/usercommands/character.go:270.21,273.4 2 0
github.com/GoMudEngine/GoMud/internal/usercommands/character.go:276.3,288.19 8 0
github.com/GoMudEngine/GoMud/internal/usercommands/character.go:292.2,295.18 3 0
github.com/GoMudEngine/GoMud/internal/usercommands/character.go:298.238,300.24 1 0
github.com/GoMudEngine/GoMud/internal/usercommands/character.go:300.24,304.3 3 0
github.com/GoMudEngine/GoMud/internal/usercommands/character.go:306.2,307.11 2 0
github.com/GoMudEngine/GoMud/internal/usercommands/character.go:307.11,309.3 1 0
github.com/GoMudEngine/GoMud/internal/usercommands/character.go:311.2,311.17 1 0
github.com/GoMudEngine/GoMud/internal/usercommands/character.go:311.17,315.47 2 0
github.com/GoMudEngine/GoMud/internal/usercommands/character.go:315.47,317.4 1 0
github.com/GoMudEngine/GoMud/internal/usercommands/character.go:319.3,334.19 11 0
github.com/GoMudEngine/GoMud/internal/usercommands/character.go:338.2,341.18 3 0
github.com/GoMudEngine/GoMud/internal/usercommands/character.go:344.214,347.11 2 0
github.com/GoMudEngine/GoMud/internal/usercommands/character.go:347.11,349.3 1 0
github.com/GoMudEngine/GoMud/internal/usercommands/character.go:351.2,351.17 1 0
github.com/GoMudEngine/GoMud/internal/usercommands/character.go:351.17,356.91 2 0
github.com/GoMudEngine/GoMud/internal/usercommands/character.go:356.91,360.4 3 0
github.com/GoMudEngine/GoMud/internal/usercommands/character.go:362.3,371.21 6 0
github.com/GoMudEngine/GoMud/internal/usercommands/character.go:371.21,373.4 1 0
github.com/GoMudEngine/GoMud/internal/usercommands/character.go:375.3,375.33 1 0
github.com/GoMudEngine/GoMud/internal/usercommands/character.go:375.33,378.4 2 0
github.com/GoMudEngine/GoMud/internal/usercommands/character.go:380.3,380.38 1 0
github.com/GoMudEngine/GoMud/internal/usercommands/character.go:380.38,384.4 3 0
github.com/GoMudEngine/GoMud/internal/usercommands/character.go:387.3,388.39 2 0
github.com/GoMudEngine/GoMud/internal/usercommands/character.go:388.39,392.4 3 0
github.com/GoMudEngine/GoMud/internal/usercommands/character.go:394.3,420.19 17 0
github.com/GoMudEngine/GoMud/internal/usercommands/character.go:424.2,427.18 3 0
github.com/GoMudEngine/GoMud/internal/usercommands/character.go:430.133,435.33 3 0
github.com/GoMudEngine/GoMud/internal/usercommands/character.go:435.33,439.76 3 0
github.com/GoMudEngine/GoMud/internal/usercommands/character.go:439.76,441.4 1 0
github.com/GoMudEngine/GoMud/internal/usercommands/character.go:443.3,444.43 2 0
github.com/GoMudEngine/GoMud/internal/usercommands/character.go:444.43,445.41 1 0
github.com/GoMudEngine/GoMud/internal/usercommands/character.go:445.41,447.5 1 0
github.com/GoMudEngine/GoMud/internal/usercommands/character.go:450.3,455.5 1 0
github.com/GoMudEngine/GoMud/internal/usercommands/character.go:459.2,459.39 1 0
github.com/GoMudEngine/GoMud/internal/usercommands/character.go:459.39,461.3 1 0
github.com/GoMudEngine/GoMud/internal/usercommands/character.go:463.2,466.15 3 0
github.com/GoMudEngine/GoMud/internal/usercommands/conditions.go:11.110,23.33 4 1
github.com/GoMudEngine/GoMud/internal/usercommands/conditions.go:23.33,38.3 5 1
github.com/GoMudEngine/GoMud/internal/usercommands/conditions.go:41.2,41.49 1 1
github.com/GoMudEngine/GoMud/internal/usercommands/conditions.go:41.49,48.3 1 0
github.com/GoMudEngine/GoMud/internal/usercommands/conditions.go:50.2,53.18 3 1
github.com/GoMudEngine/GoMud/internal/usercommands/consider.go:14.108,19.19 2 1
github.com/GoMudEngine/GoMud/internal/usercommands/consider.go:19.19,27.30 3 1
github.com/GoMudEngine/GoMud/internal/usercommands/consider.go:27.30,29.4 1 1
github.com/GoMudEngine/GoMud/internal/usercommands/consider.go:31.3,31.32 1 1
github.com/GoMudEngine/GoMud/internal/usercommands/consider.go:31.32,41.20 5 1
github.com/GoMudEngine/GoMud/internal/usercommands/consider.go:41.20,51.5 6 1
github.com/GoMudEngine/GoMud/internal/usercommands/consider.go:51.10,51.24 1 1
github.com/GoMudEngine/GoMud/internal/usercommands/consider.go:51.24,61.5 6 1
github.com/GoMudEngine/GoMud/internal/usercommands/consider.go:63.4,64.17 2 1
github.com/GoMudEngine/GoMud/internal/usercommands/consider.go:64.17,66.5 1 0
github.com/GoMudEngine/GoMud/internal/usercommands/consider.go:66.10,66.24 1 1
github.com/GoMudEngine/GoMud/internal/usercommands/consider.go:66.24,68.5 1 0
github.com/GoMudEngine/GoMud/internal/usercommands/consider.go:68.10,68.24 1 1
github.com/GoMudEngine/GoMud/internal/usercommands/consider.go:68.24,70.5 1 0
github.com/GoMudEngine/GoMud/internal/usercommands/consider.go:70.10,70.24 1 1
github.com/GoMudEngine/GoMud/internal/usercommands/consider.go:70.24,72.5 1 1
github.com/GoMudEngine/GoMud/internal/usercommands/consider.go:72.10,72.26 1 1
github.com/GoMudEngine/GoMud/internal/usercommands/consider.go:72.26,74.5 1 1
github.com/GoMudEngine/GoMud/internal/usercommands/consider.go:74.10,74.24 1 0
github.com/GoMudEngine/GoMud/internal/usercommands/consider.go:74.24,76.5 1 0
github.com/GoMudEngine/GoMud/internal/usercommands/consider.go:76.10,78.5 1 0
github.com/GoMudEngine/GoMud/internal/usercommands/consider.go:80.4,85.5 2 1
github.com/GoMudEngine/GoMud/internal/usercommands/consider.go:89.2,89.18 1 1
github.com/GoMudEngine/GoMud/internal/usercommands/cooldowns.go:10.109,16.2 3 1
github.com/GoMudEngine/GoMud/internal/usercommands/craft.go:18.105,23.51 2 1
github.com/GoMudEngine/GoMud/internal/usercommands/craft.go:23.51,25.3 1 1
github.com/GoMudEngine/GoMud/internal/usercommands/craft.go:28.2,29.19 2 1
github.com/GoMudEngine/GoMud/internal/usercommands/craft.go:29.19,32.3 2 1
github.com/GoMudEngine/GoMud/internal/usercommands/craft.go:35.2,35.48 1 0
github.com/GoMudEngine/GoMud/internal/usercommands/craft.go:35.48,38.3 2 0
github.com/GoMudEngine/GoMud/internal/usercommands/craft.go:41.2,41.33 1 0
github.com/GoMudEngine/GoMud/internal/usercommands/craft.go:41.33,44.3 2 0
github.com/GoMudEngine/GoMud/internal/usercommands/craft.go:47.2,48.38 2 0
github.com/GoMudEngine/GoMud/internal/usercommands/craft.go:48.38,53.3 2 0
github.com/GoMudEngine/GoMud/internal/usercommands/craft.go:56.2,56.60 1 0
github.com/GoMudEngine/GoMud/internal/usercommands/craft.go:56.60,61.3 2 0
github.com/GoMudEngine/GoMud/internal/usercommands/craft.go:64.2,65.9 2 0
github.com/GoMudEngine/GoMud/internal/usercommands/craft.go:65.9,68.3 2 0
github.com/GoMudEngine/GoMud/internal/usercommands/craft.go:71.2,71.41 1 0
github.com/GoMudEngine/GoMud/internal/usercommands/craft.go:71.41,73.13 2 0
github.com/GoMudEngine/GoMud/internal/usercommands/craft.go:73.13,78.4 2 0
github.com/GoMudEngine/GoMud/internal/usercommands/craft.go:82.2,82.28 1 0
github.com/GoMudEngine/GoMud/internal/usercommands/craft.go:82.28,85.3 2 0
github.com/GoMudEngine/GoMud/internal/usercommands/craft.go:88.2,96.18 3 0
github.com/GoMudEngine/GoMud/internal/usercommands/craft.go:100.63,102.19 2 1
github.com/GoMudEngine/GoMud/internal/usercommands/craft.go:102.19,105.3 2 1
github.com/GoMudEngine/GoMud/internal/usercommands/craft.go:108.2,109.25 2 0
github.com/GoMudEngine/GoMud/internal/usercommands/craft.go:109.25,110.35 1 0
github.com/GoMudEngine/GoMud/internal/usercommands/craft.go:110.35,112.4 1 0
github.com/GoMudEngine/GoMud/internal/usercommands/craft.go:115.2,115.21 1 0
github.com/GoMudEngine/GoMud/internal/usercommands/craft.go:115.21,118.3 2 0
github.com/GoMudEngine/GoMud/internal/usercommands/craft.go:121.2,122.26 2 0
github.com/GoMudEngine/GoMud/internal/usercommands/craft.go:122.26,124.3 1 0
github.com/GoMudEngine/GoMud/internal/usercommands/craft.go:125.2,126.27 2 0
github.com/GoMudEngine/GoMud/internal/usercommands/craft.go:126.27,128.3 1 0
github.com/GoMudEngine/GoMud/internal/usercommands/craft.go:129.2,134.39 4 0
github.com/GoMudEngine/GoMud/internal/usercommands/craft.go:134.39,142.29 5 0
github.com/GoMudEngine/GoMud/internal/usercommands/craft.go:142.29,143.45 1 0
github.com/GoMudEngine/GoMud/internal/usercommands/craft.go:143.45,144.13 1 0
github.com/GoMudEngine/GoMud/internal/usercommands/craft.go:146.4,149.23 4 0
github.com/GoMudEngine/GoMud/internal/usercommands/craft.go:149.23,151.5 1 0
github.com/GoMudEngine/GoMud/internal/usercommands/craft.go:152.4,152.20 1 0
github.com/GoMudEngine/GoMud/internal/usercommands/craft.go:152.20,156.5 1 0
github.com/GoMudEngine/GoMud/internal/usercommands/craft.go:156.10,160.5 1 0
github.com/GoMudEngine/GoMud/internal/usercommands/craft.go:164.2,165.13 2 0
github.com/GoMudEngine/GoMud/internal/usercommands/craft.go:170.118,171.33 1 0
github.com/GoMudEngine/GoMud/internal/usercommands/craft.go:171.33,173.3 1 0
github.com/GoMudEngine/GoMud/internal/usercommands/craft.go:174.2,174.50 1 0
github.com/GoMudEngine/GoMud/internal/usercommands/craft.go:174.50,176.3 1 0
github.com/GoMudEngine/GoMud/internal/usercommands/craft.go:177.2,178.9 2 0
github.com/GoMudEngine/GoMud/internal/usercommands/craft.go:178.9,180.3 1 0
github.com/GoMudEngine/GoMud/internal/usercommands/craft.go:181.2,181.16 1 0
github.com/GoMudEngine/GoMud/internal/usercommands/craft.go:185.55,187.36 2 0
github.com/GoMudEngine/GoMud/internal/usercommands/craft.go:187.36,189.3 1 0
github.com/GoMudEngine/GoMud/internal/usercommands/craft.go:190.2,190.34 1 0
github.com/GoMudEngine/GoMud/internal/usercommands/craft.go:194.73,199.2 4 0
github.com/GoMudEngine/GoMud/internal/usercommands/craft.go:202.33,204.26 2 1
github.com/GoMudEngine/GoMud/internal/usercommands/craft.go:204.26,205.17 1 1
github.com/GoMudEngine/GoMud/internal/usercommands/craft.go:205.17,207.4 1 1
github.com/GoMudEngine/GoMud/internal/usercommands/craft.go:209.2,209.33 1 1
github.com/GoMudEngine/GoMud/internal/usercommands/default.go:11.107,14.95 1 1
github.com/GoMudEngine/GoMud/internal/usercommands/default.go:14.95,17.3 2 0
github.com/GoMudEngine/GoMud/internal/usercommands/default.go:20.2,20.33 1 1
github.com/GoMudEngine/GoMud/internal/usercommands/default.go:20.33,23.3 2 0
github.com/GoMudEngine/GoMud/internal/usercommands/default.go:26.2,26.17 1 1
github.com/GoMudEngine/GoMud/internal/usercommands/default.go:26.17,29.3 2 0
github.com/GoMudEngine/GoMud/internal/usercommands/default.go:32.2,32.20 1 1
github.com/GoMudEngine/GoMud/internal/usercommands/default.go:32.20,35.3 2 0
github.com/GoMudEngine/GoMud/internal/usercommands/default.go:38.2,40.18 2 1
github.com/GoMudEngine/GoMud/internal/usercommands/drink.go:13.105,18.12 2 1
github.com/GoMudEngine/GoMud/internal/usercommands/drink.go:18.12,20.3 1 1
github.com/GoMudEngine/GoMud/internal/usercommands/drink.go:20.8,24.42 2 1
github.com/GoMudEngine/GoMud/internal/usercommands/drink.go:24.42,29.4 2 1
github.com/GoMudEngine/GoMud/internal/usercommands/drink.go:31.3,38.43 5 0
github.com/GoMudEngine/GoMud/internal/usercommands/drink.go:38.43,41.4 1 0
github.com/GoMudEngine/GoMud/internal/usercommands/drink.go:44.2,44.18 1 1
github.com/GoMudEngine/GoMud/internal/usercommands/drop.go:16.104,20.20 2 1
github.com/GoMudEngine/GoMud/internal/usercommands/drop.go:20.20,24.3 2 1
github.com/GoMudEngine/GoMud/internal/usercommands/drop.go:26.2,26.22 1 1
github.com/GoMudEngine/GoMud/internal/usercommands/drop.go:26.22,30.30 2 1
github.com/GoMudEngine/GoMud/internal/usercommands/drop.go:30.30,32.4 1 1
github.com/GoMudEngine/GoMud/internal/usercommands/drop.go:34.3,36.32 2 1
github.com/GoMudEngine/GoMud/internal/usercommands/drop.go:36.32,38.4 1 1
github.com/GoMudEngine/GoMud/internal/usercommands/drop.go:40.3,40.19 1 1
github.com/GoMudEngine/GoMud/internal/usercommands/drop.go:44.2,44.41 1 1
github.com/GoMudEngine/GoMud/internal/usercommands/drop.go:44.41,47.18 3 1
github.com/GoMudEngine/GoMud/internal/usercommands/drop.go:47.18,50.4 2 0
github.com/GoMudEngine/GoMud/internal/usercommands/drop.go:52.3,52.36 1 1
github.com/GoMudEngine/GoMud/internal/usercommands/drop.go:52.36,54.4 1 0
github.com/GoMudEngine/GoMud/internal/usercommands/drop.go:56.3,74.19 7 1
github.com/GoMudEngine/GoMud/internal/usercommands/drop.go:78.2,80.12 2 1
github.com/GoMudEngine/GoMud/internal/usercommands/drop.go:80.12,82.3 1 1
github.com/GoMudEngine/GoMud/internal/usercommands/drop.go:82.8,106.34 7 1
github.com/GoMudEngine/GoMud/internal/usercommands/drop.go:106.34,110.4 1 0
github.com/GoMudEngine/GoMud/internal/usercommands/drop.go:112.3,112.33 1 1
github.com/GoMudEngine/GoMud/internal/usercommands/drop.go:116.2,116.18 1 1
github.com/GoMudEngine/GoMud/internal/usercommands/eat.go:13.103,18.12 2 1
github.com/GoMudEngine/GoMud/internal/usercommands/eat.go:18.12,20.3 1 1
github.com/GoMudEngine/GoMud/internal/usercommands/eat.go:20.8,24.39 2 1
github.com/GoMudEngine/GoMud/internal/usercommands/eat.go:24.39,29.4 2 1
github.com/GoMudEngine/GoMud/internal/usercommands/eat.go:31.3,37.66 4 0
github.com/GoMudEngine/GoMud/internal/usercommands/eat.go:37.66,45.4 1 0
github.com/GoMudEngine/GoMud/internal/usercommands/eat.go:47.3,47.43 1 0
github.com/GoMudEngine/GoMud/internal/usercommands/eat.go:47.43,49.4 1 0
github.com/GoMudEngine/GoMud/internal/usercommands/eat.go:53.2,53.18 1 1
github.com/GoMudEngine/GoMud/internal/usercommands/emote.go:96.105,98.20 1 1
github.com/GoMudEngine/GoMud/internal/usercommands/emote.go:98.20,105.3 3 1
github.com/GoMudEngine/GoMud/internal/usercommands/emote.go:109.2,109.45 1 1
github.com/GoMudEngine/GoMud/internal/usercommands/emote.go:109.45,116.3 3 1
github.com/GoMudEngine/GoMud/internal/usercommands/emote.go:118.2,118.16 1 1
github.com/GoMudEngine/GoMud/internal/usercommands/emote.go:118.16,121.3 2 1
github.com/GoMudEngine/GoMud/internal/usercommands/emote.go:123.2,123.37 1 1
github.com/GoMudEngine/GoMud/internal/usercommands/emote.go:123.37,125.3 1 1
github.com/GoMudEngine/GoMud/internal/usercommands/emote.go:125.8,127.3 1 1
github.com/GoMudEngine/GoMud/internal/usercommands/emote.go:129.2,134.18 2 1
github.com/GoMudEngine/GoMud/internal/usercommands/equip.go:15.105,17.19 1 1
github.com/GoMudEngine/GoMud/internal/usercommands/equip.go:17.19,19.3 1 0
github.com/GoMudEngine/GoMud/internal/usercommands/equip.go:21.2,21.16 1 1
github.com/GoMudEngine/GoMud/internal/usercommands/equip.go:21.16,24.3 2 1
github.com/GoMudEngine/GoMud/internal/usercommands/equip.go:27.2,29.43 3 1
github.com/GoMudEngine/GoMud/internal/usercommands/equip.go:29.43,32.3 2 0
github.com/GoMudEngine/GoMud/internal/usercommands/equip.go:32.8,32.50 1 1
github.com/GoMudEngine/GoMud/internal/usercommands/equip.go:32.50,35.3 2 0
github.com/GoMudEngine/GoMud/internal/usercommands/equip.go:38.2,40.12 2 1
github.com/GoMudEngine/GoMud/internal/usercommands/equip.go:40.12,42.3 1 1
github.com/GoMudEngine/GoMud/internal/usercommands/equip.go:42.8,45.68 2 1
github.com/GoMudEngine/GoMud/internal/usercommands/equip.go:45.68,50.4 2 0
github.com/GoMudEngine/GoMud/internal/usercommands/equip.go:53.3,53.24 1 1
github.com/GoMudEngine/GoMud/internal/usercommands/equip.go:53.24,54.34 1 0
github.com/GoMudEngine/GoMud/internal/usercommands/equip.go:54.34,57.5 2 0
github.com/GoMudEngine/GoMud/internal/usercommands/equip.go:58.4,58.48 1 0
github.com/GoMudEngine/GoMud/internal/usercommands/equip.go:58.48,61.5 2 0
github.com/GoMudEngine/GoMud/internal/usercommands/equip.go:62.4,63.20 2 0
github.com/GoMudEngine/GoMud/internal/usercommands/equip.go:63.20,66.5 2 0
github.com/GoMudEngine/GoMud/internal/usercommands/equip.go:68.4,69.26 2 0
github.com/GoMudEngine/GoMud/internal/usercommands/equip.go:69.26,72.5 2 0
github.com/GoMudEngine/GoMud/internal/usercommands/equip.go:72.10,75.5 2 0
github.com/GoMudEngine/GoMud/internal/usercommands/equip.go:77.4,80.26 3 0
github.com/GoMudEngine/GoMud/internal/usercommands/equip.go:80.26,83.5 2 0
github.com/GoMudEngine/GoMud/internal/usercommands/equip.go:85.4,97.20 5 0
github.com/GoMudEngine/GoMud/internal/usercommands/equip.go:101.3,103.18 2 1
github.com/GoMudEngine/GoMud/internal/usercommands/equip.go:103.18,109.37 3 1
github.com/GoMudEngine/GoMud/internal/usercommands/equip.go:109.37,110.28 1 1
github.com/GoMudEngine/GoMud/internal/usercommands/equip.go:110.28,120.6 3 1
github.com/GoMudEngine/GoMud/internal/usercommands/equip.go:123.4,123.39 1 1
github.com/GoMudEngine/GoMud/internal/usercommands/equip.go:123.39,131.5 2 1
github.com/GoMudEngine/GoMud/internal/usercommands/equip.go:131.10,139.5 2 1
github.com/GoMudEngine/GoMud/internal/usercommands/equip.go:142.4,142.48 1 1
github.com/GoMudEngine/GoMud/internal/usercommands/equip.go:142.48,143.52 1 0
github.com/GoMudEngine/GoMud/internal/usercommands/equip.go:143.52,144.29 1 0
github.com/GoMudEngine/GoMud/internal/usercommands/equip.go:144.29,145.101 1 0
github.com/GoMudEngine/GoMud/internal/usercommands/equip.go:145.101,147.8 1 0
github.com/GoMudEngine/GoMud/internal/usercommands/equip.go:153.4,159.6 2 1
github.com/GoMudEngine/GoMud/internal/usercommands/equip.go:161.9,162.31 1 0
github.com/GoMudEngine/GoMud/internal/usercommands/equip.go:162.31,164.5 1 0
github.com/GoMudEngine/GoMud/internal/usercommands/equip.go:165.4,167.5 1 0
github.com/GoMudEngine/GoMud/internal/usercommands/equip.go:172.2,172.18 1 1
github.com/GoMudEngine/GoMud/internal/usercommands/exits.go:10.105,18.2 4 1
github.com/GoMudEngine/GoMud/internal/usercommands/experience.go:18.110,22.42 2 1
github.com/GoMudEngine/GoMud/internal/usercommands/experience.go:22.42,32.32 4 1
github.com/GoMudEngine/GoMud/internal/usercommands/experience.go:32.32,37.4 4 1
github.com/GoMudEngine/GoMud/internal/usercommands/experience.go:39.3,47.29 4 1
github.com/GoMudEngine/GoMud/internal/usercommands/experience.go:47.29,50.4 2 1
github.com/GoMudEngine/GoMud/internal/usercommands/experience.go:52.3,56.19 4 1
github.com/GoMudEngine/GoMud/internal/usercommands/experience.go:59.2,59.41 1 1
github.com/GoMudEngine/GoMud/internal/usercommands/experience.go:59.41,70.31 5 1
github.com/GoMudEngine/GoMud/internal/usercommands/experience.go:70.31,73.4 2 1
github.com/GoMudEngine/GoMud/internal/usercommands/experience.go:75.3,79.19 4 1
github.com/GoMudEngine/GoMud/internal/usercommands/experience.go:83.2,88.29 4 1
github.com/GoMudEngine/GoMud/internal/usercommands/experience.go:88.29,90.3 1 0
github.com/GoMudEngine/GoMud/internal/usercommands/experience.go:91.2,97.34 5 1
github.com/GoMudEngine/GoMud/internal/usercommands/experience.go:97.34,101.17 4 0
github.com/GoMudEngine/GoMud/internal/usercommands/experience.go:101.17,103.4 1 0
github.com/GoMudEngine/GoMud/internal/usercommands/experience.go:103.9,103.23 1 0
github.com/GoMudEngine/GoMud/internal/usercommands/experience.go:103.23,105.4 1 0
github.com/GoMudEngine/GoMud/internal/usercommands/experience.go:106.3,106.117 1 0
github.com/GoMudEngine/GoMud/internal/usercommands/experience.go:109.2,114.18 5 1
github.com/GoMudEngine/GoMud/internal/usercommands/flee.go:10.104,12.81 1 1
github.com/GoMudEngine/GoMud/internal/usercommands/flee.go:12.81,15.53 2 1
github.com/GoMudEngine/GoMud/internal/usercommands/flee.go:15.53,18.4 2 0
github.com/GoMudEngine/GoMud/internal/usercommands/flee.go:20.3,23.46 3 1
github.com/GoMudEngine/GoMud/internal/usercommands/flee.go:26.2,26.18 1 1
github.com/GoMudEngine/GoMud/internal/usercommands/gearup.go:12.106,19.35 4 1
github.com/GoMudEngine/GoMud/internal/usercommands/gearup.go:19.35,21.3 1 0
github.com/GoMudEngine/GoMud/internal/usercommands/gearup.go:23.2,26.39 3 1
github.com/GoMudEngine/GoMud/internal/usercommands/gearup.go:26.39,29.72 2 1
github.com/GoMudEngine/GoMud/internal/usercommands/gearup.go:29.72,30.12 1 0
github.com/GoMudEngine/GoMud/internal/usercommands/gearup.go:33.3,33.35 1 1
github.com/GoMudEngine/GoMud/internal/usercommands/gearup.go:33.35,35.46 1 1
github.com/GoMudEngine/GoMud/internal/usercommands/gearup.go:35.46,36.46 1 0
github.com/GoMudEngine/GoMud/internal/usercommands/gearup.go:36.46,37.14 1 0
github.com/GoMudEngine/GoMud/internal/usercommands/gearup.go:42.3,42.36 1 1
github.com/GoMudEngine/GoMud/internal/usercommands/gearup.go:42.36,44.56 1 0
github.com/GoMudEngine/GoMud/internal/usercommands/gearup.go:44.56,45.57 1 0
github.com/GoMudEngine/GoMud/internal/usercommands/gearup.go:45.57,46.14 1 0
github.com/GoMudEngine/GoMud/internal/usercommands/gearup.go:53.3,56.43 2 1
github.com/GoMudEngine/GoMud/internal/usercommands/gearup.go:56.43,57.12 1 0
github.com/GoMudEngine/GoMud/internal/usercommands/gearup.go:61.3,61.56 1 1
github.com/GoMudEngine/GoMud/internal/usercommands/gearup.go:61.56,62.51 1 0
github.com/GoMudEngine/GoMud/internal/usercommands/gearup.go:62.51,64.5 1 0
github.com/GoMudEngine/GoMud/internal/usercommands/gearup.go:65.4,65.12 1 0
github.com/GoMudEngine/GoMud/internal/usercommands/gearup.go:69.3,69.35 1 1
github.com/GoMudEngine/GoMud/internal/usercommands/gearup.go:72.2,72.28 1 1
github.com/GoMudEngine/GoMud/internal/usercommands/gearup.go:72.28,73.25 1 1
github.com/GoMudEngine/GoMud/internal/usercommands/gearup.go:73.25,75.4 1 1
github.com/GoMudEngine/GoMud/internal/usercommands/gearup.go:75.9,77.4 1 0
github.com/GoMudEngine/GoMud/internal/usercommands/gearup.go:78.3,78.19 1 1
github.com/GoMudEngine/GoMud/internal/usercommands/gearup.go:81.2,81.35 1 1
github.com/GoMudEngine/GoMud/internal/usercommands/gearup.go:81.35,83.3 1 1
github.com/GoMudEngine/GoMud/internal/usercommands/gearup.go:85.2,85.18 1 1
github.com/GoMudEngine/GoMud/internal/usercommands/get.go:15.103,19.20 2 1
github.com/GoMudEngine/GoMud/internal/usercommands/get.go:19.20,22.3 2 1
github.com/GoMudEngine/GoMud/internal/usercommands/get.go:24.2,24.22 1 1
github.com/GoMudEngine/GoMud/internal/usercommands/get.go:24.22,25.20 1 1
github.com/GoMudEngine/GoMud/internal/usercommands/get.go:25.20,27.4 1 1
github.com/GoMudEngine/GoMud/internal/usercommands/get.go:29.3,29.26 1 1
github.com/GoMudEngine/GoMud/internal/usercommands/get.go:29.26,32.33 2 1
github.com/GoMudEngine/GoMud/internal/usercommands/get.go:32.33,34.5 1 1
github.com/GoMudEngine/GoMud/internal/usercommands/get.go:37.3,37.19 1 1
github.com/GoMudEngine/GoMud/internal/usercommands/get.go:40.2,44.20 4 1
github.com/GoMudEngine/GoMud/internal/usercommands/get.go:44.20,46.35 1 1
github.com/GoMudEngine/GoMud/internal/usercommands/get.go:46.35,48.35 2 0
github.com/GoMudEngine/GoMud/internal/usercommands/get.go:48.35,50.5 1 0
github.com/GoMudEngine/GoMud/internal/usercommands/get.go:50.10,52.5 1 0
github.com/GoMudEngine/GoMud/internal/usercommands/get.go:55.3,55.36 1 1
github.com/GoMudEngine/GoMud/internal/usercommands/get.go:55.36,57.35 2 0
github.com/GoMudEngine/GoMud/internal/usercommands/get.go:57.35,59.5 1 0
github.com/GoMudEngine/GoMud/internal/usercommands/get.go:59.10,61.5 1 0
github.com/GoMudEngine/GoMud/internal/usercommands/get.go:64.3,65.26 2 1
github.com/GoMudEngine/GoMud/internal/usercommands/get.go:65.26,67.35 2 0
github.com/GoMudEngine/GoMud/internal/usercommands/get.go:67.35,69.5 1 0
github.com/GoMudEngine/GoMud/internal/usercommands/get.go:69.10,71.5 1 0
github.com/GoMudEngine/GoMud/internal/usercommands/get.go:77.3,78.82 2 1
github.com/GoMudEngine/GoMud/internal/usercommands/get.go:78.82,80.4 1 0
github.com/GoMudEngine/GoMud/internal/usercommands/get.go:81.3,81.20 1 1
github.com/GoMudEngine/GoMud/internal/usercommands/get.go:81.20,83.32 1 0
github.com/GoMudEngine/GoMud/internal/usercommands/get.go:83.32,86.5 2 0
github.com/GoMudEngine/GoMud/internal/usercommands/get.go:88.4,89.63 2 0
github.com/GoMudEngine/GoMud/internal/usercommands/get.go:89.63,91.36 1 0
github.com/GoMudEngine/GoMud/internal/usercommands/get.go:91.36,93.6 1 0
github.com/GoMudEngine/GoMud/internal/usercommands/get.go:93.11,95.6 1 0
github.com/GoMudEngine/GoMud/internal/usercommands/get.go:100.2,100.30 1 1
github.com/GoMudEngine/GoMud/internal/usercommands/get.go:100.30,103.13 2 0
github.com/GoMudEngine/GoMud/internal/usercommands/get.go:103.13,105.4 1 0
github.com/GoMudEngine/GoMud/internal/usercommands/get.go:105.9,107.48 1 0
github.com/GoMudEngine/GoMud/internal/usercommands/get.go:107.48,108.45 1 0
github.com/GoMudEngine/GoMud/internal/usercommands/get.go:108.45,113.6 2 0
github.com/GoMudEngine/GoMud/internal/usercommands/get.go:113.11,131.6 4 0
github.com/GoMudEngine/GoMud/internal/usercommands/get.go:136.3,136.19 1 0
github.com/GoMudEngine/GoMud/internal/usercommands/get.go:140.2,140.25 1 1
github.com/GoMudEngine/GoMud/internal/usercommands/get.go:140.25,144.89 3 0
github.com/GoMudEngine/GoMud/internal/usercommands/get.go:144.89,146.26 1 0
github.com/GoMudEngine/GoMud/internal/usercommands/get.go:146.26,148.5 1 0
github.com/GoMudEngine/GoMud/internal/usercommands/get.go:148.10,169.5 8 0
github.com/GoMudEngine/GoMud/internal/usercommands/get.go:171.4,171.20 1 0
github.com/GoMudEngine/GoMud/internal/usercommands/get.go:174.3,176.13 2 0
github.com/GoMudEngine/GoMud/internal/usercommands/get.go:176.13,178.4 1 0
github.com/GoMudEngine/GoMud/internal/usercommands/get.go:178.9,183.43 2 0
github.com/GoMudEngine/GoMud/internal/usercommands/get.go:183.43,208.5 7 0
github.com/GoMudEngine/GoMud/internal/usercommands/get.go:208.10,212.5 1 0
github.com/GoMudEngine/GoMud/internal/usercommands/get.go:216.8,219.89 2 1
github.com/GoMudEngine/GoMud/internal/usercommands/get.go:219.89,221.21 1 1
github.com/GoMudEngine/GoMud/internal/usercommands/get.go:221.21,223.5 1 0
github.com/GoMudEngine/GoMud/internal/usercommands/get.go:223.10,243.5 7 1
github.com/GoMudEngine/GoMud/internal/usercommands/get.go:245.4,245.20 1 1
github.com/GoMudEngine/GoMud/internal/usercommands/get.go:249.3,252.30 2 1
github.com/GoMudEngine/GoMud/internal/usercommands/get.go:252.30,254.61 2 1
github.com/GoMudEngine/GoMud/internal/usercommands/get.go:254.61,258.5 3 0
github.com/GoMudEngine/GoMud/internal/usercommands/get.go:261.3,261.12 1 1
github.com/GoMudEngine/GoMud/internal/usercommands/get.go:261.12,263.43 1 1
github.com/GoMudEngine/GoMud/internal/usercommands/get.go:263.43,266.5 2 0
github.com/GoMudEngine/GoMud/internal/usercommands/get.go:268.4,271.20 2 1
github.com/GoMudEngine/GoMud/internal/usercommands/get.go:271.20,273.5 1 0
github.com/GoMudEngine/GoMud/internal/usercommands/get.go:275.4,275.43 1 1
github.com/GoMudEngine/GoMud/internal/usercommands/get.go:275.43,286.21 3 1
github.com/GoMudEngine/GoMud/internal/usercommands/get.go:286.21,294.6 2 0
github.com/GoMudEngine/GoMud/internal/usercommands/get.go:294.11,302.6 2 1
github.com/GoMudEngine/GoMud/internal/usercommands/get.go:305.5,305.33 1 1
github.com/GoMudEngine/GoMud/internal/usercommands/get.go:307.10,311.5 1 0
github.com/GoMudEngine/GoMud/internal/usercommands/get.go:313.4,313.20 1 1
github.com/GoMudEngine/GoMud/internal/usercommands/get.go:319.3,320.25 2 1
github.com/GoMudEngine/GoMud/internal/usercommands/get.go:320.25,326.4 3 0
github.com/GoMudEngine/GoMud/internal/usercommands/get.go:330.2,330.58 1 1
github.com/GoMudEngine/GoMud/internal/usercommands/get.go:330.58,333.3 2 0
github.com/GoMudEngine/GoMud/internal/usercommands/get.go:335.2,336.25 2 1
github.com/GoMudEngine/GoMud/internal/usercommands/get.go:336.25,338.3 1 0
github.com/GoMudEngine/GoMud/internal/usercommands/get.go:338.8,340.3 1 1
github.com/GoMudEngine/GoMud/internal/usercommands/get.go:342.2,342.18 1 1
github.com/GoMudEngine/GoMud/internal/usercommands/get.go:346.53,351.19 4 1
github.com/GoMudEngine/GoMud/internal/usercommands/get.go:351.19,353.3 1 0
github.com/GoMudEngine/GoMud/internal/usercommands/get.go:353.8,353.26 1 1
github.com/GoMudEngine/GoMud/internal/usercommands/get.go:353.26,355.3 1 0
github.com/GoMudEngine/GoMud/internal/usercommands/get.go:355.8,355.26 1 1
github.com/GoMudEngine/GoMud/internal/usercommands/get.go:355.26,357.3 1 0
github.com/GoMudEngine/GoMud/internal/usercommands/get.go:357.8,357.27 1 1
github.com/GoMudEngine/GoMud/internal/usercommands/get.go:357.27,359.3 1 0
github.com/GoMudEngine/GoMud/internal/usercommands/give.go:18.104,24.19 3 1
github.com/GoMudEngine/GoMud/internal/usercommands/give.go:24.19,27.3 2 1
github.com/GoMudEngine/GoMud/internal/usercommands/give.go:29.2,36.63 6 1
github.com/GoMudEngine/GoMud/internal/usercommands/give.go:36.63,41.25 3 1
github.com/GoMudEngine/GoMud/internal/usercommands/give.go:41.25,44.4 2 0
github.com/GoMudEngine/GoMud/internal/usercommands/give.go:46.3,46.43 1 1
github.com/GoMudEngine/GoMud/internal/usercommands/give.go:46.43,49.4 2 0
github.com/GoMudEngine/GoMud/internal/usercommands/give.go:51.8,58.13 3 1
github.com/GoMudEngine/GoMud/internal/usercommands/give.go:58.13,61.4 2 1
github.com/GoMudEngine/GoMud/internal/usercommands/give.go:65.2,67.18 2 1
github.com/GoMudEngine/GoMud/internal/usercommands/give.go:67.18,74.26 3 1
github.com/GoMudEngine/GoMud/internal/usercommands/give.go:74.26,101.4 7 1
github.com/GoMudEngine/GoMud/internal/usercommands/give.go:101.9,101.32 1 1
github.com/GoMudEngine/GoMud/internal/usercommands/give.go:101.32,103.40 1 1
github.com/GoMudEngine/GoMud/internal/usercommands/give.go:103.40,112.5 2 0
github.com/GoMudEngine/GoMud/internal/usercommands/give.go:112.10,136.5 7 1
github.com/GoMudEngine/GoMud/internal/usercommands/give.go:137.9,139.4 1 0
github.com/GoMudEngine/GoMud/internal/usercommands/give.go:141.3,141.19 1 1
github.com/GoMudEngine/GoMud/internal/usercommands/give.go:148.2,148.15 1 0
github.com/GoMudEngine/GoMud/internal/usercommands/give.go:148.15,154.15 3 0
github.com/GoMudEngine/GoMud/internal/usercommands/give.go:154.15,157.49 1 0
github.com/GoMudEngine/GoMud/internal/usercommands/give.go:157.49,159.27 1 0
github.com/GoMudEngine/GoMud/internal/usercommands/give.go:159.27,175.6 5 0
github.com/GoMudEngine/GoMud/internal/usercommands/give.go:175.11,200.6 6 0
github.com/GoMudEngine/GoMud/internal/usercommands/give.go:202.5,202.167 1 0
github.com/GoMudEngine/GoMud/internal/usercommands/give.go:202.167,203.17 1 0
github.com/GoMudEngine/GoMud/internal/usercommands/give.go:203.17,205.7 1 0
github.com/GoMudEngine/GoMud/internal/usercommands/give.go:208.5,208.27 1 0
github.com/GoMudEngine/GoMud/internal/usercommands/give.go:208.27,210.6 1 0
github.com/GoMudEngine/GoMud/internal/usercommands/give.go:210.11,213.6 2 0
github.com/GoMudEngine/GoMud/internal/usercommands/give.go:214.10,216.5 1 0
github.com/GoMudEngine/GoMud/internal/usercommands/give.go:220.3,220.19 1 0
github.com/GoMudEngine/GoMud/internal/usercommands/give.go:226.2,227.71 2 0
github.com/GoMudEngine/GoMud/internal/usercommands/give.go:227.71,229.3 1 0
github.com/GoMudEngine/GoMud/internal/usercommands/give.go:230.2,230.19 1 0
github.com/GoMudEngine/GoMud/internal/usercommands/give.go:230.19,233.21 2 0
github.com/GoMudEngine/GoMud/internal/usercommands/give.go:233.21,236.4 2 0
github.com/GoMudEngine/GoMud/internal/usercommands/give.go:238.3,238.25 1 0
github.com/GoMudEngine/GoMud/internal/usercommands/give.go:238.25,241.4 2 0
github.com/GoMudEngine/GoMud/internal/usercommands/give.go:243.3,254.119 5 0
github.com/GoMudEngine/GoMud/internal/usercommands/give.go:254.119,257.4 2 0
github.com/GoMudEngine/GoMud/internal/usercommands/give.go:259.3,259.19 1 0
github.com/GoMudEngine/GoMud/internal/usercommands/give.go:262.2,264.18 2 0
github.com/GoMudEngine/GoMud/internal/usercommands/go.go:19.102,21.33 1 1
github.com/GoMudEngine/GoMud/internal/usercommands/go.go:21.33,24.3 2 1
github.com/GoMudEngine/GoMud/internal/usercommands/go.go:27.2,27.50 1 1
github.com/GoMudEngine/GoMud/internal/usercommands/go.go:27.50,30.3 2 0
github.com/GoMudEngine/GoMud/internal/usercommands/go.go:32.2,40.20 5 1
github.com/GoMudEngine/GoMud/internal/usercommands/go.go:40.20,42.34 1 1
github.com/GoMudEngine/GoMud/internal/usercommands/go.go:42.34,45.4 2 0
github.com/GoMudEngine/GoMud/internal/usercommands/go.go:47.3,49.73 3 1
github.com/GoMudEngine/GoMud/internal/usercommands/go.go:49.73,52.4 2 0
github.com/GoMudEngine/GoMud/internal/usercommands/go.go:54.3,54.53 1 1
github.com/GoMudEngine/GoMud/internal/usercommands/go.go:54.53,56.18 1 1
github.com/GoMudEngine/GoMud/internal/usercommands/go.go:56.18,58.5 1 0
github.com/GoMudEngine/GoMud/internal/usercommands/go.go:58.10,61.5 2 1
github.com/GoMudEngine/GoMud/internal/usercommands/go.go:63.4,63.20 1 1
github.com/GoMudEngine/GoMud/internal/usercommands/go.go:68.3,69.22 2 1
github.com/GoMudEngine/GoMud/internal/usercommands/go.go:69.22,71.4 1 0
github.com/GoMudEngine/GoMud/internal/usercommands/go.go:74.3,76.19 3 1
github.com/GoMudEngine/GoMud/internal/usercommands/go.go:76.19,78.4 1 1
github.com/GoMudEngine/GoMud/internal/usercommands/go.go:81.3,82.49 2 1
github.com/GoMudEngine/GoMud/internal/usercommands/go.go:82.49,87.4 3 0
github.com/GoMudEngine/GoMud/internal/usercommands/go.go:90.3,90.65 1 1
github.com/GoMudEngine/GoMud/internal/usercommands/go.go:90.65,92.4 1 0
github.com/GoMudEngine/GoMud/internal/usercommands/go.go:94.3,98.31 3 1
github.com/GoMudEngine/GoMud/internal/usercommands/go.go:98.31,106.19 4 0
github.com/GoMudEngine/GoMud/internal/usercommands/go.go:106.19,107.62 1 0
github.com/GoMudEngine/GoMud/internal/usercommands/go.go:107.62,108.47 1 0
github.com/GoMudEngine/GoMud/internal/usercommands/go.go:108.47,110.12 2 0
github.com/GoMudEngine/GoMud/internal/usercommands/go.go:115.4,115.45 1 0
github.com/GoMudEngine/GoMud/internal/usercommands/go.go:115.45,127.5 5 0
github.com/GoMudEngine/GoMud/internal/usercommands/go.go:127.10,127.21 1 0
github.com/GoMudEngine/GoMud/internal/usercommands/go.go:127.21,138.5 5 0
github.com/GoMudEngine/GoMud/internal/usercommands/go.go:138.10,141.99 1 0
github.com/GoMudEngine/GoMud/internal/usercommands/go.go:141.99,165.6 9 0
github.com/GoMudEngine/GoMud/internal/usercommands/go.go:167.5,167.33 1 0
github.com/GoMudEngine/GoMud/internal/usercommands/go.go:167.33,170.59 2 0
github.com/GoMudEngine/GoMud/internal/usercommands/go.go:170.59,171.61 1 0
github.com/GoMudEngine/GoMud/internal/usercommands/go.go:171.61,173.8 1 0
github.com/GoMudEngine/GoMud/internal/usercommands/go.go:176.6,176.22 1 0
github.com/GoMudEngine/GoMud/internal/usercommands/go.go:182.3,182.68 1 1
github.com/GoMudEngine/GoMud/internal/usercommands/go.go:182.68,186.4 3 0
github.com/GoMudEngine/GoMud/internal/usercommands/go.go:190.3,192.29 2 1
github.com/GoMudEngine/GoMud/internal/usercommands/go.go:192.29,194.4 1 0
github.com/GoMudEngine/GoMud/internal/usercommands/go.go:194.9,198.32 2 1
github.com/GoMudEngine/GoMud/internal/usercommands/go.go:198.32,201.5 2 0
github.com/GoMudEngine/GoMud/internal/usercommands/go.go:203.4,203.79 1 1
github.com/GoMudEngine/GoMud/internal/usercommands/go.go:206.3,206.72 1 1
github.com/GoMudEngine/GoMud/internal/usercommands/go.go:206.72,208.4 1 0
github.com/GoMudEngine/GoMud/internal/usercommands/go.go:208.9,213.18 2 1
github.com/GoMudEngine/GoMud/internal/usercommands/go.go:213.18,218.5 1 0
github.com/GoMudEngine/GoMud/internal/usercommands/go.go:218.10,225.36 2 1
github.com/GoMudEngine/GoMud/internal/usercommands/go.go:225.36,233.6 1 0
github.com/GoMudEngine/GoMud/internal/usercommands/go.go:233.11,239.6 1 1
github.com/GoMudEngine/GoMud/internal/usercommands/go.go:242.5,242.36 1 1
github.com/GoMudEngine/GoMud/internal/usercommands/go.go:242.36,252.6 2 0
github.com/GoMudEngine/GoMud/internal/usercommands/go.go:252.11,261.6 1 1
github.com/GoMudEngine/GoMud/internal/usercommands/go.go:263.5,263.105 1 1
github.com/GoMudEngine/GoMud/internal/usercommands/go.go:266.4,266.69 1 1
github.com/GoMudEngine/GoMud/internal/usercommands/go.go:266.69,268.43 1 0
github.com/GoMudEngine/GoMud/internal/usercommands/go.go:268.43,270.57 1 0
github.com/GoMudEngine/GoMud/internal/usercommands/go.go:270.57,271.39 1 0
github.com/GoMudEngine/GoMud/internal/usercommands/go.go:271.39,272.16 1 0
github.com/GoMudEngine/GoMud/internal/usercommands/go.go:274.7,274.74 1 0
github.com/GoMudEngine/GoMud/internal/usercommands/go.go:274.74,275.53 1 0
github.com/GoMudEngine/GoMud/internal/usercommands/go.go:275.53,278.9 2 0
github.com/GoMudEngine/GoMud/internal/usercommands/go.go:285.4,285.59 1 1
github.com/GoMudEngine/GoMud/internal/usercommands/go.go:285.59,287.19 2 0
github.com/GoMudEngine/GoMud/internal/usercommands/go.go:287.19,288.14 1 0
github.com/GoMudEngine/GoMud/internal/usercommands/go.go:291.5,291.45 1 0
github.com/GoMudEngine/GoMud/internal/usercommands/go.go:291.45,292.14 1 0
github.com/GoMudEngine/GoMud/internal/usercommands/go.go:294.5,294.45 1 0
github.com/GoMudEngine/GoMud/internal/usercommands/go.go:294.45,296.6 1 0
github.com/GoMudEngine/GoMud/internal/usercommands/go.go:299.4,299.19 1 1
github.com/GoMudEngine/GoMud/internal/usercommands/go.go:299.19,304.50 2 1
github.com/GoMudEngine/GoMud/internal/usercommands/go.go:304.50,306.20 2 0
github.com/GoMudEngine/GoMud/internal/usercommands/go.go:306.20,307.15 1 0
github.com/GoMudEngine/GoMud/internal/usercommands/go.go:310.6,310.81 1 0
github.com/GoMudEngine/GoMud/internal/usercommands/go.go:310.81,311.15 1 0
github.com/GoMudEngine/GoMud/internal/usercommands/go.go:314.6,315.24 2 0
github.com/GoMudEngine/GoMud/internal/usercommands/go.go:315.24,317.7 1 0
github.com/GoMudEngine/GoMud/internal/usercommands/go.go:320.6,326.27 4 0
github.com/GoMudEngine/GoMud/internal/usercommands/go.go:326.27,327.15 1 0
github.com/GoMudEngine/GoMud/internal/usercommands/go.go:330.6,330.23 1 0
github.com/GoMudEngine/GoMud/internal/usercommands/go.go:337.5,338.50 2 1
github.com/GoMudEngine/GoMud/internal/usercommands/go.go:338.50,340.20 2 0
github.com/GoMudEngine/GoMud/internal/usercommands/go.go:340.20,341.15 1 0
github.com/GoMudEngine/GoMud/internal/usercommands/go.go:343.6,343.36 1 0
github.com/GoMudEngine/GoMud/internal/usercommands/go.go:343.36,344.15 1 0
github.com/GoMudEngine/GoMud/internal/usercommands/go.go:346.6,346.35 1 0
github.com/GoMudEngine/GoMud/internal/usercommands/go.go:346.35,347.15 1 0
github.com/GoMudEngine/GoMud/internal/usercommands/go.go:350.6,351.20 2 0
github.com/GoMudEngine/GoMud/internal/usercommands/go.go:351.20,352.44 1 0
github.com/GoMudEngine/GoMud/internal/usercommands/go.go:352.44,353.50 1 0
github.com/GoMudEngine/GoMud/internal/usercommands/go.go:353.50,355.14 2 0
github.com/GoMudEngine/GoMud/internal/usercommands/go.go:358.7,358.21 1 0
github.com/GoMudEngine/GoMud/internal/usercommands/go.go:358.21,359.16 1 0
github.com/GoMudEngine/GoMud/internal/usercommands/go.go:363.6,365.38 2 0
github.com/GoMudEngine/GoMud/internal/usercommands/go.go:371.4,373.114 2 1
github.com/GoMudEngine/GoMud/internal/usercommands/go.go:373.114,375.5 1 1
github.com/GoMudEngine/GoMud/internal/usercommands/go.go:377.4,378.61 2 1
github.com/GoMudEngine/GoMud/internal/usercommands/go.go:384.2,384.14 1 1
github.com/GoMudEngine/GoMud/internal/usercommands/go.go:384.14,386.203 1 1
github.com/GoMudEngine/GoMud/internal/usercommands/go.go:386.203,390.57 2 1
github.com/GoMudEngine/GoMud/internal/usercommands/go.go:390.57,391.59 1 0
github.com/GoMudEngine/GoMud/internal/usercommands/go.go:391.59,393.6 1 0
github.com/GoMudEngine/GoMud/internal/usercommands/go.go:396.4,396.49 1 1
github.com/GoMudEngine/GoMud/internal/usercommands/go.go:396.49,403.5 1 1
github.com/GoMudEngine/GoMud/internal/usercommands/go.go:404.4,404.18 1 1
github.com/GoMudEngine/GoMud/internal/usercommands/go.go:409.2,409.21 1 1
github.com/GoMudEngine/GoMud/internal/usercommands/grapple.go:17.107,20.33 1 1
github.com/GoMudEngine/GoMud/internal/usercommands/grapple.go:20.33,23.3 2 1
github.com/GoMudEngine/GoMud/internal/usercommands/grapple.go:26.2,27.102 2 1
github.com/GoMudEngine/GoMud/internal/usercommands/grapple.go:27.102,30.3 2 1
github.com/GoMudEngine/GoMud/internal/usercommands/grapple.go:33.2,41.21 7 1
github.com/GoMudEngine/GoMud/internal/usercommands/grapple.go:41.21,43.23 2 1
github.com/GoMudEngine/GoMud/internal/usercommands/grapple.go:43.23,46.4 2 0
github.com/GoMudEngine/GoMud/internal/usercommands/grapple.go:47.3,48.34 2 1
github.com/GoMudEngine/GoMud/internal/usercommands/grapple.go:49.8,49.31 1 0
github.com/GoMudEngine/GoMud/internal/usercommands/grapple.go:49.31,51.24 2 0
github.com/GoMudEngine/GoMud/internal/usercommands/grapple.go:51.24,54.4 2 0
github.com/GoMudEngine/GoMud/internal/usercommands/grapple.go:55.3,56.34 2 0
github.com/GoMudEngine/GoMud/internal/usercommands/grapple.go:57.8,60.3 2 0
github.com/GoMudEngine/GoMud/internal/usercommands/grapple.go:63.2,66.20 2 1
github.com/GoMudEngine/GoMud/internal/usercommands/grapple.go:66.20,68.24 2 1
github.com/GoMudEngine/GoMud/internal/usercommands/grapple.go:68.24,70.4 1 0
github.com/GoMudEngine/GoMud/internal/usercommands/grapple.go:71.3,77.33 2 1
github.com/GoMudEngine/GoMud/internal/usercommands/grapple.go:77.33,79.4 1 0
github.com/GoMudEngine/GoMud/internal/usercommands/grapple.go:82.3,82.33 1 1
github.com/GoMudEngine/GoMud/internal/usercommands/grapple.go:82.33,84.25 2 0
github.com/GoMudEngine/GoMud/internal/usercommands/grapple.go:84.25,86.5 1 0
github.com/GoMudEngine/GoMud/internal/usercommands/grapple.go:87.4,87.79 1 0
github.com/GoMudEngine/GoMud/internal/usercommands/grapple.go:89.8,91.24 2 0
github.com/GoMudEngine/GoMud/internal/usercommands/grapple.go:91.24,93.4 1 0
github.com/GoMudEngine/GoMud/internal/usercommands/grapple.go:94.3,100.28 2 0
github.com/GoMudEngine/GoMud/internal/usercommands/grapple.go:100.28,102.4 1 0
github.com/GoMudEngine/GoMud/internal/usercommands/grapple.go:105.3,105.32 1 0
github.com/GoMudEngine/GoMud/internal/usercommands/grapple.go:105.32,107.25 2 0
github.com/GoMudEngine/GoMud/internal/usercommands/grapple.go:107.25,109.5 1 0
github.com/GoMudEngine/GoMud/internal/usercommands/grapple.go:110.4,110.78 1 0
github.com/GoMudEngine/GoMud/internal/usercommands/grapple.go:115.2,116.22 2 1
github.com/GoMudEngine/GoMud/internal/usercommands/grapple.go:116.22,118.3 1 0
github.com/GoMudEngine/GoMud/internal/usercommands/grapple.go:119.2,129.33 3 1
github.com/GoMudEngine/GoMud/internal/usercommands/grapple.go:129.33,131.3 1 1
github.com/GoMudEngine/GoMud/internal/usercommands/grapple.go:133.2,133.18 1 1
github.com/GoMudEngine/GoMud/internal/usercommands/help.go:19.104,26.20 4 1
github.com/GoMudEngine/GoMud/internal/usercommands/help.go:26.20,46.58 4 1
github.com/GoMudEngine/GoMud/internal/usercommands/help.go:46.58,49.25 2 0
github.com/GoMudEngine/GoMud/internal/usercommands/help.go:49.25,51.5 1 0
github.com/GoMudEngine/GoMud/internal/usercommands/help.go:53.4,55.25 2 0
github.com/GoMudEngine/GoMud/internal/usercommands/help.go:55.25,56.54 1 0
github.com/GoMudEngine/GoMud/internal/usercommands/help.go:56.54,61.6 1 0
github.com/GoMudEngine/GoMud/internal/usercommands/help.go:62.5,62.13 1 0
github.com/GoMudEngine/GoMud/internal/usercommands/help.go:65.4,67.31 2 0
github.com/GoMudEngine/GoMud/internal/usercommands/help.go:67.31,69.13 2 0
github.com/GoMudEngine/GoMud/internal/usercommands/help.go:72.4,72.91 1 0
github.com/GoMudEngine/GoMud/internal/usercommands/help.go:76.3,77.17 2 1
github.com/GoMudEngine/GoMud/internal/usercommands/help.go:77.17,79.4 1 0
github.com/GoMudEngine/GoMud/internal/usercommands/help.go:80.8,83.17 2 1
github.com/GoMudEngine/GoMud/internal/usercommands/help.go:83.17,86.4 2 0
github.com/GoMudEngine/GoMud/internal/usercommands/help.go:90.2,92.18 2 1
github.com/GoMudEngine/GoMud/internal/usercommands/help.go:95.65,98.45 2 1
github.com/GoMudEngine/GoMud/internal/usercommands/help.go:98.45,100.3 1 0
github.com/GoMudEngine/GoMud/internal/usercommands/help.go:102.2,105.29 3 1
github.com/GoMudEngine/GoMud/internal/usercommands/help.go:105.29,107.3 1 0
github.com/GoMudEngine/GoMud/internal/usercommands/help.go:109.2,110.32 2 1
github.com/GoMudEngine/GoMud/internal/usercommands/help.go:110.32,112.31 1 1
github.com/GoMudEngine/GoMud/internal/usercommands/help.go:112.31,113.40 1 1
github.com/GoMudEngine/GoMud/internal/usercommands/help.go:113.40,114.13 1 0
github.com/GoMudEngine/GoMud/internal/usercommands/help.go:116.9,116.35 1 1
github.com/GoMudEngine/GoMud/internal/usercommands/help.go:116.35,119.39 3 1
github.com/GoMudEngine/GoMud/internal/usercommands/help.go:119.39,120.60 1 1
github.com/GoMudEngine/GoMud/internal/usercommands/help.go:120.60,122.11 2 1
github.com/GoMudEngine/GoMud/internal/usercommands/help.go:125.4,125.32 1 1
github.com/GoMudEngine/GoMud/internal/usercommands/help.go:125.32,126.13 1 0
github.com/GoMudEngine/GoMud/internal/usercommands/help.go:129.3,129.46 1 1
github.com/GoMudEngine/GoMud/internal/usercommands/help.go:132.2,132.23 1 1
github.com/GoMudEngine/GoMud/internal/usercommands/help.go:135.52,143.19 5 1
github.com/GoMudEngine/GoMud/internal/usercommands/help.go:143.19,145.3 1 1
github.com/GoMudEngine/GoMud/internal/usercommands/help.go:148.2,148.79 1 1
github.com/GoMudEngine/GoMud/internal/usercommands/help.go:148.79,150.3 1 0
github.com/GoMudEngine/GoMud/internal/usercommands/help.go:150.8,153.3 2 1
github.com/GoMudEngine/GoMud/internal/usercommands/help.go:155.2,157.25 2 1
github.com/GoMudEngine/GoMud/internal/usercommands/help.go:157.25,159.3 1 1
github.com/GoMudEngine/GoMud/internal/usercommands/help.go:161.2,161.25 1 1
github.com/GoMudEngine/GoMud/internal/usercommands/help.go:161.25,163.3 1 0
github.com/GoMudEngine/GoMud/internal/usercommands/help.go:165.2,165.25 1 1
github.com/GoMudEngine/GoMud/internal/usercommands/help.go:165.25,167.19 2 1
github.com/GoMudEngine/GoMud/internal/usercommands/help.go:167.19,169.4 1 0
github.com/GoMudEngine/GoMud/internal/usercommands/help.go:171.3,171.19 1 1
github.com/GoMudEngine/GoMud/internal/usercommands/help.go:171.19,173.4 1 0
github.com/GoMudEngine/GoMud/internal/usercommands/help.go:173.9,175.4 1 1
github.com/GoMudEngine/GoMud/internal/usercommands/help.go:178.2,179.16 2 1
github.com/GoMudEngine/GoMud/internal/usercommands/help.go:179.16,182.55 1 0
github.com/GoMudEngine/GoMud/internal/usercommands/help.go:182.55,184.4 1 0
github.com/GoMudEngine/GoMud/internal/usercommands/help.go:185.3,185.62 1 0
github.com/GoMudEngine/GoMud/internal/usercommands/help.go:185.62,187.4 1 0
github.com/GoMudEngine/GoMud/internal/usercommands/help.go:189.2,189.20 1 1
github.com/GoMudEngine/GoMud/internal/usercommands/history.go:11.107,26.39 5 1
github.com/GoMudEngine/GoMud/internal/usercommands/history.go:26.39,28.41 1 0
github.com/GoMudEngine/GoMud/internal/usercommands/history.go:28.41,29.12 1 0
github.com/GoMudEngine/GoMud/internal/usercommands/history.go:32.3,37.5 1 0
github.com/GoMudEngine/GoMud/internal/usercommands/history.go:41.2,45.18 4 1
github.com/GoMudEngine/GoMud/internal/usercommands/inbox.go:14.105,16.21 1 1
github.com/GoMudEngine/GoMud/internal/usercommands/inbox.go:16.21,18.3 1 0
github.com/GoMudEngine/GoMud/internal/usercommands/inbox.go:20.2,20.21 1 1
github.com/GoMudEngine/GoMud/internal/usercommands/inbox.go:20.21,23.3 2 0
github.com/GoMudEngine/GoMud/internal/usercommands/inbox.go:25.2,27.26 2 1
github.com/GoMudEngine/GoMud/internal/usercommands/inbox.go:27.26,29.3 1 1
github.com/GoMudEngine/GoMud/internal/usercommands/inbox.go:31.2,34.35 3 0
github.com/GoMudEngine/GoMud/internal/usercommands/inbox.go:34.35,36.20 1 0
github.com/GoMudEngine/GoMud/internal/usercommands/inbox.go:36.20,37.17 1 0
github.com/GoMudEngine/GoMud/internal/usercommands/inbox.go:37.17,38.13 1 0
github.com/GoMudEngine/GoMud/internal/usercommands/inbox.go:40.9,40.22 1 0
github.com/GoMudEngine/GoMud/internal/usercommands/inbox.go:40.22,41.12 1 0
github.com/GoMudEngine/GoMud/internal/usercommands/inbox.go:44.3,49.16 4 0
github.com/GoMudEngine/GoMud/internal/usercommands/inbox.go:49.16,50.20 1 0
github.com/GoMudEngine/GoMud/internal/usercommands/inbox.go:50.20,58.5 2 0
github.com/GoMudEngine/GoMud/internal/usercommands/inbox.go:59.4,59.23 1 0
github.com/GoMudEngine/GoMud/internal/usercommands/inbox.go:59.23,61.5 1 0
github.com/GoMudEngine/GoMud/internal/usercommands/inbox.go:64.3,64.30 1 0
github.com/GoMudEngine/GoMud/internal/usercommands/inbox.go:67.2,72.18 5 0
github.com/GoMudEngine/GoMud/internal/usercommands/inventory.go:16.109,65.60 6 1
github.com/GoMudEngine/GoMud/internal/usercommands/inventory.go:65.60,68.20 2 1
github.com/GoMudEngine/GoMud/internal/usercommands/inventory.go:68.20,70.48 1 1
github.com/GoMudEngine/GoMud/internal/usercommands/inventory.go:70.48,71.38 1 1
github.com/GoMudEngine/GoMud/internal/usercommands/inventory.go:71.38,72.41 1 1
github.com/GoMudEngine/GoMud/internal/usercommands/inventory.go:72.41,75.12 3 1
github.com/GoMudEngine/GoMud/internal/usercommands/inventory.go:80.4,80.18 1 1
github.com/GoMudEngine/GoMud/internal/usercommands/inventory.go:80.18,81.13 1 1
github.com/GoMudEngine/GoMud/internal/usercommands/inventory.go:84.4,84.54 1 1
github.com/GoMudEngine/GoMud/internal/usercommands/inventory.go:84.54,85.38 1 1
github.com/GoMudEngine/GoMud/internal/usercommands/inventory.go:85.38,86.47 1 1
github.com/GoMudEngine/GoMud/internal/usercommands/inventory.go:86.47,89.12 3 0
github.com/GoMudEngine/GoMud/internal/usercommands/inventory.go:94.4,94.18 1 1
github.com/GoMudEngine/GoMud/internal/usercommands/inventory.go:94.18,95.13 1 0
github.com/GoMudEngine/GoMud/internal/usercommands/inventory.go:101.4,101.58 1 1
github.com/GoMudEngine/GoMud/internal/usercommands/inventory.go:101.58,102.38 1 1
github.com/GoMudEngine/GoMud/internal/usercommands/inventory.go:102.38,104.11 2 0
github.com/GoMudEngine/GoMud/internal/usercommands/inventory.go:109.9,111.4 1 1
github.com/GoMudEngine/GoMud/internal/usercommands/inventory.go:115.2,115.32 1 1
github.com/GoMudEngine/GoMud/internal/usercommands/inventory.go:115.32,121.138 4 1
github.com/GoMudEngine/GoMud/internal/usercommands/inventory.go:121.138,122.22 1 1
github.com/GoMudEngine/GoMud/internal/usercommands/inventory.go:122.22,125.5 2 1
github.com/GoMudEngine/GoMud/internal/usercommands/inventory.go:127.3,128.66 2 1
github.com/GoMudEngine/GoMud/internal/usercommands/inventory.go:131.2,134.49 3 1
github.com/GoMudEngine/GoMud/internal/usercommands/inventory.go:134.49,137.3 2 1
github.com/GoMudEngine/GoMud/internal/usercommands/inventory.go:139.2,152.18 4 1
github.com/GoMudEngine/GoMud/internal/usercommands/jobs.go:17.104,30.59 4 1
github.com/GoMudEngine/GoMud/internal/usercommands/jobs.go:30.59,42.3 2 1
github.com/GoMudEngine/GoMud/internal/usercommands/jobs.go:45.2,45.46 1 1
github.com/GoMudEngine/GoMud/internal/usercommands/jobs.go:45.46,47.3 1 1
github.com/GoMudEngine/GoMud/internal/usercommands/jobs.go:49.2,52.18 3 1
github.com/GoMudEngine/GoMud/internal/usercommands/keyring.go:16.107,21.48 3 1
github.com/GoMudEngine/GoMud/internal/usercommands/keyring.go:21.48,22.41 1 0
github.com/GoMudEngine/GoMud/internal/usercommands/keyring.go:22.41,23.9 1 0
github.com/GoMudEngine/GoMud/internal/usercommands/keyring.go:27.2,63.50 11 1
github.com/GoMudEngine/GoMud/internal/usercommands/keyring.go:63.50,71.40 5 0
github.com/GoMudEngine/GoMud/internal/usercommands/keyring.go:71.40,74.4 2 0
github.com/GoMudEngine/GoMud/internal/usercommands/keyring.go:74.9,76.26 1 0
github.com/GoMudEngine/GoMud/internal/usercommands/keyring.go:76.26,78.5 1 0
github.com/GoMudEngine/GoMud/internal/usercommands/keyring.go:81.3,88.18 6 0
github.com/GoMudEngine/GoMud/internal/usercommands/keyring.go:88.18,89.12 1 0
github.com/GoMudEngine/GoMud/internal/usercommands/keyring.go:92.3,92.23 1 0
github.com/GoMudEngine/GoMud/internal/usercommands/keyring.go:92.23,99.16 5 0
github.com/GoMudEngine/GoMud/internal/usercommands/keyring.go:99.16,101.31 2 0
github.com/GoMudEngine/GoMud/internal/usercommands/keyring.go:101.31,103.6 1 0
github.com/GoMudEngine/GoMud/internal/usercommands/keyring.go:108.3,112.77 3 0
github.com/GoMudEngine/GoMud/internal/usercommands/keyring.go:112.77,115.24 2 0
github.com/GoMudEngine/GoMud/internal/usercommands/keyring.go:115.24,117.5 1 0
github.com/GoMudEngine/GoMud/internal/usercommands/keyring.go:117.10,119.5 1 0
github.com/GoMudEngine/GoMud/internal/usercommands/keyring.go:121.9,123.24 1 0
github.com/GoMudEngine/GoMud/internal/usercommands/keyring.go:123.24,125.5 1 0
github.com/GoMudEngine/GoMud/internal/usercommands/keyring.go:125.10,127.5 1 0
github.com/GoMudEngine/GoMud/internal/usercommands/keyring.go:129.4,130.31 2 0
github.com/GoMudEngine/GoMud/internal/usercommands/keyring.go:133.3,133.23 1 0
github.com/GoMudEngine/GoMud/internal/usercommands/keyring.go:133.23,135.4 1 0
github.com/GoMudEngine/GoMud/internal/usercommands/keyring.go:135.9,137.4 1 0
github.com/GoMudEngine/GoMud/internal/usercommands/keyring.go:140.3,140.28 1 0
github.com/GoMudEngine/GoMud/internal/usercommands/keyring.go:140.28,144.16 2 0
github.com/GoMudEngine/GoMud/internal/usercommands/keyring.go:144.16,146.5 1 0
github.com/GoMudEngine/GoMud/internal/usercommands/keyring.go:146.10,148.5 1 0
github.com/GoMudEngine/GoMud/internal/usercommands/keyring.go:149.9,152.4 2 0
github.com/GoMudEngine/GoMud/internal/usercommands/keyring.go:155.2,167.18 10 1
github.com/GoMudEngine/GoMud/internal/usercommands/kick.go:17.104,20.33 1 1
github.com/GoMudEngine/GoMud/internal/usercommands/kick.go:20.33,23.3 2 1
github.com/GoMudEngine/GoMud/internal/usercommands/kick.go:26.2,27.102 2 1
github.com/GoMudEngine/GoMud/internal/usercommands/kick.go:27.102,30.3 2 1
github.com/GoMudEngine/GoMud/internal/usercommands/kick.go:33.2,41.21 7 1
github.com/GoMudEngine/GoMud/internal/usercommands/kick.go:41.21,43.23 2 1
github.com/GoMudEngine/GoMud/internal/usercommands/kick.go:43.23,46.4 2 0
github.com/GoMudEngine/GoMud/internal/usercommands/kick.go:47.3,48.34 2 1
github.com/GoMudEngine/GoMud/internal/usercommands/kick.go:49.8,49.31 1 0
github.com/GoMudEngine/GoMud/internal/usercommands/kick.go:49.31,51.24 2 0
github.com/GoMudEngine/GoMud/internal/usercommands/kick.go:51.24,54.4 2 0
github.com/GoMudEngine/GoMud/internal/usercommands/kick.go:55.3,56.34 2 0
github.com/GoMudEngine/GoMud/internal/usercommands/kick.go:57.8,60.3 2 0
github.com/GoMudEngine/GoMud/internal/usercommands/kick.go:63.2,77.16 2 1
github.com/GoMudEngine/GoMud/internal/usercommands/kick.go:77.16,78.25 1 1
github.com/GoMudEngine/GoMud/internal/usercommands/kick.go:78.25,80.25 2 0
github.com/GoMudEngine/GoMud/internal/usercommands/kick.go:80.25,82.5 1 0
github.com/GoMudEngine/GoMud/internal/usercommands/kick.go:83.4,86.5 1 0
github.com/GoMudEngine/GoMud/internal/usercommands/kick.go:87.9,89.25 2 1
github.com/GoMudEngine/GoMud/internal/usercommands/kick.go:89.25,91.5 1 0
github.com/GoMudEngine/GoMud/internal/usercommands/kick.go:92.4,95.5 1 1
github.com/GoMudEngine/GoMud/internal/usercommands/kick.go:97.8,99.24 2 0
github.com/GoMudEngine/GoMud/internal/usercommands/kick.go:99.24,101.4 1 0
github.com/GoMudEngine/GoMud/internal/usercommands/kick.go:102.3,105.4 1 0
github.com/GoMudEngine/GoMud/internal/usercommands/kick.go:109.2,110.16 2 1
github.com/GoMudEngine/GoMud/internal/usercommands/kick.go:110.16,112.3 1 1
github.com/GoMudEngine/GoMud/internal/usercommands/kick.go:113.2,114.22 2 1
github.com/GoMudEngine/GoMud/internal/usercommands/kick.go:114.22,116.3 1 0
github.com/GoMudEngine/GoMud/internal/usercommands/kick.go:117.2,127.33 3 1
github.com/GoMudEngine/GoMud/internal/usercommands/kick.go:127.33,129.3 1 1
github.com/GoMudEngine/GoMud/internal/usercommands/kick.go:131.2,131.18 1 1
github.com/GoMudEngine/GoMud/internal/usercommands/killstats.go:14.109,38.48 11 1
github.com/GoMudEngine/GoMud/internal/usercommands/killstats.go:38.48,40.66 1 0
github.com/GoMudEngine/GoMud/internal/usercommands/killstats.go:40.66,49.4 3 0
github.com/GoMudEngine/GoMud/internal/usercommands/killstats.go:52.2,52.70 1 1
github.com/GoMudEngine/GoMud/internal/usercommands/killstats.go:52.70,56.3 3 0
github.com/GoMudEngine/GoMud/internal/usercommands/killstats.go:58.2,63.19 5 1
github.com/GoMudEngine/GoMud/internal/usercommands/killstats.go:63.19,72.3 5 1
github.com/GoMudEngine/GoMud/internal/usercommands/killstats.go:72.8,72.83 1 1
github.com/GoMudEngine/GoMud/internal/usercommands/killstats.go:72.83,77.3 2 1
github.com/GoMudEngine/GoMud/internal/usercommands/killstats.go:77.8,84.3 4 1
github.com/GoMudEngine/GoMud/internal/usercommands/killstats.go:86.2,88.40 2 1
github.com/GoMudEngine/GoMud/internal/usercommands/killstats.go:88.40,95.3 1 0
github.com/GoMudEngine/GoMud/internal/usercommands/killstats.go:97.2,109.22 3 1
github.com/GoMudEngine/GoMud/internal/usercommands/killstats.go:109.22,115.3 1 1
github.com/GoMudEngine/GoMud/internal/usercommands/killstats.go:115.8,121.3 1 0
github.com/GoMudEngine/GoMud/internal/usercommands/killstats.go:123.2,130.18 5 1
github.com/GoMudEngine/GoMud/internal/usercommands/list.go:22.104,26.57 2 1
github.com/GoMudEngine/GoMud/internal/usercommands/list.go:26.57,29.17 2 0
github.com/GoMudEngine/GoMud/internal/usercommands/list.go:29.17,30.12 1 0
github.com/GoMudEngine/GoMud/internal/usercommands/list.go:33.3,40.91 4 0
github.com/GoMudEngine/GoMud/internal/usercommands/list.go:40.91,42.4 1 0
github.com/GoMudEngine/GoMud/internal/usercommands/list.go:45.2,45.58 1 1
github.com/GoMudEngine/GoMud/internal/usercommands/list.go:45.58,47.25 1 0
github.com/GoMudEngine/GoMud/internal/usercommands/list.go:47.25,48.12 1 0
github.com/GoMudEngine/GoMud/internal/usercommands/list.go:51.3,52.22 2 0
github.com/GoMudEngine/GoMud/internal/usercommands/list.go:52.22,53.12 1 0
github.com/GoMudEngine/GoMud/internal/usercommands/list.go:56.3,58.120 2 0
github.com/GoMudEngine/GoMud/internal/usercommands/list.go:61.2,61.22 1 1
github.com/GoMudEngine/GoMud/internal/usercommands/list.go:61.22,63.3 1 1
github.com/GoMudEngine/GoMud/internal/usercommands/list.go:65.2,65.18 1 1
github.com/GoMudEngine/GoMud/internal/usercommands/list.go:69.108,70.33 1 1
github.com/GoMudEngine/GoMud/internal/usercommands/list.go:70.33,72.26 1 1
github.com/GoMudEngine/GoMud/internal/usercommands/list.go:72.26,74.12 2 1
github.com/GoMudEngine/GoMud/internal/usercommands/list.go:77.3,77.25 1 1
github.com/GoMudEngine/GoMud/internal/usercommands/list.go:77.25,79.12 2 1
github.com/GoMudEngine/GoMud/internal/usercommands/list.go:82.3,82.26 1 1
github.com/GoMudEngine/GoMud/internal/usercommands/list.go:82.26,84.4 1 1
github.com/GoMudEngine/GoMud/internal/usercommands/list.go:86.3,86.29 1 1
github.com/GoMudEngine/GoMud/internal/usercommands/list.go:86.29,88.4 1 1
github.com/GoMudEngine/GoMud/internal/usercommands/list.go:91.2,91.8 1 1
github.com/GoMudEngine/GoMud/internal/usercommands/list.go:96.84,97.33 1 1
github.com/GoMudEngine/GoMud/internal/usercommands/list.go:97.33,98.31 1 1
github.com/GoMudEngine/GoMud/internal/usercommands/list.go:98.31,100.4 1 1
github.com/GoMudEngine/GoMud/internal/usercommands/list.go:101.3,101.38 1 1
github.com/GoMudEngine/GoMud/internal/usercommands/list.go:101.38,103.4 1 1
github.com/GoMudEngine/GoMud/internal/usercommands/list.go:104.3,104.38 1 1
github.com/GoMudEngine/GoMud/internal/usercommands/list.go:104.38,106.4 1 1
github.com/GoMudEngine/GoMud/internal/usercommands/list.go:108.2,108.8 1 1
github.com/GoMudEngine/GoMud/internal/usercommands/list.go:112.90,114.13 2 1
github.com/GoMudEngine/GoMud/internal/usercommands/list.go:114.13,116.3 1 1
github.com/GoMudEngine/GoMud/internal/usercommands/list.go:117.2,117.14 1 1
github.com/GoMudEngine/GoMud/internal/usercommands/list.go:117.14,119.3 1 1
github.com/GoMudEngine/GoMud/internal/usercommands/list.go:121.2,123.33 2 1
github.com/GoMudEngine/GoMud/internal/usercommands/list.go:123.33,127.32 3 1
github.com/GoMudEngine/GoMud/internal/usercommands/list.go:127.32,129.4 1 1
github.com/GoMudEngine/GoMud/internal/usercommands/list.go:131.3,132.17 2 1
github.com/GoMudEngine/GoMud/internal/usercommands/list.go:132.17,134.4 1 0
github.com/GoMudEngine/GoMud/internal/usercommands/list.go:134.9,134.23 1 1
github.com/GoMudEngine/GoMud/internal/usercommands/list.go:134.23,136.4 1 1
github.com/GoMudEngine/GoMud/internal/usercommands/list.go:138.3,144.14 2 1
github.com/GoMudEngine/GoMud/internal/usercommands/list.go:144.14,145.17 1 1
github.com/GoMudEngine/GoMud/internal/usercommands/list.go:145.17,147.5 1 1
github.com/GoMudEngine/GoMud/internal/usercommands/list.go:147.10,149.5 1 1
github.com/GoMudEngine/GoMud/internal/usercommands/list.go:152.3,152.15 1 1
github.com/GoMudEngine/GoMud/internal/usercommands/list.go:152.15,153.32 1 1
github.com/GoMudEngine/GoMud/internal/usercommands/list.go:153.32,156.5 2 1
github.com/GoMudEngine/GoMud/internal/usercommands/list.go:156.10,158.5 1 1
github.com/GoMudEngine/GoMud/internal/usercommands/list.go:161.3,161.32 1 1
github.com/GoMudEngine/GoMud/internal/usercommands/list.go:163.2,163.22 1 1
github.com/GoMudEngine/GoMud/internal/usercommands/list.go:167.90,169.13 2 1
github.com/GoMudEngine/GoMud/internal/usercommands/list.go:169.13,171.3 1 1
github.com/GoMudEngine/GoMud/internal/usercommands/list.go:172.2,172.14 1 1
github.com/GoMudEngine/GoMud/internal/usercommands/list.go:172.14,174.3 1 0
github.com/GoMudEngine/GoMud/internal/usercommands/list.go:176.2,178.34 2 1
github.com/GoMudEngine/GoMud/internal/usercommands/list.go:178.34,181.21 2 1
github.com/GoMudEngine/GoMud/internal/usercommands/list.go:181.21,182.12 1 1
github.com/GoMudEngine/GoMud/internal/usercommands/list.go:184.3,185.22 2 0
github.com/GoMudEngine/GoMud/internal/usercommands/list.go:185.22,186.12 1 0
github.com/GoMudEngine/GoMud/internal/usercommands/list.go:189.3,190.33 2 0
github.com/GoMudEngine/GoMud/internal/usercommands/list.go:190.33,192.4 1 0
github.com/GoMudEngine/GoMud/internal/usercommands/list.go:194.3,195.17 2 0
github.com/GoMudEngine/GoMud/internal/usercommands/list.go:195.17,197.4 1 0
github.com/GoMudEngine/GoMud/internal/usercommands/list.go:197.9,197.23 1 0
github.com/GoMudEngine/GoMud/internal/usercommands/list.go:197.23,199.4 1 0
github.com/GoMudEngine/GoMud/internal/usercommands/list.go:201.3,208.14 2 0
github.com/GoMudEngine/GoMud/internal/usercommands/list.go:208.14,209.17 1 0
github.com/GoMudEngine/GoMud/internal/usercommands/list.go:209.17,211.5 1 0
github.com/GoMudEngine/GoMud/internal/usercommands/list.go:211.10,213.5 1 0
github.com/GoMudEngine/GoMud/internal/usercommands/list.go:216.3,216.15 1 0
github.com/GoMudEngine/GoMud/internal/usercommands/list.go:216.15,217.33 1 0
github.com/GoMudEngine/GoMud/internal/usercommands/list.go:217.33,220.5 2 0
github.com/GoMudEngine/GoMud/internal/usercommands/list.go:220.10,222.5 1 0
github.com/GoMudEngine/GoMud/internal/usercommands/list.go:225.3,225.32 1 0
github.com/GoMudEngine/GoMud/internal/usercommands/list.go:228.2,228.22 1 1
github.com/GoMudEngine/GoMud/internal/usercommands/list.go:232.90,234.13 2 1
github.com/GoMudEngine/GoMud/internal/usercommands/list.go:234.13,236.3 1 1
github.com/GoMudEngine/GoMud/internal/usercommands/list.go:237.2,237.14 1 1
github.com/GoMudEngine/GoMud/internal/usercommands/list.go:237.14,239.3 1 0
github.com/GoMudEngine/GoMud/internal/usercommands/list.go:241.2,243.34 2 1
github.com/GoMudEngine/GoMud/internal/usercommands/list.go:243.34,246.22 2 1
github.com/GoMudEngine/GoMud/internal/usercommands/list.go:246.22,247.12 1 1
github.com/GoMudEngine/GoMud/internal/usercommands/list.go:250.3,251.33 2 1
github.com/GoMudEngine/GoMud/internal/usercommands/list.go:251.33,253.4 1 1
github.com/GoMudEngine/GoMud/internal/usercommands/list.go:255.3,260.14 2 1
github.com/GoMudEngine/GoMud/internal/usercommands/list.go:260.14,261.27 1 1
github.com/GoMudEngine/GoMud/internal/usercommands/list.go:261.27,263.5 1 1
github.com/GoMudEngine/GoMud/internal/usercommands/list.go:263.10,265.5 1 0
github.com/GoMudEngine/GoMud/internal/usercommands/list.go:268.3,268.15 1 1
github.com/GoMudEngine/GoMud/internal/usercommands/list.go:268.15,269.33 1 0
github.com/GoMudEngine/GoMud/internal/usercommands/list.go:269.33,272.5 2 0
github.com/GoMudEngine/GoMud/internal/usercommands/list.go:272.10,274.5 1 0
github.com/GoMudEngine/GoMud/internal/usercommands/list.go:277.3,277.32 1 1
github.com/GoMudEngine/GoMud/internal/usercommands/list.go:280.2,280.22 1 1
github.com/GoMudEngine/GoMud/internal/usercommands/list.go:284.89,286.13 2 0
github.com/GoMudEngine/GoMud/internal/usercommands/list.go:286.13,288.3 1 0
github.com/GoMudEngine/GoMud/internal/usercommands/list.go:289.2,289.14 1 0
github.com/GoMudEngine/GoMud/internal/usercommands/list.go:289.14,291.3 1 0
github.com/GoMudEngine/GoMud/internal/usercommands/list.go:293.2,295.33 2 0
github.com/GoMudEngine/GoMud/internal/usercommands/list.go:295.33,298.24 2 0
github.com/GoMudEngine/GoMud/internal/usercommands/list.go:298.24,299.12 1 0
github.com/GoMudEngine/GoMud/internal/usercommands/list.go:302.3,303.32 2 0
github.com/GoMudEngine/GoMud/internal/usercommands/list.go:303.32,305.4 1 0
github.com/GoMudEngine/GoMud/internal/usercommands/list.go:307.3,308.17 2 0
github.com/GoMudEngine/GoMud/internal/usercommands/list.go:308.17,310.4 1 0
github.com/GoMudEngine/GoMud/internal/usercommands/list.go:310.9,310.23 1 0
github.com/GoMudEngine/GoMud/internal/usercommands/list.go:310.23,312.4 1 0
github.com/GoMudEngine/GoMud/internal/usercommands/list.go:314.3,319.14 2 0
github.com/GoMudEngine/GoMud/internal/usercommands/list.go:319.14,320.17 1 0
github.com/GoMudEngine/GoMud/internal/usercommands/list.go:320.17,322.5 1 0
github.com/GoMudEngine/GoMud/internal/usercommands/list.go:322.10,324.5 1 0
github.com/GoMudEngine/GoMud/internal/usercommands/list.go:327.3,327.15 1 0
github.com/GoMudEngine/GoMud/internal/usercommands/list.go:327.15,328.32 1 0
github.com/GoMudEngine/GoMud/internal/usercommands/list.go:328.32,331.5 2 0
github.com/GoMudEngine/GoMud/internal/usercommands/list.go:331.10,333.5 1 0
github.com/GoMudEngine/GoMud/internal/usercommands/list.go:336.3,336.32 1 0
github.com/GoMudEngine/GoMud/internal/usercommands/list.go:338.2,338.22 1 0
github.com/GoMudEngine/GoMud/internal/usercommands/list.go:342.46,343.39 1 1
github.com/GoMudEngine/GoMud/internal/usercommands/list.go:343.39,347.3 3 1
github.com/GoMudEngine/GoMud/internal/usercommands/list.go:351.149,356.2 4 1
github.com/GoMudEngine/GoMud/internal/usercommands/list.go:360.102,363.93 2 1
github.com/GoMudEngine/GoMud/internal/usercommands/list.go:363.93,365.3 1 1
github.com/GoMudEngine/GoMud/internal/usercommands/list.go:367.2,369.24 2 1
github.com/GoMudEngine/GoMud/internal/usercommands/list.go:369.24,372.40 3 1
github.com/GoMudEngine/GoMud/internal/usercommands/list.go:372.40,374.4 1 0
github.com/GoMudEngine/GoMud/internal/usercommands/list.go:375.3,376.67 1 1
github.com/GoMudEngine/GoMud/internal/usercommands/list.go:379.2,379.24 1 1
github.com/GoMudEngine/GoMud/internal/usercommands/list.go:379.24,385.3 4 0
github.com/GoMudEngine/GoMud/internal/usercommands/list.go:387.2,387.24 1 1
github.com/GoMudEngine/GoMud/internal/usercommands/list.go:387.24,393.3 4 0
github.com/GoMudEngine/GoMud/internal/usercommands/list.go:395.2,395.23 1 1
github.com/GoMudEngine/GoMud/internal/usercommands/list.go:395.23,401.3 4 0
github.com/GoMudEngine/GoMud/internal/usercommands/list.go:403.2,403.13 1 1
github.com/GoMudEngine/GoMud/internal/usercommands/list.go:408.118,411.93 2 1
github.com/GoMudEngine/GoMud/internal/usercommands/list.go:411.93,413.3 1 1
github.com/GoMudEngine/GoMud/internal/usercommands/list.go:415.2,417.24 2 0
github.com/GoMudEngine/GoMud/internal/usercommands/list.go:417.24,423.3 4 0
github.com/GoMudEngine/GoMud/internal/usercommands/list.go:425.2,425.24 1 0
github.com/GoMudEngine/GoMud/internal/usercommands/list.go:425.24,432.3 4 0
github.com/GoMudEngine/GoMud/internal/usercommands/list.go:434.2,434.24 1 0
github.com/GoMudEngine/GoMud/internal/usercommands/list.go:434.24,441.3 4 0
github.com/GoMudEngine/GoMud/internal/usercommands/list.go:443.2,443.23 1 0
github.com/GoMudEngine/GoMud/internal/usercommands/list.go:443.23,450.3 4 0
github.com/GoMudEngine/GoMud/internal/usercommands/lock.go:14.104,18.19 2 1
github.com/GoMudEngine/GoMud/internal/usercommands/lock.go:18.19,21.3 2 1
github.com/GoMudEngine/GoMud/internal/usercommands/lock.go:23.2,26.25 3 1
github.com/GoMudEngine/GoMud/internal/usercommands/lock.go:26.25,30.32 2 0
github.com/GoMudEngine/GoMud/internal/usercommands/lock.go:30.32,33.4 2 0
github.com/GoMudEngine/GoMud/internal/usercommands/lock.go:35.3,40.14 5 0
github.com/GoMudEngine/GoMud/internal/usercommands/lock.go:40.14,42.4 1 0
github.com/GoMudEngine/GoMud/internal/usercommands/lock.go:44.3,44.13 1 0
github.com/GoMudEngine/GoMud/internal/usercommands/lock.go:44.13,52.4 5 0
github.com/GoMudEngine/GoMud/internal/usercommands/lock.go:52.9,52.28 1 0
github.com/GoMudEngine/GoMud/internal/usercommands/lock.go:52.28,76.4 9 0
github.com/GoMudEngine/GoMud/internal/usercommands/lock.go:76.9,78.4 1 0
github.com/GoMudEngine/GoMud/internal/usercommands/lock.go:80.3,80.19 1 0
github.com/GoMudEngine/GoMud/internal/usercommands/lock.go:82.8,82.27 1 1
github.com/GoMudEngine/GoMud/internal/usercommands/lock.go:82.27,86.31 2 1
github.com/GoMudEngine/GoMud/internal/usercommands/lock.go:86.31,89.4 2 0
github.com/GoMudEngine/GoMud/internal/usercommands/lock.go:91.3,96.14 5 1
github.com/GoMudEngine/GoMud/internal/usercommands/lock.go:96.14,98.4 1 1
github.com/GoMudEngine/GoMud/internal/usercommands/lock.go:100.3,100.13 1 1
github.com/GoMudEngine/GoMud/internal/usercommands/lock.go:100.13,108.4 5 0
github.com/GoMudEngine/GoMud/internal/usercommands/lock.go:108.9,108.28 1 1
github.com/GoMudEngine/GoMud/internal/usercommands/lock.go:108.28,132.4 9 0
github.com/GoMudEngine/GoMud/internal/usercommands/lock.go:132.9,134.4 1 1
github.com/GoMudEngine/GoMud/internal/usercommands/lock.go:136.3,136.19 1 1
github.com/GoMudEngine/GoMud/internal/usercommands/lock.go:140.2,141.18 2 1
github.com/GoMudEngine/GoMud/internal/usercommands/look.go:21.104,27.20 3 1
github.com/GoMudEngine/GoMud/internal/usercommands/look.go:27.20,28.62 1 1
github.com/GoMudEngine/GoMud/internal/usercommands/look.go:28.62,31.4 2 1
github.com/GoMudEngine/GoMud/internal/usercommands/look.go:34.2,37.19 2 1
github.com/GoMudEngine/GoMud/internal/usercommands/look.go:37.19,38.25 1 1
github.com/GoMudEngine/GoMud/internal/usercommands/look.go:38.25,40.4 1 0
github.com/GoMudEngine/GoMud/internal/usercommands/look.go:42.2,42.19 1 1
github.com/GoMudEngine/GoMud/internal/usercommands/look.go:42.19,43.26 1 1
github.com/GoMudEngine/GoMud/internal/usercommands/look.go:43.26,45.4 1 0
github.com/GoMudEngine/GoMud/internal/usercommands/look.go:48.2,58.22 3 1
github.com/GoMudEngine/GoMud/internal/usercommands/look.go:58.22,60.33 1 1
github.com/GoMudEngine/GoMud/internal/usercommands/look.go:60.33,68.4 2 1
github.com/GoMudEngine/GoMud/internal/usercommands/look.go:69.3,70.19 2 1
github.com/GoMudEngine/GoMud/internal/usercommands/look.go:77.2,79.31 2 1
github.com/GoMudEngine/GoMud/internal/usercommands/look.go:79.31,87.19 4 1
github.com/GoMudEngine/GoMud/internal/usercommands/look.go:87.19,91.19 2 1
github.com/GoMudEngine/GoMud/internal/usercommands/look.go:91.19,99.5 2 1
github.com/GoMudEngine/GoMud/internal/usercommands/look.go:101.4,105.43 4 1
github.com/GoMudEngine/GoMud/internal/usercommands/look.go:105.43,107.5 1 0
github.com/GoMudEngine/GoMud/internal/usercommands/look.go:109.4,115.31 3 1
github.com/GoMudEngine/GoMud/internal/usercommands/look.go:117.9,117.23 1 1
github.com/GoMudEngine/GoMud/internal/usercommands/look.go:117.23,121.19 2 1
github.com/GoMudEngine/GoMud/internal/usercommands/look.go:121.19,127.5 2 1
github.com/GoMudEngine/GoMud/internal/usercommands/look.go:129.4,133.43 4 1
github.com/GoMudEngine/GoMud/internal/usercommands/look.go:133.43,135.5 1 0
github.com/GoMudEngine/GoMud/internal/usercommands/look.go:137.4,143.31 3 1
github.com/GoMudEngine/GoMud/internal/usercommands/look.go:146.3,149.19 3 1
github.com/GoMudEngine/GoMud/internal/usercommands/look.go:153.2,154.25 2 1
github.com/GoMudEngine/GoMud/internal/usercommands/look.go:154.25,161.32 4 0
github.com/GoMudEngine/GoMud/internal/usercommands/look.go:161.32,166.4 4 0
github.com/GoMudEngine/GoMud/internal/usercommands/look.go:168.3,168.25 1 0
github.com/GoMudEngine/GoMud/internal/usercommands/look.go:168.25,171.4 2 0
github.com/GoMudEngine/GoMud/internal/usercommands/look.go:173.3,173.40 1 0
github.com/GoMudEngine/GoMud/internal/usercommands/look.go:173.40,174.23 1 0
github.com/GoMudEngine/GoMud/internal/usercommands/look.go:174.23,176.13 2 0
github.com/GoMudEngine/GoMud/internal/usercommands/look.go:179.4,180.117 2 0
github.com/GoMudEngine/GoMud/internal/usercommands/look.go:183.3,183.33 1 0
github.com/GoMudEngine/GoMud/internal/usercommands/look.go:183.33,188.59 3 0
github.com/GoMudEngine/GoMud/internal/usercommands/look.go:188.59,192.44 2 0
github.com/GoMudEngine/GoMud/internal/usercommands/look.go:192.44,194.6 1 0
github.com/GoMudEngine/GoMud/internal/usercommands/look.go:196.5,201.53 4 0
github.com/GoMudEngine/GoMud/internal/usercommands/look.go:201.53,205.37 4 0
github.com/GoMudEngine/GoMud/internal/usercommands/look.go:205.37,207.7 1 0
github.com/GoMudEngine/GoMud/internal/usercommands/look.go:207.12,207.35 1 0
github.com/GoMudEngine/GoMud/internal/usercommands/look.go:207.35,209.7 1 0
github.com/GoMudEngine/GoMud/internal/usercommands/look.go:210.6,210.164 1 0
github.com/GoMudEngine/GoMud/internal/usercommands/look.go:217.3,228.19 6 0
github.com/GoMudEngine/GoMud/internal/usercommands/look.go:234.2,236.20 2 1
github.com/GoMudEngine/GoMud/internal/usercommands/look.go:236.20,238.67 1 1
github.com/GoMudEngine/GoMud/internal/usercommands/look.go:238.67,240.22 2 0
github.com/GoMudEngine/GoMud/internal/usercommands/look.go:240.22,242.5 1 0
github.com/GoMudEngine/GoMud/internal/usercommands/look.go:246.2,246.20 1 1
github.com/GoMudEngine/GoMud/internal/usercommands/look.go:246.20,248.21 1 1
github.com/GoMudEngine/GoMud/internal/usercommands/look.go:248.21,250.63 1 0
github.com/GoMudEngine/GoMud/internal/usercommands/look.go:250.63,252.23 2 0
github.com/GoMudEngine/GoMud/internal/usercommands/look.go:252.23,255.6 2 0
github.com/GoMudEngine/GoMud/internal/usercommands/look.go:260.3,261.31 2 1
github.com/GoMudEngine/GoMud/internal/usercommands/look.go:261.31,264.4 2 0
github.com/GoMudEngine/GoMud/internal/usercommands/look.go:266.3,267.18 2 1
github.com/GoMudEngine/GoMud/internal/usercommands/look.go:267.18,269.4 1 1
github.com/GoMudEngine/GoMud/internal/usercommands/look.go:271.3,273.19 2 1
github.com/GoMudEngine/GoMud/internal/usercommands/look.go:280.2,282.16 3 1
github.com/GoMudEngine/GoMud/internal/usercommands/look.go:282.16,286.3 2 1
github.com/GoMudEngine/GoMud/internal/usercommands/look.go:288.2,288.15 1 1
github.com/GoMudEngine/GoMud/internal/usercommands/look.go:288.15,298.18 4 1
github.com/GoMudEngine/GoMud/internal/usercommands/look.go:298.18,303.4 1 1
github.com/GoMudEngine/GoMud/internal/usercommands/look.go:305.3,311.19 3 1
github.com/GoMudEngine/GoMud/internal/usercommands/look.go:317.2,318.24 2 1
github.com/GoMudEngine/GoMud/internal/usercommands/look.go:318.24,328.18 4 1
github.com/GoMudEngine/GoMud/internal/usercommands/look.go:328.18,331.81 2 1
github.com/GoMudEngine/GoMud/internal/usercommands/look.go:331.81,333.5 1 0
github.com/GoMudEngine/GoMud/internal/usercommands/look.go:335.4,335.42 1 1
github.com/GoMudEngine/GoMud/internal/usercommands/look.go:335.42,336.37 1 0
github.com/GoMudEngine/GoMud/internal/usercommands/look.go:336.37,338.6 1 0
github.com/GoMudEngine/GoMud/internal/usercommands/look.go:341.4,344.5 1 1
github.com/GoMudEngine/GoMud/internal/usercommands/look.go:347.3,351.19 3 1
github.com/GoMudEngine/GoMud/internal/usercommands/look.go:357.2,358.68 2 1
github.com/GoMudEngine/GoMud/internal/usercommands/look.go:358.68,360.3 1 0
github.com/GoMudEngine/GoMud/internal/usercommands/look.go:361.2,361.19 1 1
github.com/GoMudEngine/GoMud/internal/usercommands/look.go:361.19,362.62 1 0
github.com/GoMudEngine/GoMud/internal/usercommands/look.go:362.62,372.4 5 0
github.com/GoMudEngine/GoMud/internal/usercommands/look.go:375.2,375.27 1 1
github.com/GoMudEngine/GoMud/internal/usercommands/look.go:375.27,382.36 5 0
github.com/GoMudEngine/GoMud/internal/usercommands/look.go:382.36,383.18 1 0
github.com/GoMudEngine/GoMud/internal/usercommands/look.go:383.18,384.13 1 0
github.com/GoMudEngine/GoMud/internal/usercommands/look.go:387.4,387.19 1 0
github.com/GoMudEngine/GoMud/internal/usercommands/look.go:387.19,389.44 2 0
github.com/GoMudEngine/GoMud/internal/usercommands/look.go:389.44,392.6 2 0
github.com/GoMudEngine/GoMud/internal/usercommands/look.go:395.4,395.20 1 0
github.com/GoMudEngine/GoMud/internal/usercommands/look.go:395.20,397.47 2 0
github.com/GoMudEngine/GoMud/internal/usercommands/look.go:397.47,400.6 2 0
github.com/GoMudEngine/GoMud/internal/usercommands/look.go:404.3,404.64 1 0
github.com/GoMudEngine/GoMud/internal/usercommands/look.go:404.64,407.25 2 0
github.com/GoMudEngine/GoMud/internal/usercommands/look.go:407.25,409.5 1 0
github.com/GoMudEngine/GoMud/internal/usercommands/look.go:411.4,417.20 5 0
github.com/GoMudEngine/GoMud/internal/usercommands/look.go:424.2,426.18 2 1
github.com/GoMudEngine/GoMud/internal/usercommands/look.go:430.68,434.17 2 1
github.com/GoMudEngine/GoMud/internal/usercommands/look.go:434.17,436.3 1 0
github.com/GoMudEngine/GoMud/internal/usercommands/look.go:439.2,439.25 1 1
github.com/GoMudEngine/GoMud/internal/usercommands/look.go:439.25,441.3 1 1
github.com/GoMudEngine/GoMud/internal/usercommands/look.go:443.2,443.17 1 1
github.com/GoMudEngine/GoMud/internal/usercommands/look.go:443.17,446.25 2 1
github.com/GoMudEngine/GoMud/internal/usercommands/look.go:446.25,451.4 1 0
github.com/GoMudEngine/GoMud/internal/usercommands/look.go:451.9,456.4 1 1
github.com/GoMudEngine/GoMud/internal/usercommands/look.go:459.2,462.22 3 1
github.com/GoMudEngine/GoMud/internal/usercommands/look.go:462.22,464.3 1 1
github.com/GoMudEngine/GoMud/internal/usercommands/look.go:466.2,466.23 1 1
github.com/GoMudEngine/GoMud/internal/usercommands/look.go:466.23,468.3 1 0
github.com/GoMudEngine/GoMud/internal/usercommands/look.go:470.2,470.36 1 1
github.com/GoMudEngine/GoMud/internal/usercommands/look.go:470.36,473.21 2 1
github.com/GoMudEngine/GoMud/internal/usercommands/look.go:473.21,479.4 2 0
github.com/GoMudEngine/GoMud/internal/usercommands/look.go:479.9,493.42 6 1
github.com/GoMudEngine/GoMud/internal/usercommands/look.go:493.42,495.5 1 1
github.com/GoMudEngine/GoMud/internal/usercommands/look.go:496.4,499.28 2 1
github.com/GoMudEngine/GoMud/internal/usercommands/look.go:499.28,503.5 3 1
github.com/GoMudEngine/GoMud/internal/usercommands/look.go:505.4,507.35 2 1
github.com/GoMudEngine/GoMud/internal/usercommands/look.go:507.35,508.40 1 1
github.com/GoMudEngine/GoMud/internal/usercommands/look.go:508.40,511.6 2 1
github.com/GoMudEngine/GoMud/internal/usercommands/look.go:514.4,514.51 1 1
github.com/GoMudEngine/GoMud/internal/usercommands/look.go:518.8,520.3 1 0
github.com/GoMudEngine/GoMud/internal/usercommands/look.go:522.2,530.36 7 1
github.com/GoMudEngine/GoMud/internal/usercommands/look.go:530.36,531.40 1 0
github.com/GoMudEngine/GoMud/internal/usercommands/look.go:531.40,535.4 3 0
github.com/GoMudEngine/GoMud/internal/usercommands/look.go:538.2,539.35 2 1
github.com/GoMudEngine/GoMud/internal/usercommands/look.go:539.35,543.3 3 0
github.com/GoMudEngine/GoMud/internal/usercommands/look.go:545.2,545.16 1 1
github.com/GoMudEngine/GoMud/internal/usercommands/look.go:545.16,547.3 1 0
github.com/GoMudEngine/GoMud/internal/usercommands/look.go:549.2,550.22 2 1
github.com/GoMudEngine/GoMud/internal/usercommands/look.go:550.22,552.3 1 1
github.com/GoMudEngine/GoMud/internal/usercommands/look.go:554.2,555.56 2 1
github.com/GoMudEngine/GoMud/internal/usercommands/look.go:555.56,559.26 2 0
github.com/GoMudEngine/GoMud/internal/usercommands/look.go:559.26,560.33 1 0
github.com/GoMudEngine/GoMud/internal/usercommands/look.go:560.33,562.5 1 0
github.com/GoMudEngine/GoMud/internal/usercommands/look.go:562.10,564.5 1 0
github.com/GoMudEngine/GoMud/internal/usercommands/look.go:567.3,567.47 1 0
github.com/GoMudEngine/GoMud/internal/usercommands/look.go:571.2,571.19 1 1
github.com/GoMudEngine/GoMud/internal/usercommands/look.go:571.19,573.3 1 0
github.com/GoMudEngine/GoMud/internal/usercommands/look.go:575.2,575.34 1 1
github.com/GoMudEngine/GoMud/internal/usercommands/look.go:575.34,576.22 1 1
github.com/GoMudEngine/GoMud/internal/usercommands/look.go:576.22,578.12 2 0
github.com/GoMudEngine/GoMud/internal/usercommands/look.go:580.3,580.56 1 1
github.com/GoMudEngine/GoMud/internal/usercommands/look.go:584.2,584.34 1 1
github.com/GoMudEngine/GoMud/internal/usercommands/look.go:584.34,585.22 1 0
github.com/GoMudEngine/GoMud/internal/usercommands/look.go:585.22,587.4 1 0
github.com/GoMudEngine/GoMud/internal/usercommands/look.go:588.3,588.36 1 0
github.com/GoMudEngine/GoMud/internal/usercommands/look.go:588.36,589.12 1 0
github.com/GoMudEngine/GoMud/internal/usercommands/look.go:591.3,592.42 2 0
github.com/GoMudEngine/GoMud/internal/usercommands/look.go:595.2,603.22 4 1
github.com/GoMudEngine/GoMud/internal/usercommands/look.go:603.22,605.3 1 1
github.com/GoMudEngine/GoMud/internal/usercommands/look.go:607.2,608.24 2 1
github.com/GoMudEngine/GoMud/internal/usercommands/macros.go:13.106,15.27 1 1
github.com/GoMudEngine/GoMud/internal/usercommands/macros.go:15.27,18.3 2 1
github.com/GoMudEngine/GoMud/internal/usercommands/macros.go:20.2,22.29 2 0
github.com/GoMudEngine/GoMud/internal/usercommands/macros.go:22.29,24.3 1 0
github.com/GoMudEngine/GoMud/internal/usercommands/macros.go:25.2,28.35 3 0
github.com/GoMudEngine/GoMud/internal/usercommands/macros.go:28.35,36.36 5 0
github.com/GoMudEngine/GoMud/internal/usercommands/macros.go:36.36,41.25 4 0
github.com/GoMudEngine/GoMud/internal/usercommands/macros.go:41.25,43.5 1 0
github.com/GoMudEngine/GoMud/internal/usercommands/macros.go:45.4,45.114 1 0
github.com/GoMudEngine/GoMud/internal/usercommands/macros.go:48.2,52.18 4 0
github.com/GoMudEngine/GoMud/internal/usercommands/motd.go:11.104,15.16 3 1
github.com/GoMudEngine/GoMud/internal/usercommands/motd.go:15.16,17.3 1 0
github.com/GoMudEngine/GoMud/internal/usercommands/motd.go:19.2,21.18 2 1
github.com/GoMudEngine/GoMud/internal/usercommands/mutation_blinding_flash.go:17.113,19.72 1 1
github.com/GoMudEngine/GoMud/internal/usercommands/mutation_blinding_flash.go:19.72,22.3 2 1
github.com/GoMudEngine/GoMud/internal/usercommands/mutation_blinding_flash.go:24.2,24.33 1 0
github.com/GoMudEngine/GoMud/internal/usercommands/mutation_blinding_flash.go:24.33,27.3 2 0
github.com/GoMudEngine/GoMud/internal/usercommands/mutation_blinding_flash.go:29.2,30.102 2 0
github.com/GoMudEngine/GoMud/internal/usercommands/mutation_blinding_flash.go:30.102,33.3 2 0
github.com/GoMudEngine/GoMud/internal/usercommands/mutation_blinding_flash.go:35.2,36.42 2 0
github.com/GoMudEngine/GoMud/internal/usercommands/mutation_blinding_flash.go:36.42,39.3 2 0
github.com/GoMudEngine/GoMud/internal/usercommands/mutation_blinding_flash.go:40.2,52.56 6 0
github.com/GoMudEngine/GoMud/internal/usercommands/mutation_blinding_flash.go:52.56,54.17 2 0
github.com/GoMudEngine/GoMud/internal/usercommands/mutation_blinding_flash.go:54.17,55.12 1 0
github.com/GoMudEngine/GoMud/internal/usercommands/mutation_blinding_flash.go:58.3,61.20 3 0
github.com/GoMudEngine/GoMud/internal/usercommands/mutation_blinding_flash.go:61.20,64.4 2 0
github.com/GoMudEngine/GoMud/internal/usercommands/mutation_blinding_flash.go:67.2,67.22 1 0
github.com/GoMudEngine/GoMud/internal/usercommands/mutation_blinding_flash.go:67.22,69.3 1 0
github.com/GoMudEngine/GoMud/internal/usercommands/mutation_blinding_flash.go:72.2,77.33 4 0
github.com/GoMudEngine/GoMud/internal/usercommands/mutation_blinding_flash.go:77.33,79.3 1 0
github.com/GoMudEngine/GoMud/internal/usercommands/mutation_blinding_flash.go:81.2,81.18 1 0
github.com/GoMudEngine/GoMud/internal/usercommands/mutation_blinding_spit.go:17.112,19.71 1 1
github.com/GoMudEngine/GoMud/internal/usercommands/mutation_blinding_spit.go:19.71,22.3 2 1
github.com/GoMudEngine/GoMud/internal/usercommands/mutation_blinding_spit.go:24.2,24.33 1 0
github.com/GoMudEngine/GoMud/internal/usercommands/mutation_blinding_spit.go:24.33,27.3 2 0
github.com/GoMudEngine/GoMud/internal/usercommands/mutation_blinding_spit.go:29.2,30.102 2 0
github.com/GoMudEngine/GoMud/internal/usercommands/mutation_blinding_spit.go:30.102,33.3 2 0
github.com/GoMudEngine/GoMud/internal/usercommands/mutation_blinding_spit.go:35.2,36.42 2 0
github.com/GoMudEngine/GoMud/internal/usercommands/mutation_blinding_spit.go:36.42,39.3 2 0
github.com/GoMudEngine/GoMud/internal/usercommands/mutation_blinding_spit.go:40.2,49.21 7 0
github.com/GoMudEngine/GoMud/internal/usercommands/mutation_blinding_spit.go:49.21,51.23 2 0
github.com/GoMudEngine/GoMud/internal/usercommands/mutation_blinding_spit.go:51.23,54.4 2 0
github.com/GoMudEngine/GoMud/internal/usercommands/mutation_blinding_spit.go:55.3,55.40 1 0
github.com/GoMudEngine/GoMud/internal/usercommands/mutation_blinding_spit.go:56.8,56.31 1 0
github.com/GoMudEngine/GoMud/internal/usercommands/mutation_blinding_spit.go:56.31,58.24 2 0
github.com/GoMudEngine/GoMud/internal/usercommands/mutation_blinding_spit.go:58.24,61.4 2 0
github.com/GoMudEngine/GoMud/internal/usercommands/mutation_blinding_spit.go:62.3,62.41 1 0
github.com/GoMudEngine/GoMud/internal/usercommands/mutation_blinding_spit.go:63.8,66.3 2 0
github.com/GoMudEngine/GoMud/internal/usercommands/mutation_blinding_spit.go:68.2,70.22 3 0
github.com/GoMudEngine/GoMud/internal/usercommands/mutation_blinding_spit.go:70.22,72.3 1 0
github.com/GoMudEngine/GoMud/internal/usercommands/mutation_blinding_spit.go:72.8,74.3 1 0
github.com/GoMudEngine/GoMud/internal/usercommands/mutation_blinding_spit.go:75.2,77.19 2 0
github.com/GoMudEngine/GoMud/internal/usercommands/mutation_blinding_spit.go:77.19,78.23 1 0
github.com/GoMudEngine/GoMud/internal/usercommands/mutation_blinding_spit.go:78.23,80.4 1 0
github.com/GoMudEngine/GoMud/internal/usercommands/mutation_blinding_spit.go:80.9,82.4 1 0
github.com/GoMudEngine/GoMud/internal/usercommands/mutation_blinding_spit.go:83.3,84.25 2 0
github.com/GoMudEngine/GoMud/internal/usercommands/mutation_blinding_spit.go:84.25,85.64 1 0
github.com/GoMudEngine/GoMud/internal/usercommands/mutation_blinding_spit.go:85.64,87.5 1 0
github.com/GoMudEngine/GoMud/internal/usercommands/mutation_blinding_spit.go:89.3,92.4 1 0
github.com/GoMudEngine/GoMud/internal/usercommands/mutation_blinding_spit.go:93.8,95.25 2 0
github.com/GoMudEngine/GoMud/internal/usercommands/mutation_blinding_spit.go:95.25,96.64 1 0
github.com/GoMudEngine/GoMud/internal/usercommands/mutation_blinding_spit.go:96.64,98.5 1 0
github.com/GoMudEngine/GoMud/internal/usercommands/mutation_blinding_spit.go:100.3,103.4 1 0
github.com/GoMudEngine/GoMud/internal/usercommands/mutation_blinding_spit.go:106.2,108.33 2 0
github.com/GoMudEngine/GoMud/internal/usercommands/mutation_blinding_spit.go:108.33,110.3 1 0
github.com/GoMudEngine/GoMud/internal/usercommands/mutation_blinding_spit.go:112.2,112.18 1 0
github.com/GoMudEngine/GoMud/internal/usercommands/mutation_healing_gel.go:16.110,18.69 1 1
github.com/GoMudEngine/GoMud/internal/usercommands/mutation_healing_gel.go:18.69,21.3 2 1
github.com/GoMudEngine/GoMud/internal/usercommands/mutation_healing_gel.go:23.2,24.102 2 0
github.com/GoMudEngine/GoMud/internal/usercommands/mutation_healing_gel.go:24.102,27.3 2 0
github.com/GoMudEngine/GoMud/internal/usercommands/mutation_healing_gel.go:29.2,30.42 2 0
github.com/GoMudEngine/GoMud/internal/usercommands/mutation_healing_gel.go:30.42,33.3 2 0
github.com/GoMudEngine/GoMud/internal/usercommands/mutation_healing_gel.go:34.2,38.20 3 0
github.com/GoMudEngine/GoMud/internal/usercommands/mutation_healing_gel.go:38.20,40.3 1 0
github.com/GoMudEngine/GoMud/internal/usercommands/mutation_healing_gel.go:42.2,58.33 7 0
github.com/GoMudEngine/GoMud/internal/usercommands/mutation_healing_gel.go:58.33,60.3 1 0
github.com/GoMudEngine/GoMud/internal/usercommands/mutation_healing_gel.go:62.2,62.18 1 0
github.com/GoMudEngine/GoMud/internal/usercommands/mutation_pacifism_aura.go:16.112,18.71 1 1
github.com/GoMudEngine/GoMud/internal/usercommands/mutation_pacifism_aura.go:18.71,21.3 2 1
github.com/GoMudEngine/GoMud/internal/usercommands/mutation_pacifism_aura.go:23.2,24.102 2 0
github.com/GoMudEngine/GoMud/internal/usercommands/mutation_pacifism_aura.go:24.102,27.3 2 0
github.com/GoMudEngine/GoMud/internal/usercommands/mutation_pacifism_aura.go:29.2,30.42 2 0
github.com/GoMudEngine/GoMud/internal/usercommands/mutation_pacifism_aura.go:30.42,33.3 2 0
github.com/GoMudEngine/GoMud/internal/usercommands/mutation_pacifism_aura.go:34.2,38.56 3 0
github.com/GoMudEngine/GoMud/internal/usercommands/mutation_pacifism_aura.go:38.56,40.47 2 0
github.com/GoMudEngine/GoMud/internal/usercommands/mutation_pacifism_aura.go:40.47,41.12 1 0
github.com/GoMudEngine/GoMud/internal/usercommands/mutation_pacifism_aura.go:43.3,43.48 1 0
github.com/GoMudEngine/GoMud/internal/usercommands/mutation_pacifism_aura.go:43.48,46.4 2 0
github.com/GoMudEngine/GoMud/internal/usercommands/mutation_pacifism_aura.go:49.2,55.22 3 0
github.com/GoMudEngine/GoMud/internal/usercommands/mutation_pacifism_aura.go:55.22,57.3 1 0
github.com/GoMudEngine/GoMud/internal/usercommands/mutation_pacifism_aura.go:60.2,68.18 5 0
github.com/GoMudEngine/GoMud/internal/usercommands/mutation_sonic_shout.go:19.110,21.69 1 1
github.com/GoMudEngine/GoMud/internal/usercommands/mutation_sonic_shout.go:21.69,24.3 2 1
github.com/GoMudEngine/GoMud/internal/usercommands/mutation_sonic_shout.go:26.2,26.33 1 0
github.com/GoMudEngine/GoMud/internal/usercommands/mutation_sonic_shout.go:26.33,29.3 2 0
github.com/GoMudEngine/GoMud/internal/usercommands/mutation_sonic_shout.go:31.2,32.102 2 0
github.com/GoMudEngine/GoMud/internal/usercommands/mutation_sonic_shout.go:32.102,35.3 2 0
github.com/GoMudEngine/GoMud/internal/usercommands/mutation_sonic_shout.go:38.2,39.42 2 0
github.com/GoMudEngine/GoMud/internal/usercommands/mutation_sonic_shout.go:39.42,42.3 2 0
github.com/GoMudEngine/GoMud/internal/usercommands/mutation_sonic_shout.go:43.2,48.20 4 0
github.com/GoMudEngine/GoMud/internal/usercommands/mutation_sonic_shout.go:48.20,50.3 1 0
github.com/GoMudEngine/GoMud/internal/usercommands/mutation_sonic_shout.go:52.2,58.56 3 0
github.com/GoMudEngine/GoMud/internal/usercommands/mutation_sonic_shout.go:58.56,60.17 2 0
github.com/GoMudEngine/GoMud/internal/usercommands/mutation_sonic_shout.go:60.17,61.12 1 0
github.com/GoMudEngine/GoMud/internal/usercommands/mutation_sonic_shout.go:64.3,67.20 3 0
github.com/GoMudEngine/GoMud/internal/usercommands/mutation_sonic_shout.go:67.20,69.32 2 0
github.com/GoMudEngine/GoMud/internal/usercommands/mutation_sonic_shout.go:69.32,71.5 1 0
github.com/GoMudEngine/GoMud/internal/usercommands/mutation_sonic_shout.go:73.4,74.32 2 0
github.com/GoMudEngine/GoMud/internal/usercommands/mutation_sonic_shout.go:74.32,77.5 2 0
github.com/GoMudEngine/GoMud/internal/usercommands/mutation_sonic_shout.go:78.4,79.97 1 0
github.com/GoMudEngine/GoMud/internal/usercommands/mutation_sonic_shout.go:82.3,83.20 2 0
github.com/GoMudEngine/GoMud/internal/usercommands/mutation_sonic_shout.go:83.20,85.4 1 0
github.com/GoMudEngine/GoMud/internal/usercommands/mutation_sonic_shout.go:86.3,86.146 1 0
github.com/GoMudEngine/GoMud/internal/usercommands/mutation_sonic_shout.go:90.2,95.33 4 0
github.com/GoMudEngine/GoMud/internal/usercommands/mutation_sonic_shout.go:95.33,97.3 1 0
github.com/GoMudEngine/GoMud/internal/usercommands/mutation_sonic_shout.go:99.2,99.18 1 0
github.com/GoMudEngine/GoMud/internal/usercommands/mutation_toxic_bite.go:19.109,21.68 1 1
github.com/GoMudEngine/GoMud/internal/usercommands/mutation_toxic_bite.go:21.68,24.3 2 1
github.com/GoMudEngine/GoMud/internal/usercommands/mutation_toxic_bite.go:26.2,26.33 1 0
github.com/GoMudEngine/GoMud/internal/usercommands/mutation_toxic_bite.go:26.33,29.3 2 0
github.com/GoMudEngine/GoMud/internal/usercommands/mutation_toxic_bite.go:31.2,32.102 2 0
github.com/GoMudEngine/GoMud/internal/usercommands/mutation_toxic_bite.go:32.102,35.3 2 0
github.com/GoMudEngine/GoMud/internal/usercommands/mutation_toxic_bite.go:37.2,38.42 2 0
github.com/GoMudEngine/GoMud/internal/usercommands/mutation_toxic_bite.go:38.42,41.3 2 0
github.com/GoMudEngine/GoMud/internal/usercommands/mutation_toxic_bite.go:42.2,52.21 8 0
github.com/GoMudEngine/GoMud/internal/usercommands/mutation_toxic_bite.go:52.21,54.23 2 0
github.com/GoMudEngine/GoMud/internal/usercommands/mutation_toxic_bite.go:54.23,57.4 2 0
github.com/GoMudEngine/GoMud/internal/usercommands/mutation_toxic_bite.go:58.3,59.52 2 0
github.com/GoMudEngine/GoMud/internal/usercommands/mutation_toxic_bite.go:60.8,60.31 1 0
github.com/GoMudEngine/GoMud/internal/usercommands/mutation_toxic_bite.go:60.31,62.24 2 0
github.com/GoMudEngine/GoMud/internal/usercommands/mutation_toxic_bite.go:62.24,65.4 2 0
github.com/GoMudEngine/GoMud/internal/usercommands/mutation_toxic_bite.go:66.3,67.53 2 0
github.com/GoMudEngine/GoMud/internal/usercommands/mutation_toxic_bite.go:68.8,71.3 2 0
github.com/GoMudEngine/GoMud/internal/usercommands/mutation_toxic_bite.go:73.2,75.22 3 0
github.com/GoMudEngine/GoMud/internal/usercommands/mutation_toxic_bite.go:75.22,77.3 1 0
github.com/GoMudEngine/GoMud/internal/usercommands/mutation_toxic_bite.go:77.8,79.3 1 0
github.com/GoMudEngine/GoMud/internal/usercommands/mutation_toxic_bite.go:80.2,84.20 3 0
github.com/GoMudEngine/GoMud/internal/usercommands/mutation_toxic_bite.go:84.20,86.3 1 0
github.com/GoMudEngine/GoMud/internal/usercommands/mutation_toxic_bite.go:88.2,88.19 1 0
github.com/GoMudEngine/GoMud/internal/usercommands/mutation_toxic_bite.go:88.19,89.23 1 0
github.com/GoMudEngine/GoMud/internal/usercommands/mutation_toxic_bite.go:89.23,91.38 2 0
github.com/GoMudEngine/GoMud/internal/usercommands/mutation_toxic_bite.go:91.38,93.5 1 0
github.com/GoMudEngine/GoMud/internal/usercommands/mutation_toxic_bite.go:94.9,96.39 2 0
github.com/GoMudEngine/GoMud/internal/usercommands/mutation_toxic_bite.go:96.39,98.5 1 0
github.com/GoMudEngine/GoMud/internal/usercommands/mutation_toxic_bite.go:101.3,102.20 2 0
github.com/GoMudEngine/GoMud/internal/usercommands/mutation_toxic_bite.go:102.20,104.4 1 0
github.com/GoMudEngine/GoMud/internal/usercommands/mutation_toxic_bite.go:105.3,105.23 1 0
github.com/GoMudEngine/GoMud/internal/usercommands/mutation_toxic_bite.go:105.23,107.4 1 0
github.com/GoMudEngine/GoMud/internal/usercommands/mutation_toxic_bite.go:107.9,109.4 1 0
github.com/GoMudEngine/GoMud/internal/usercommands/mutation_toxic_bite.go:111.3,113.25 2 0
github.com/GoMudEngine/GoMud/internal/usercommands/mutation_toxic_bite.go:113.25,114.64 1 0
github.com/GoMudEngine/GoMud/internal/usercommands/mutation_toxic_bite.go:114.64,117.5 1 0
github.com/GoMudEngine/GoMud/internal/usercommands/mutation_toxic_bite.go:119.3,122.4 1 0
github.com/GoMudEngine/GoMud/internal/usercommands/mutation_toxic_bite.go:123.8,126.21 2 0
github.com/GoMudEngine/GoMud/internal/usercommands/mutation_toxic_bite.go:126.21,128.4 1 0
github.com/GoMudEngine/GoMud/internal/usercommands/mutation_toxic_bite.go:129.3,130.32 2 0
github.com/GoMudEngine/GoMud/internal/usercommands/mutation_toxic_bite.go:130.32,132.4 1 0
github.com/GoMudEngine/GoMud/internal/usercommands/mutation_toxic_bite.go:133.3,135.25 2 0
github.com/GoMudEngine/GoMud/internal/usercommands/mutation_toxic_bite.go:135.25,136.64 1 0
github.com/GoMudEngine/GoMud/internal/usercommands/mutation_toxic_bite.go:136.64,138.5 1 0
github.com/GoMudEngine/GoMud/internal/usercommands/mutation_toxic_bite.go:140.3,143.4 1 0
github.com/GoMudEngine/GoMud/internal/usercommands/mutation_toxic_bite.go:147.2,149.22 3 0
github.com/GoMudEngine/GoMud/internal/usercommands/mutation_toxic_bite.go:149.22,151.3 1 0
github.com/GoMudEngine/GoMud/internal/usercommands/mutation_toxic_bite.go:151.8,154.3 2 0
github.com/GoMudEngine/GoMud/internal/usercommands/mutation_toxic_bite.go:155.2,156.19 2 0
github.com/GoMudEngine/GoMud/internal/usercommands/mutation_toxic_bite.go:156.19,158.3 1 0
github.com/GoMudEngine/GoMud/internal/usercommands/mutation_toxic_bite.go:159.2,163.33 3 0
github.com/GoMudEngine/GoMud/internal/usercommands/mutation_toxic_bite.go:163.33,165.3 1 0
github.com/GoMudEngine/GoMud/internal/usercommands/mutation_toxic_bite.go:167.2,167.18 1 0
github.com/GoMudEngine/GoMud/internal/usercommands/mutations.go:13.109,15.40 1 1
github.com/GoMudEngine/GoMud/internal/usercommands/mutations.go:15.40,18.3 2 1
github.com/GoMudEngine/GoMud/internal/usercommands/mutations.go:20.2,24.53 4 0
github.com/GoMudEngine/GoMud/internal/usercommands/mutations.go:24.53,26.18 2 0
github.com/GoMudEngine/GoMud/internal/usercommands/mutations.go:26.18,28.12 2 0
github.com/GoMudEngine/GoMud/internal/usercommands/mutations.go:30.3,31.81 2 0
github.com/GoMudEngine/GoMud/internal/usercommands/mutations.go:34.2,35.18 2 0
github.com/GoMudEngine/GoMud/internal/usercommands/noop.go:10.104,12.2 1 1
github.com/GoMudEngine/GoMud/internal/usercommands/offer.go:13.105,16.12 2 1
github.com/GoMudEngine/GoMud/internal/usercommands/offer.go:16.12,19.3 2 1
github.com/GoMudEngine/GoMud/internal/usercommands/offer.go:21.2,22.25 2 1
github.com/GoMudEngine/GoMud/internal/usercommands/offer.go:22.25,24.3 1 0
github.com/GoMudEngine/GoMud/internal/usercommands/offer.go:26.2,26.57 1 1
github.com/GoMudEngine/GoMud/internal/usercommands/offer.go:26.57,29.17 2 0
github.com/GoMudEngine/GoMud/internal/usercommands/offer.go:29.17,30.12 1 0
github.com/GoMudEngine/GoMud/internal/usercommands/offer.go:33.3,35.23 2 0
github.com/GoMudEngine/GoMud/internal/usercommands/offer.go:35.23,39.12 2 0
github.com/GoMudEngine/GoMud/internal/usercommands/offer.go:42.3,44.21 2 0
github.com/GoMudEngine/GoMud/internal/usercommands/offer.go:44.21,48.12 2 0
github.com/GoMudEngine/GoMud/internal/usercommands/offer.go:51.3,53.8 2 0
github.com/GoMudEngine/GoMud/internal/usercommands/offer.go:56.2,56.18 1 1
github.com/GoMudEngine/GoMud/internal/usercommands/online.go:14.106,25.13 3 1
github.com/GoMudEngine/GoMud/internal/usercommands/online.go:25.13,28.3 2 0
github.com/GoMudEngine/GoMud/internal/usercommands/online.go:30.2,37.47 6 1
github.com/GoMudEngine/GoMud/internal/usercommands/online.go:37.47,41.15 2 1
github.com/GoMudEngine/GoMud/internal/usercommands/online.go:41.15,46.23 3 1
github.com/GoMudEngine/GoMud/internal/usercommands/online.go:46.23,48.5 1 0
github.com/GoMudEngine/GoMud/internal/usercommands/online.go:48.10,50.5 1 1
github.com/GoMudEngine/GoMud/internal/usercommands/online.go:52.4,53.24 2 1
github.com/GoMudEngine/GoMud/internal/usercommands/online.go:53.24,55.5 1 0
github.com/GoMudEngine/GoMud/internal/usercommands/online.go:57.4,58.41 2 1
github.com/GoMudEngine/GoMud/internal/usercommands/online.go:58.41,59.43 1 0
github.com/GoMudEngine/GoMud/internal/usercommands/online.go:59.43,61.6 1 0
github.com/GoMudEngine/GoMud/internal/usercommands/online.go:61.11,63.6 1 0
github.com/GoMudEngine/GoMud/internal/usercommands/online.go:67.4,68.34 2 1
github.com/GoMudEngine/GoMud/internal/usercommands/online.go:68.34,70.5 1 0
github.com/GoMudEngine/GoMud/internal/usercommands/online.go:72.4,86.15 3 1
github.com/GoMudEngine/GoMud/internal/usercommands/online.go:86.15,92.5 4 0
github.com/GoMudEngine/GoMud/internal/usercommands/online.go:94.4,96.28 2 1
github.com/GoMudEngine/GoMud/internal/usercommands/online.go:100.2,101.17 2 1
github.com/GoMudEngine/GoMud/internal/usercommands/online.go:101.17,103.3 1 0
github.com/GoMudEngine/GoMud/internal/usercommands/online.go:105.2,105.25 1 1
github.com/GoMudEngine/GoMud/internal/usercommands/online.go:105.25,107.3 1 0
github.com/GoMudEngine/GoMud/internal/usercommands/online.go:109.2,113.18 4 1
github.com/GoMudEngine/GoMud/internal/usercommands/party.go:17.105,22.19 3 1
github.com/GoMudEngine/GoMud/internal/usercommands/party.go:22.19,26.3 3 1
github.com/GoMudEngine/GoMud/internal/usercommands/party.go:28.2,30.82 2 1
github.com/GoMudEngine/GoMud/internal/usercommands/party.go:30.82,32.3 1 1
github.com/GoMudEngine/GoMud/internal/usercommands/party.go:34.2,34.30 1 1
github.com/GoMudEngine/GoMud/internal/usercommands/party.go:34.30,36.3 1 1
github.com/GoMudEngine/GoMud/internal/usercommands/party.go:42.2,42.25 1 1
github.com/GoMudEngine/GoMud/internal/usercommands/party.go:42.25,45.3 2 1
github.com/GoMudEngine/GoMud/internal/usercommands/party.go:47.2,47.56 1 1
github.com/GoMudEngine/GoMud/internal/usercommands/party.go:47.56,49.3 1 1
github.com/GoMudEngine/GoMud/internal/usercommands/party.go:51.2,51.31 1 1
github.com/GoMudEngine/GoMud/internal/usercommands/party.go:51.31,53.3 1 1
github.com/GoMudEngine/GoMud/internal/usercommands/party.go:55.2,55.28 1 1
github.com/GoMudEngine/GoMud/internal/usercommands/party.go:55.28,57.3 1 1
github.com/GoMudEngine/GoMud/internal/usercommands/party.go:59.2,59.39 1 1
github.com/GoMudEngine/GoMud/internal/usercommands/party.go:59.39,62.3 2 0
github.com/GoMudEngine/GoMud/internal/usercommands/party.go:67.2,67.34 1 1
github.com/GoMudEngine/GoMud/internal/usercommands/party.go:67.34,69.3 1 1
github.com/GoMudEngine/GoMud/internal/usercommands/party.go:71.2,71.55 1 1
github.com/GoMudEngine/GoMud/internal/usercommands/party.go:71.55,73.3 1 1
github.com/GoMudEngine/GoMud/internal/usercommands/party.go:75.2,75.57 1 1
github.com/GoMudEngine/GoMud/internal/usercommands/party.go:75.57,77.3 1 0
github.com/GoMudEngine/GoMud/internal/usercommands/party.go:79.2,79.28 1 1
github.com/GoMudEngine/GoMud/internal/usercommands/party.go:79.28,81.3 1 1
github.com/GoMudEngine/GoMud/internal/usercommands/party.go:83.2,83.31 1 1
github.com/GoMudEngine/GoMud/internal/usercommands/party.go:83.31,85.3 1 1
github.com/GoMudEngine/GoMud/internal/usercommands/party.go:87.2,87.53 1 1
github.com/GoMudEngine/GoMud/internal/usercommands/party.go:87.53,89.3 1 1
github.com/GoMudEngine/GoMud/internal/usercommands/party.go:91.2,91.18 1 1
github.com/GoMudEngine/GoMud/internal/usercommands/party.go:94.62,99.2 1 1
github.com/GoMudEngine/GoMud/internal/usercommands/party.go:101.83,104.41 3 1
github.com/GoMudEngine/GoMud/internal/usercommands/party.go:104.41,106.15 2 1
github.com/GoMudEngine/GoMud/internal/usercommands/party.go:106.15,107.12 1 0
github.com/GoMudEngine/GoMud/internal/usercommands/party.go:109.3,110.36 2 1
github.com/GoMudEngine/GoMud/internal/usercommands/party.go:113.2,114.21 2 1
github.com/GoMudEngine/GoMud/internal/usercommands/party.go:114.21,116.3 1 1
github.com/GoMudEngine/GoMud/internal/usercommands/party.go:118.2,118.21 1 1
github.com/GoMudEngine/GoMud/internal/usercommands/party.go:118.21,120.3 1 1
github.com/GoMudEngine/GoMud/internal/usercommands/party.go:122.2,122.46 1 0
github.com/GoMudEngine/GoMud/internal/usercommands/party.go:125.88,127.25 1 1
github.com/GoMudEngine/GoMud/internal/usercommands/party.go:127.25,128.40 1 1
github.com/GoMudEngine/GoMud/internal/usercommands/party.go:128.40,130.4 1 0
github.com/GoMudEngine/GoMud/internal/usercommands/party.go:130.9,130.48 1 1
github.com/GoMudEngine/GoMud/internal/usercommands/party.go:130.48,132.4 1 1
github.com/GoMudEngine/GoMud/internal/usercommands/party.go:132.9,134.4 1 0
github.com/GoMudEngine/GoMud/internal/usercommands/party.go:135.3,135.19 1 1
github.com/GoMudEngine/GoMud/internal/usercommands/party.go:138.2,138.66 1 1
github.com/GoMudEngine/GoMud/internal/usercommands/party.go:138.66,144.3 3 1
github.com/GoMudEngine/GoMud/internal/usercommands/party.go:144.8,146.3 1 0
github.com/GoMudEngine/GoMud/internal/usercommands/party.go:148.2,148.18 1 1
github.com/GoMudEngine/GoMud/internal/usercommands/party.go:151.119,152.16 1 1
github.com/GoMudEngine/GoMud/internal/usercommands/party.go:152.16,155.3 2 1
github.com/GoMudEngine/GoMud/internal/usercommands/party.go:158.2,158.25 1 1
github.com/GoMudEngine/GoMud/internal/usercommands/party.go:158.25,160.3 1 1
github.com/GoMudEngine/GoMud/internal/usercommands/party.go:162.2,162.41 1 1
github.com/GoMudEngine/GoMud/internal/usercommands/party.go:162.41,165.3 2 0
github.com/GoMudEngine/GoMud/internal/usercommands/party.go:167.2,169.43 2 1
github.com/GoMudEngine/GoMud/internal/usercommands/party.go:169.43,172.3 2 1
github.com/GoMudEngine/GoMud/internal/usercommands/party.go:174.2,174.70 1 1
github.com/GoMudEngine/GoMud/internal/usercommands/party.go:174.70,177.3 2 0
github.com/GoMudEngine/GoMud/internal/usercommands/party.go:179.2,181.69 2 1
github.com/GoMudEngine/GoMud/internal/usercommands/party.go:181.69,184.3 2 1
github.com/GoMudEngine/GoMud/internal/usercommands/party.go:184.8,186.3 1 0
github.com/GoMudEngine/GoMud/internal/usercommands/party.go:188.2,190.18 2 1
github.com/GoMudEngine/GoMud/internal/usercommands/party.go:193.88,194.44 1 1
github.com/GoMudEngine/GoMud/internal/usercommands/party.go:194.44,198.44 3 0
github.com/GoMudEngine/GoMud/internal/usercommands/party.go:198.44,199.26 1 0
github.com/GoMudEngine/GoMud/internal/usercommands/party.go:199.26,200.13 1 0
github.com/GoMudEngine/GoMud/internal/usercommands/party.go:202.4,202.45 1 0
github.com/GoMudEngine/GoMud/internal/usercommands/party.go:202.45,204.5 1 0
github.com/GoMudEngine/GoMud/internal/usercommands/party.go:207.3,207.45 1 0
github.com/GoMudEngine/GoMud/internal/usercommands/party.go:209.8,211.3 1 1
github.com/GoMudEngine/GoMud/internal/usercommands/party.go:212.2,212.18 1 1
github.com/GoMudEngine/GoMud/internal/usercommands/party.go:215.89,218.45 2 1
github.com/GoMudEngine/GoMud/internal/usercommands/party.go:218.45,220.66 1 0
github.com/GoMudEngine/GoMud/internal/usercommands/party.go:220.66,222.4 1 0
github.com/GoMudEngine/GoMud/internal/usercommands/party.go:223.3,223.47 1 0
github.com/GoMudEngine/GoMud/internal/usercommands/party.go:225.8,227.3 1 1
github.com/GoMudEngine/GoMud/internal/usercommands/party.go:228.2,228.18 1 1
github.com/GoMudEngine/GoMud/internal/usercommands/party.go:231.72,237.25 4 1
github.com/GoMudEngine/GoMud/internal/usercommands/party.go:237.25,243.44 4 1
github.com/GoMudEngine/GoMud/internal/usercommands/party.go:243.44,245.23 2 1
github.com/GoMudEngine/GoMud/internal/usercommands/party.go:245.23,247.5 1 1
github.com/GoMudEngine/GoMud/internal/usercommands/party.go:249.4,257.17 8 1
github.com/GoMudEngine/GoMud/internal/usercommands/party.go:257.17,262.5 4 0
github.com/GoMudEngine/GoMud/internal/usercommands/party.go:264.4,280.87 4 1
github.com/GoMudEngine/GoMud/internal/usercommands/party.go:283.3,283.55 1 1
github.com/GoMudEngine/GoMud/internal/usercommands/party.go:283.55,302.4 6 0
github.com/GoMudEngine/GoMud/internal/usercommands/party.go:304.3,304.50 1 1
github.com/GoMudEngine/GoMud/internal/usercommands/party.go:304.50,322.4 4 1
github.com/GoMudEngine/GoMud/internal/usercommands/party.go:324.3,328.16 4 1
github.com/GoMudEngine/GoMud/internal/usercommands/party.go:328.16,330.4 1 0
github.com/GoMudEngine/GoMud/internal/usercommands/party.go:334.91,338.18 2 1
github.com/GoMudEngine/GoMud/internal/usercommands/party.go:338.18,340.12 2 1
github.com/GoMudEngine/GoMud/internal/usercommands/party.go:340.12,342.4 1 1
github.com/GoMudEngine/GoMud/internal/usercommands/party.go:342.9,344.4 1 0
github.com/GoMudEngine/GoMud/internal/usercommands/party.go:345.8,345.26 1 0
github.com/GoMudEngine/GoMud/internal/usercommands/party.go:345.26,347.12 2 0
github.com/GoMudEngine/GoMud/internal/usercommands/party.go:347.12,349.4 1 0
github.com/GoMudEngine/GoMud/internal/usercommands/party.go:349.9,351.4 1 0
github.com/GoMudEngine/GoMud/internal/usercommands/party.go:352.8,355.3 2 0
github.com/GoMudEngine/GoMud/internal/usercommands/party.go:357.2,357.46 1 1
github.com/GoMudEngine/GoMud/internal/usercommands/party.go:360.87,361.40 1 1
github.com/GoMudEngine/GoMud/internal/usercommands/party.go:361.40,363.37 1 1
github.com/GoMudEngine/GoMud/internal/usercommands/party.go:363.37,372.4 5 1
github.com/GoMudEngine/GoMud/internal/usercommands/party.go:374.3,377.44 2 0
github.com/GoMudEngine/GoMud/internal/usercommands/party.go:377.44,378.26 1 0
github.com/GoMudEngine/GoMud/internal/usercommands/party.go:378.26,379.13 1 0
github.com/GoMudEngine/GoMud/internal/usercommands/party.go:382.4,384.28 2 0
github.com/GoMudEngine/GoMud/internal/usercommands/party.go:384.28,385.13 1 0
github.com/GoMudEngine/GoMud/internal/usercommands/party.go:388.4,390.9 2 0
github.com/GoMudEngine/GoMud/internal/usercommands/party.go:393.3,393.36 1 0
github.com/GoMudEngine/GoMud/internal/usercommands/party.go:393.36,395.45 2 0
github.com/GoMudEngine/GoMud/internal/usercommands/party.go:395.45,396.46 1 0
github.com/GoMudEngine/GoMud/internal/usercommands/party.go:396.46,397.42 1 0
github.com/GoMudEngine/GoMud/internal/usercommands/party.go:397.42,400.7 2 0
github.com/GoMudEngine/GoMud/internal/usercommands/party.go:400.12,402.7 1 0
github.com/GoMudEngine/GoMud/internal/usercommands/party.go:406.4,406.49 1 0
github.com/GoMudEngine/GoMud/internal/usercommands/party.go:409.3,413.19 4 0
github.com/GoMudEngine/GoMud/internal/usercommands/party.go:416.2,422.43 5 0
github.com/GoMudEngine/GoMud/internal/usercommands/party.go:422.43,423.25 1 0
github.com/GoMudEngine/GoMud/internal/usercommands/party.go:423.25,424.12 1 0
github.com/GoMudEngine/GoMud/internal/usercommands/party.go:426.3,426.44 1 0
github.com/GoMudEngine/GoMud/internal/usercommands/party.go:426.44,428.4 1 0
github.com/GoMudEngine/GoMud/internal/usercommands/party.go:431.2,431.18 1 0
github.com/GoMudEngine/GoMud/internal/usercommands/party.go:434.89,435.41 1 0
github.com/GoMudEngine/GoMud/internal/usercommands/party.go:435.41,438.3 2 0
github.com/GoMudEngine/GoMud/internal/usercommands/party.go:440.2,440.43 1 0
github.com/GoMudEngine/GoMud/internal/usercommands/party.go:440.43,441.25 1 0
github.com/GoMudEngine/GoMud/internal/usercommands/party.go:441.25,442.12 1 0
github.com/GoMudEngine/GoMud/internal/usercommands/party.go:444.3,444.44 1 0
github.com/GoMudEngine/GoMud/internal/usercommands/party.go:444.44,446.4 1 0
github.com/GoMudEngine/GoMud/internal/usercommands/party.go:448.2,448.49 1 0
github.com/GoMudEngine/GoMud/internal/usercommands/party.go:448.49,449.44 1 0
github.com/GoMudEngine/GoMud/internal/usercommands/party.go:449.44,451.4 1 0
github.com/GoMudEngine/GoMud/internal/usercommands/party.go:454.2,460.18 5 0
github.com/GoMudEngine/GoMud/internal/usercommands/party.go:463.85,464.41 1 1
github.com/GoMudEngine/GoMud/internal/usercommands/party.go:464.41,467.3 2 0
github.com/GoMudEngine/GoMud/internal/usercommands/party.go:469.2,470.12 2 1
github.com/GoMudEngine/GoMud/internal/usercommands/party.go:470.12,473.3 2 1
github.com/GoMudEngine/GoMud/internal/usercommands/party.go:475.2,479.50 3 0
github.com/GoMudEngine/GoMud/internal/usercommands/party.go:479.50,481.3 1 0
github.com/GoMudEngine/GoMud/internal/usercommands/party.go:483.2,483.43 1 0
github.com/GoMudEngine/GoMud/internal/usercommands/party.go:483.43,484.44 1 0
github.com/GoMudEngine/GoMud/internal/usercommands/party.go:484.44,486.4 1 0
github.com/GoMudEngine/GoMud/internal/usercommands/party.go:490.88,491.41 1 1
github.com/GoMudEngine/GoMud/internal/usercommands/party.go:491.41,494.3 2 0
github.com/GoMudEngine/GoMud/internal/usercommands/party.go:496.2,497.12 2 1
github.com/GoMudEngine/GoMud/internal/usercommands/party.go:497.12,500.3 2 1
github.com/GoMudEngine/GoMud/internal/usercommands/party.go:502.2,506.53 3 0
github.com/GoMudEngine/GoMud/internal/usercommands/party.go:506.53,509.3 2 0
github.com/GoMudEngine/GoMud/internal/usercommands/party.go:511.2,511.43 1 0
github.com/GoMudEngine/GoMud/internal/usercommands/party.go:511.43,512.27 1 0
github.com/GoMudEngine/GoMud/internal/usercommands/party.go:512.27,513.45 1 0
github.com/GoMudEngine/GoMud/internal/usercommands/party.go:513.45,515.5 1 0
github.com/GoMudEngine/GoMud/internal/usercommands/party.go:520.85,521.20 1 1
github.com/GoMudEngine/GoMud/internal/usercommands/party.go:521.20,524.3 2 0
github.com/GoMudEngine/GoMud/internal/usercommands/party.go:526.2,528.48 2 1
github.com/GoMudEngine/GoMud/internal/usercommands/party.go:528.48,529.25 1 1
github.com/GoMudEngine/GoMud/internal/usercommands/party.go:529.25,530.12 1 1
github.com/GoMudEngine/GoMud/internal/usercommands/party.go:532.3,532.44 1 0
github.com/GoMudEngine/GoMud/internal/usercommands/party.go:532.44,534.4 1 0
github.com/GoMudEngine/GoMud/internal/usercommands/party.go:537.2,544.4 2 1
github.com/GoMudEngine/GoMud/internal/usercommands/password.go:9.108,15.20 3 1
github.com/GoMudEngine/GoMud/internal/usercommands/password.go:15.20,17.3 1 1
github.com/GoMudEngine/GoMud/internal/usercommands/password.go:19.2,19.46 1 0
github.com/GoMudEngine/GoMud/internal/usercommands/password.go:19.46,23.3 3 0
github.com/GoMudEngine/GoMud/internal/usercommands/password.go:25.2,26.20 2 0
github.com/GoMudEngine/GoMud/internal/usercommands/password.go:26.20,28.3 1 0
github.com/GoMudEngine/GoMud/internal/usercommands/password.go:30.2,33.20 3 0
github.com/GoMudEngine/GoMud/internal/usercommands/password.go:33.20,35.3 1 0
github.com/GoMudEngine/GoMud/internal/usercommands/password.go:37.2,39.27 2 0
github.com/GoMudEngine/GoMud/internal/usercommands/password.go:39.27,43.3 3 0
github.com/GoMudEngine/GoMud/internal/usercommands/password.go:45.2,45.48 1 0
github.com/GoMudEngine/GoMud/internal/usercommands/password.go:45.48,49.3 3 0
github.com/GoMudEngine/GoMud/internal/usercommands/password.go:51.2,55.18 3 0
github.com/GoMudEngine/GoMud/internal/usercommands/pet.go:15.103,19.20 2 1
github.com/GoMudEngine/GoMud/internal/usercommands/pet.go:19.20,22.3 2 1
github.com/GoMudEngine/GoMud/internal/usercommands/pet.go:24.2,24.23 1 0
github.com/GoMudEngine/GoMud/internal/usercommands/pet.go:24.23,26.35 1 0
github.com/GoMudEngine/GoMud/internal/usercommands/pet.go:26.35,29.4 2 0
github.com/GoMudEngine/GoMud/internal/usercommands/pet.go:31.3,31.90 1 0
github.com/GoMudEngine/GoMud/internal/usercommands/pet.go:31.90,34.4 2 0
github.com/GoMudEngine/GoMud/internal/usercommands/pet.go:36.3,38.53 2 0
github.com/GoMudEngine/GoMud/internal/usercommands/pet.go:38.53,41.4 2 0
github.com/GoMudEngine/GoMud/internal/usercommands/pet.go:43.3,43.73 1 0
github.com/GoMudEngine/GoMud/internal/usercommands/pet.go:43.73,46.4 2 0
github.com/GoMudEngine/GoMud/internal/usercommands/pet.go:48.3,48.46 1 0
github.com/GoMudEngine/GoMud/internal/usercommands/pet.go:48.46,49.40 1 0
github.com/GoMudEngine/GoMud/internal/usercommands/pet.go:49.40,52.5 2 0
github.com/GoMudEngine/GoMud/internal/usercommands/pet.go:55.3,55.76 1 0
github.com/GoMudEngine/GoMud/internal/usercommands/pet.go:55.76,58.4 2 0
github.com/GoMudEngine/GoMud/internal/usercommands/pet.go:60.3,68.19 5 0
github.com/GoMudEngine/GoMud/internal/usercommands/pet.go:71.2,72.68 2 0
github.com/GoMudEngine/GoMud/internal/usercommands/pet.go:72.68,74.3 1 0
github.com/GoMudEngine/GoMud/internal/usercommands/pet.go:75.2,75.20 1 0
github.com/GoMudEngine/GoMud/internal/usercommands/pet.go:75.20,78.3 2 0
github.com/GoMudEngine/GoMud/internal/usercommands/pet.go:80.2,81.20 2 0
github.com/GoMudEngine/GoMud/internal/usercommands/pet.go:81.20,84.3 2 0
github.com/GoMudEngine/GoMud/internal/usercommands/pet.go:86.2,92.15 4 0
github.com/GoMudEngine/GoMud/internal/usercommands/pet.go:92.15,94.3 1 0
github.com/GoMudEngine/GoMud/internal/usercommands/pet.go:94.8,94.22 1 0
github.com/GoMudEngine/GoMud/internal/usercommands/pet.go:94.22,96.3 1 0
github.com/GoMudEngine/GoMud/internal/usercommands/pet.go:98.2,98.18 1 0
github.com/GoMudEngine/GoMud/internal/usercommands/picklock.go:17.108,20.59 2 1
github.com/GoMudEngine/GoMud/internal/usercommands/picklock.go:20.59,21.44 1 0
github.com/GoMudEngine/GoMud/internal/usercommands/picklock.go:21.44,23.9 2 0
github.com/GoMudEngine/GoMud/internal/usercommands/picklock.go:27.2,27.28 1 1
github.com/GoMudEngine/GoMud/internal/usercommands/picklock.go:27.28,30.3 2 1
github.com/GoMudEngine/GoMud/internal/usercommands/picklock.go:32.2,34.19 2 0
github.com/GoMudEngine/GoMud/internal/usercommands/picklock.go:34.19,37.3 2 0
github.com/GoMudEngine/GoMud/internal/usercommands/picklock.go:39.2,46.25 6 0
github.com/GoMudEngine/GoMud/internal/usercommands/picklock.go:46.25,50.27 2 0
github.com/GoMudEngine/GoMud/internal/usercommands/picklock.go:50.27,53.4 2 0
github.com/GoMudEngine/GoMud/internal/usercommands/picklock.go:55.3,55.33 1 0
github.com/GoMudEngine/GoMud/internal/usercommands/picklock.go:55.33,58.4 2 0
github.com/GoMudEngine/GoMud/internal/usercommands/picklock.go:60.3,63.60 4 0
github.com/GoMudEngine/GoMud/internal/usercommands/picklock.go:65.8,65.27 1 0
github.com/GoMudEngine/GoMud/internal/usercommands/picklock.go:65.27,72.26 3 0
github.com/GoMudEngine/GoMud/internal/usercommands/picklock.go:72.26,75.4 2 0
github.com/GoMudEngine/GoMud/internal/usercommands/picklock.go:77.3,77.32 1 0
github.com/GoMudEngine/GoMud/internal/usercommands/picklock.go:77.32,80.4 2 0
github.com/GoMudEngine/GoMud/internal/usercommands/picklock.go:82.3,84.55 3 0
github.com/GoMudEngine/GoMud/internal/usercommands/picklock.go:86.8,90.3 2 0
github.com/GoMudEngine/GoMud/internal/usercommands/picklock.go:95.2,100.32 3 0
github.com/GoMudEngine/GoMud/internal/usercommands/picklock.go:100.32,101.82 1 0
github.com/GoMudEngine/GoMud/internal/usercommands/picklock.go:101.82,103.33 1 0
github.com/GoMudEngine/GoMud/internal/usercommands/picklock.go:103.33,105.21 2 0
github.com/GoMudEngine/GoMud/internal/usercommands/picklock.go:105.21,107.6 1 0
github.com/GoMudEngine/GoMud/internal/usercommands/picklock.go:110.4,110.40 1 0
github.com/GoMudEngine/GoMud/internal/usercommands/picklock.go:110.40,112.5 1 0
github.com/GoMudEngine/GoMud/internal/usercommands/picklock.go:116.2,116.49 1 0
github.com/GoMudEngine/GoMud/internal/usercommands/picklock.go:116.49,129.26 9 0
github.com/GoMudEngine/GoMud/internal/usercommands/picklock.go:129.26,136.4 4 0
github.com/GoMudEngine/GoMud/internal/usercommands/picklock.go:136.9,142.4 2 0
github.com/GoMudEngine/GoMud/internal/usercommands/picklock.go:143.3,143.19 1 0
github.com/GoMudEngine/GoMud/internal/usercommands/picklock.go:147.2,149.11 2 0
github.com/GoMudEngine/GoMud/internal/usercommands/picklock.go:149.11,151.3 1 0
github.com/GoMudEngine/GoMud/internal/usercommands/picklock.go:153.2,154.31 2 0
github.com/GoMudEngine/GoMud/internal/usercommands/picklock.go:154.31,156.3 1 0
github.com/GoMudEngine/GoMud/internal/usercommands/picklock.go:158.2,159.20 2 0
github.com/GoMudEngine/GoMud/internal/usercommands/picklock.go:159.20,161.3 1 0
github.com/GoMudEngine/GoMud/internal/usercommands/picklock.go:163.2,163.33 1 0
github.com/GoMudEngine/GoMud/internal/usercommands/picklock.go:163.33,167.3 3 0
github.com/GoMudEngine/GoMud/internal/usercommands/picklock.go:169.2,176.26 5 0
github.com/GoMudEngine/GoMud/internal/usercommands/picklock.go:176.26,178.3 1 0
github.com/GoMudEngine/GoMud/internal/usercommands/picklock.go:180.2,182.36 2 0
github.com/GoMudEngine/GoMud/internal/usercommands/picklock.go:182.36,183.24 1 0
github.com/GoMudEngine/GoMud/internal/usercommands/picklock.go:183.24,184.12 1 0
github.com/GoMudEngine/GoMud/internal/usercommands/picklock.go:186.3,186.32 1 0
github.com/GoMudEngine/GoMud/internal/usercommands/picklock.go:186.32,197.25 7 0
github.com/GoMudEngine/GoMud/internal/usercommands/picklock.go:197.25,203.37 4 0
github.com/GoMudEngine/GoMud/internal/usercommands/picklock.go:203.37,205.6 1 0
github.com/GoMudEngine/GoMud/internal/usercommands/picklock.go:210.2,212.22 2 0
github.com/GoMudEngine/GoMud/internal/usercommands/picklock.go:212.22,215.3 2 0
github.com/GoMudEngine/GoMud/internal/usercommands/picklock.go:215.8,218.3 2 0
github.com/GoMudEngine/GoMud/internal/usercommands/picklock.go:220.2,222.40 2 0
github.com/GoMudEngine/GoMud/internal/usercommands/picklock.go:222.40,224.26 1 0
github.com/GoMudEngine/GoMud/internal/usercommands/picklock.go:224.26,227.4 2 0
github.com/GoMudEngine/GoMud/internal/usercommands/picklock.go:229.3,236.26 6 0
github.com/GoMudEngine/GoMud/internal/usercommands/picklock.go:236.26,243.4 4 0
github.com/GoMudEngine/GoMud/internal/usercommands/picklock.go:243.9,246.4 2 0
github.com/GoMudEngine/GoMud/internal/usercommands/picklock.go:248.3,250.19 2 0
github.com/GoMudEngine/GoMud/internal/usercommands/picklock.go:252.8,253.26 1 0
github.com/GoMudEngine/GoMud/internal/usercommands/picklock.go:253.26,255.4 1 0
github.com/GoMudEngine/GoMud/internal/usercommands/picklock.go:255.9,257.4 1 0
github.com/GoMudEngine/GoMud/internal/usercommands/picklock.go:260.2,260.18 1 0
github.com/GoMudEngine/GoMud/internal/usercommands/picklock.go:263.79,267.34 2 1
github.com/GoMudEngine/GoMud/internal/usercommands/picklock.go:267.34,269.3 1 0
github.com/GoMudEngine/GoMud/internal/usercommands/picklock.go:271.2,274.37 3 1
github.com/GoMudEngine/GoMud/internal/usercommands/picklock.go:274.37,275.73 1 1
github.com/GoMudEngine/GoMud/internal/usercommands/picklock.go:275.73,278.4 2 1
github.com/GoMudEngine/GoMud/internal/usercommands/picklock.go:278.9,280.4 1 1
github.com/GoMudEngine/GoMud/internal/usercommands/picklock.go:282.2,285.37 3 1
github.com/GoMudEngine/GoMud/internal/usercommands/picklock.go:285.37,286.44 1 1
github.com/GoMudEngine/GoMud/internal/usercommands/picklock.go:286.44,289.4 2 1
github.com/GoMudEngine/GoMud/internal/usercommands/picklock.go:289.9,289.60 1 1
github.com/GoMudEngine/GoMud/internal/usercommands/picklock.go:289.60,294.4 2 1
github.com/GoMudEngine/GoMud/internal/usercommands/picklock.go:294.9,295.25 1 1
github.com/GoMudEngine/GoMud/internal/usercommands/picklock.go:295.25,297.5 1 1
github.com/GoMudEngine/GoMud/internal/usercommands/picklock.go:297.10,297.32 1 1
github.com/GoMudEngine/GoMud/internal/usercommands/picklock.go:297.32,299.5 1 1
github.com/GoMudEngine/GoMud/internal/usercommands/picklock.go:299.10,301.5 1 0
github.com/GoMudEngine/GoMud/internal/usercommands/picklock.go:304.2,307.37 3 1
github.com/GoMudEngine/GoMud/internal/usercommands/picklock.go:307.37,308.73 1 1
github.com/GoMudEngine/GoMud/internal/usercommands/picklock.go:308.73,311.4 2 1
github.com/GoMudEngine/GoMud/internal/usercommands/picklock.go:311.9,313.4 1 1
github.com/GoMudEngine/GoMud/internal/usercommands/picklock.go:315.2,320.15 4 1
github.com/GoMudEngine/GoMud/internal/usercommands/picklock.go:324.65,326.40 1 1
github.com/GoMudEngine/GoMud/internal/usercommands/picklock.go:326.40,328.3 1 1
github.com/GoMudEngine/GoMud/internal/usercommands/picklock.go:330.2,330.34 1 1
github.com/GoMudEngine/GoMud/internal/usercommands/picklock.go:330.34,331.56 1 1
github.com/GoMudEngine/GoMud/internal/usercommands/picklock.go:331.56,333.4 1 1
github.com/GoMudEngine/GoMud/internal/usercommands/picklock.go:336.2,336.13 1 1
github.com/GoMudEngine/GoMud/internal/usercommands/print.go:14.105,22.2 2 1
github.com/GoMudEngine/GoMud/internal/usercommands/print.go:25.109,30.20 3 1
github.com/GoMudEngine/GoMud/internal/usercommands/print.go:30.20,31.23 1 1
github.com/GoMudEngine/GoMud/internal/usercommands/print.go:31.23,33.4 1 1
github.com/GoMudEngine/GoMud/internal/usercommands/print.go:35.3,39.33 3 1
github.com/GoMudEngine/GoMud/internal/usercommands/print.go:39.33,47.4 5 1
github.com/GoMudEngine/GoMud/internal/usercommands/print.go:49.3,51.20 2 1
github.com/GoMudEngine/GoMud/internal/usercommands/print.go:51.20,54.4 2 0
github.com/GoMudEngine/GoMud/internal/usercommands/print.go:56.3,57.29 2 1
github.com/GoMudEngine/GoMud/internal/usercommands/print.go:60.2,60.18 1 1
github.com/GoMudEngine/GoMud/internal/usercommands/put.go:16.103,20.19 2 1
github.com/GoMudEngine/GoMud/internal/usercommands/put.go:20.19,23.3 2 1
github.com/GoMudEngine/GoMud/internal/usercommands/put.go:25.2,27.38 3 1
github.com/GoMudEngine/GoMud/internal/usercommands/put.go:27.38,28.26 1 1
github.com/GoMudEngine/GoMud/internal/usercommands/put.go:28.26,30.4 1 1
github.com/GoMudEngine/GoMud/internal/usercommands/put.go:31.3,34.26 3 1
github.com/GoMudEngine/GoMud/internal/usercommands/put.go:34.26,36.9 2 0
github.com/GoMudEngine/GoMud/internal/usercommands/put.go:40.2,40.25 1 1
github.com/GoMudEngine/GoMud/internal/usercommands/put.go:40.25,43.3 2 1
github.com/GoMudEngine/GoMud/internal/usercommands/put.go:45.2,47.31 2 0
github.com/GoMudEngine/GoMud/internal/usercommands/put.go:47.31,52.3 4 0
github.com/GoMudEngine/GoMud/internal/usercommands/put.go:54.2,54.19 1 0
github.com/GoMudEngine/GoMud/internal/usercommands/put.go:54.19,57.3 2 0
github.com/GoMudEngine/GoMud/internal/usercommands/put.go:59.2,63.41 4 0
github.com/GoMudEngine/GoMud/internal/usercommands/put.go:63.41,67.18 3 0
github.com/GoMudEngine/GoMud/internal/usercommands/put.go:67.18,69.4 1 0
github.com/GoMudEngine/GoMud/internal/usercommands/put.go:71.8,74.34 2 0
github.com/GoMudEngine/GoMud/internal/usercommands/put.go:74.34,76.4 1 0
github.com/GoMudEngine/GoMud/internal/usercommands/put.go:80.2,80.32 1 0
github.com/GoMudEngine/GoMud/internal/usercommands/put.go:80.32,83.3 2 0
github.com/GoMudEngine/GoMud/internal/usercommands/put.go:85.2,85.35 1 0
github.com/GoMudEngine/GoMud/internal/usercommands/put.go:85.35,88.3 2 0
github.com/GoMudEngine/GoMud/internal/usercommands/put.go:90.2,90.17 1 0
github.com/GoMudEngine/GoMud/internal/usercommands/put.go:90.17,101.3 5 0
github.com/GoMudEngine/GoMud/internal/usercommands/put.go:103.2,103.15 1 0
github.com/GoMudEngine/GoMud/internal/usercommands/put.go:103.15,119.79 6 0
github.com/GoMudEngine/GoMud/internal/usercommands/put.go:119.79,125.39 3 0
github.com/GoMudEngine/GoMud/internal/usercommands/put.go:125.39,126.72 1 0
github.com/GoMudEngine/GoMud/internal/usercommands/put.go:126.72,129.11 2 0
github.com/GoMudEngine/GoMud/internal/usercommands/put.go:133.4,135.33 3 0
github.com/GoMudEngine/GoMud/internal/usercommands/put.go:139.2,141.18 2 0
github.com/GoMudEngine/GoMud/internal/usercommands/pvp.go:10.103,15.36 3 1
github.com/GoMudEngine/GoMud/internal/usercommands/pvp.go:15.36,17.3 1 0
github.com/GoMudEngine/GoMud/internal/usercommands/pvp.go:17.8,17.42 1 1
github.com/GoMudEngine/GoMud/internal/usercommands/pvp.go:17.42,19.3 1 1
github.com/GoMudEngine/GoMud/internal/usercommands/pvp.go:19.8,19.42 1 0
github.com/GoMudEngine/GoMud/internal/usercommands/pvp.go:19.42,21.3 1 0
github.com/GoMudEngine/GoMud/internal/usercommands/pvp.go:22.2,24.18 2 1
github.com/GoMudEngine/GoMud/internal/usercommands/quests.go:16.106,44.20 10 1
github.com/GoMudEngine/GoMud/internal/usercommands/quests.go:44.20,45.47 1 0
github.com/GoMudEngine/GoMud/internal/usercommands/quests.go:45.47,46.52 1 0
github.com/GoMudEngine/GoMud/internal/usercommands/quests.go:46.52,47.13 1 0
github.com/GoMudEngine/GoMud/internal/usercommands/quests.go:49.4,49.44 1 0
github.com/GoMudEngine/GoMud/internal/usercommands/quests.go:51.9,53.3 0 1
github.com/GoMudEngine/GoMud/internal/usercommands/quests.go:55.2,55.51 1 1
github.com/GoMudEngine/GoMud/internal/usercommands/quests.go:55.51,57.65 2 0
github.com/GoMudEngine/GoMud/internal/usercommands/quests.go:57.65,60.39 1 0
github.com/GoMudEngine/GoMud/internal/usercommands/quests.go:60.39,61.13 1 0
github.com/GoMudEngine/GoMud/internal/usercommands/quests.go:64.4,70.27 5 0
github.com/GoMudEngine/GoMud/internal/usercommands/quests.go:70.27,71.42 1 0
github.com/GoMudEngine/GoMud/internal/usercommands/quests.go:71.42,73.30 2 0
github.com/GoMudEngine/GoMud/internal/usercommands/quests.go:73.30,75.12 2 0
github.com/GoMudEngine/GoMud/internal/usercommands/quests.go:80.4,82.40 2 0
github.com/GoMudEngine/GoMud/internal/usercommands/quests.go:82.40,83.13 1 0
github.com/GoMudEngine/GoMud/internal/usercommands/quests.go:86.4,97.43 3 0
github.com/GoMudEngine/GoMud/internal/usercommands/quests.go:101.2,105.44 3 1
github.com/GoMudEngine/GoMud/internal/usercommands/quests.go:105.44,107.3 1 0
github.com/GoMudEngine/GoMud/internal/usercommands/quests.go:109.2,112.18 3 1
github.com/GoMudEngine/GoMud/internal/usercommands/quit.go:9.104,11.33 1 1
github.com/GoMudEngine/GoMud/internal/usercommands/quit.go:11.33,14.3 2 0
github.com/GoMudEngine/GoMud/internal/usercommands/quit.go:15.2,17.18 2 1
github.com/GoMudEngine/GoMud/internal/usercommands/read.go:13.104,21.67 4 1
github.com/GoMudEngine/GoMud/internal/usercommands/read.go:21.67,23.35 2 1
github.com/GoMudEngine/GoMud/internal/usercommands/read.go:23.35,27.38 4 0
github.com/GoMudEngine/GoMud/internal/usercommands/read.go:27.38,29.5 1 0
github.com/GoMudEngine/GoMud/internal/usercommands/read.go:33.2,35.29 2 1
github.com/GoMudEngine/GoMud/internal/usercommands/read.go:35.29,37.3 1 1
github.com/GoMudEngine/GoMud/internal/usercommands/read.go:37.8,42.18 2 0
github.com/GoMudEngine/GoMud/internal/usercommands/read.go:42.18,47.4 1 0
github.com/GoMudEngine/GoMud/internal/usercommands/read.go:49.3,49.38 1 0
github.com/GoMudEngine/GoMud/internal/usercommands/read.go:52.2,52.18 1 1
github.com/GoMudEngine/GoMud/internal/usercommands/remove.go:14.106,16.19 1 1
github.com/GoMudEngine/GoMud/internal/usercommands/remove.go:16.19,18.63 2 0
github.com/GoMudEngine/GoMud/internal/usercommands/remove.go:18.63,21.4 2 0
github.com/GoMudEngine/GoMud/internal/usercommands/remove.go:23.3,28.19 2 0
github.com/GoMudEngine/GoMud/internal/usercommands/remove.go:32.2,34.36 2 1
github.com/GoMudEngine/GoMud/internal/usercommands/remove.go:34.36,36.3 1 1
github.com/GoMudEngine/GoMud/internal/usercommands/remove.go:36.8,38.56 1 1
github.com/GoMudEngine/GoMud/internal/usercommands/remove.go:38.56,40.61 1 0
github.com/GoMudEngine/GoMud/internal/usercommands/remove.go:40.61,46.5 2 0
github.com/GoMudEngine/GoMud/internal/usercommands/remove.go:46.10,50.5 1 0
github.com/GoMudEngine/GoMud/internal/usercommands/remove.go:53.3,55.47 2 1
github.com/GoMudEngine/GoMud/internal/usercommands/remove.go:55.47,71.4 4 1
github.com/GoMudEngine/GoMud/internal/usercommands/remove.go:71.9,75.4 1 0
github.com/GoMudEngine/GoMud/internal/usercommands/remove.go:77.3,77.28 1 1
github.com/GoMudEngine/GoMud/internal/usercommands/remove.go:81.2,81.18 1 1
github.com/GoMudEngine/GoMud/internal/usercommands/save.go:9.104,16.2 4 1
github.com/GoMudEngine/GoMud/internal/usercommands/say.go:14.103,16.16 1 1
github.com/GoMudEngine/GoMud/internal/usercommands/say.go:16.16,19.3 2 1
github.com/GoMudEngine/GoMud/internal/usercommands/say.go:21.2,24.13 3 1
github.com/GoMudEngine/GoMud/internal/usercommands/say.go:24.13,27.3 1 0
github.com/GoMudEngine/GoMud/internal/usercommands/say.go:30.2,32.16 2 1
github.com/GoMudEngine/GoMud/internal/usercommands/say.go:32.16,34.3 1 0
github.com/GoMudEngine/GoMud/internal/usercommands/say.go:34.8,36.3 1 1
github.com/GoMudEngine/GoMud/internal/usercommands/say.go:38.2,49.18 4 1
github.com/GoMudEngine/GoMud/internal/usercommands/say.go:52.39,59.32 5 1
github.com/GoMudEngine/GoMud/internal/usercommands/say.go:59.32,61.70 1 1
github.com/GoMudEngine/GoMud/internal/usercommands/say.go:61.70,62.16 1 1
github.com/GoMudEngine/GoMud/internal/usercommands/say.go:63.13,64.22 1 1
github.com/GoMudEngine/GoMud/internal/usercommands/say.go:64.22,66.6 1 1
github.com/GoMudEngine/GoMud/internal/usercommands/say.go:66.11,68.6 1 1
github.com/GoMudEngine/GoMud/internal/usercommands/say.go:69.13,70.36 1 1
github.com/GoMudEngine/GoMud/internal/usercommands/say.go:71.12,72.34 1 1
github.com/GoMudEngine/GoMud/internal/usercommands/say.go:76.4,76.48 1 1
github.com/GoMudEngine/GoMud/internal/usercommands/say.go:76.48,79.5 2 1
github.com/GoMudEngine/GoMud/internal/usercommands/say.go:80.9,82.4 1 1
github.com/GoMudEngine/GoMud/internal/usercommands/say.go:85.3,85.78 1 1
github.com/GoMudEngine/GoMud/internal/usercommands/say.go:85.78,87.4 1 1
github.com/GoMudEngine/GoMud/internal/usercommands/say.go:87.9,89.4 1 1
github.com/GoMudEngine/GoMud/internal/usercommands/say.go:92.2,92.31 1 1
github.com/GoMudEngine/GoMud/internal/usercommands/sell.go:13.104,17.12 2 1
github.com/GoMudEngine/GoMud/internal/usercommands/sell.go:17.12,20.3 2 1
github.com/GoMudEngine/GoMud/internal/usercommands/sell.go:22.2,24.25 2 1
github.com/GoMudEngine/GoMud/internal/usercommands/sell.go:24.25,26.3 1 0
github.com/GoMudEngine/GoMud/internal/usercommands/sell.go:28.2,28.31 1 1
github.com/GoMudEngine/GoMud/internal/usercommands/sell.go:28.31,31.3 2 0
github.com/GoMudEngine/GoMud/internal/usercommands/sell.go:33.2,33.57 1 1
github.com/GoMudEngine/GoMud/internal/usercommands/sell.go:33.57,36.17 2 0
github.com/GoMudEngine/GoMud/internal/usercommands/sell.go:36.17,37.12 1 0
github.com/GoMudEngine/GoMud/internal/usercommands/sell.go:40.3,42.23 2 0
github.com/GoMudEngine/GoMud/internal/usercommands/sell.go:42.23,46.12 2 0
github.com/GoMudEngine/GoMud/internal/usercommands/sell.go:49.3,51.21 2 0
github.com/GoMudEngine/GoMud/internal/usercommands/sell.go:51.21,53.12 2 0
github.com/GoMudEngine/GoMud/internal/usercommands/sell.go:56.3,87.8 11 0
github.com/GoMudEngine/GoMud/internal/usercommands/sell.go:90.2,90.18 1 1
github.com/GoMudEngine/GoMud/internal/usercommands/set.go:15.103,19.20 2 1
github.com/GoMudEngine/GoMud/internal/usercommands/set.go:19.20,22.3 2 1
github.com/GoMudEngine/GoMud/internal/usercommands/set.go:24.2,27.19 3 1
github.com/GoMudEngine/GoMud/internal/usercommands/set.go:28.21,29.50 1 1
github.com/GoMudEngine/GoMud/internal/usercommands/set.go:30.17,31.57 1 1
github.com/GoMudEngine/GoMud/internal/usercommands/set.go:32.25,33.74 1 0
github.com/GoMudEngine/GoMud/internal/usercommands/set.go:34.17,35.56 1 1
github.com/GoMudEngine/GoMud/internal/usercommands/set.go:36.22,37.34 1 1
github.com/GoMudEngine/GoMud/internal/usercommands/set.go:38.16,39.51 1 1
github.com/GoMudEngine/GoMud/internal/usercommands/set.go:40.17,41.52 1 1
github.com/GoMudEngine/GoMud/internal/usercommands/set.go:42.15,43.50 1 1
github.com/GoMudEngine/GoMud/internal/usercommands/set.go:44.10,46.49 1 1
github.com/GoMudEngine/GoMud/internal/usercommands/set.go:46.49,48.4 1 0
github.com/GoMudEngine/GoMud/internal/usercommands/set.go:51.2,51.18 1 1
github.com/GoMudEngine/GoMud/internal/usercommands/set.go:54.47,62.23 6 1
github.com/GoMudEngine/GoMud/internal/usercommands/set.go:62.23,64.3 1 0
github.com/GoMudEngine/GoMud/internal/usercommands/set.go:64.8,66.3 1 1
github.com/GoMudEngine/GoMud/internal/usercommands/set.go:67.2,74.26 6 1
github.com/GoMudEngine/GoMud/internal/usercommands/set.go:74.26,76.3 1 1
github.com/GoMudEngine/GoMud/internal/usercommands/set.go:77.2,82.26 5 1
github.com/GoMudEngine/GoMud/internal/usercommands/set.go:82.26,84.3 1 1
github.com/GoMudEngine/GoMud/internal/usercommands/set.go:85.2,90.25 5 1
github.com/GoMudEngine/GoMud/internal/usercommands/set.go:90.25,92.3 1 1
github.com/GoMudEngine/GoMud/internal/usercommands/set.go:93.2,97.58 4 1
github.com/GoMudEngine/GoMud/internal/usercommands/set.go:100.83,103.28 3 1
github.com/GoMudEngine/GoMud/internal/usercommands/set.go:103.28,105.3 1 1
github.com/GoMudEngine/GoMud/internal/usercommands/set.go:106.2,108.19 3 1
github.com/GoMudEngine/GoMud/internal/usercommands/set.go:111.93,113.22 2 1
github.com/GoMudEngine/GoMud/internal/usercommands/set.go:113.22,115.3 1 0
github.com/GoMudEngine/GoMud/internal/usercommands/set.go:116.2,125.18 4 1
github.com/GoMudEngine/GoMud/internal/usercommands/set.go:128.114,130.15 2 1
github.com/GoMudEngine/GoMud/internal/usercommands/set.go:130.15,132.3 1 1
github.com/GoMudEngine/GoMud/internal/usercommands/set.go:133.2,133.16 1 1
github.com/GoMudEngine/GoMud/internal/usercommands/set.go:133.16,136.3 2 1
github.com/GoMudEngine/GoMud/internal/usercommands/set.go:136.8,139.3 2 1
github.com/GoMudEngine/GoMud/internal/usercommands/set.go:141.2,148.18 3 1
github.com/GoMudEngine/GoMud/internal/usercommands/set.go:151.63,152.23 1 1
github.com/GoMudEngine/GoMud/internal/usercommands/set.go:152.23,154.3 1 1
github.com/GoMudEngine/GoMud/internal/usercommands/set.go:154.8,156.3 1 1
github.com/GoMudEngine/GoMud/internal/usercommands/set.go:157.2,164.18 3 1
github.com/GoMudEngine/GoMud/internal/usercommands/set.go:167.103,170.19 2 1
github.com/GoMudEngine/GoMud/internal/usercommands/set.go:170.19,172.27 2 0
github.com/GoMudEngine/GoMud/internal/usercommands/set.go:172.27,174.4 1 0
github.com/GoMudEngine/GoMud/internal/usercommands/set.go:175.3,178.19 4 0
github.com/GoMudEngine/GoMud/internal/usercommands/set.go:181.2,183.28 2 1
github.com/GoMudEngine/GoMud/internal/usercommands/set.go:183.28,188.3 4 1
github.com/GoMudEngine/GoMud/internal/usercommands/set.go:188.8,188.32 1 1
github.com/GoMudEngine/GoMud/internal/usercommands/set.go:188.32,191.3 2 0
github.com/GoMudEngine/GoMud/internal/usercommands/set.go:191.8,194.3 2 1
github.com/GoMudEngine/GoMud/internal/usercommands/set.go:196.2,203.18 3 1
github.com/GoMudEngine/GoMud/internal/usercommands/set.go:206.104,208.19 1 1
github.com/GoMudEngine/GoMud/internal/usercommands/set.go:208.19,211.26 3 0
github.com/GoMudEngine/GoMud/internal/usercommands/set.go:211.26,213.4 1 0
github.com/GoMudEngine/GoMud/internal/usercommands/set.go:213.9,215.4 1 0
github.com/GoMudEngine/GoMud/internal/usercommands/set.go:216.3,226.32 4 0
github.com/GoMudEngine/GoMud/internal/usercommands/set.go:226.32,230.11 4 0
github.com/GoMudEngine/GoMud/internal/usercommands/set.go:230.11,232.5 1 0
github.com/GoMudEngine/GoMud/internal/usercommands/set.go:233.4,233.96 1 0
github.com/GoMudEngine/GoMud/internal/usercommands/set.go:235.3,237.19 3 0
github.com/GoMudEngine/GoMud/internal/usercommands/set.go:240.2,252.42 4 1
github.com/GoMudEngine/GoMud/internal/usercommands/set.go:252.42,254.3 1 0
github.com/GoMudEngine/GoMud/internal/usercommands/set.go:254.8,254.49 1 1
github.com/GoMudEngine/GoMud/internal/usercommands/set.go:254.49,256.3 1 0
github.com/GoMudEngine/GoMud/internal/usercommands/set.go:257.2,257.19 1 1
github.com/GoMudEngine/GoMud/internal/usercommands/set.go:257.19,259.13 2 0
github.com/GoMudEngine/GoMud/internal/usercommands/set.go:259.13,262.4 2 0
github.com/GoMudEngine/GoMud/internal/usercommands/set.go:263.3,266.24 4 0
github.com/GoMudEngine/GoMud/internal/usercommands/set.go:266.24,267.38 1 0
github.com/GoMudEngine/GoMud/internal/usercommands/set.go:267.38,269.5 1 0
github.com/GoMudEngine/GoMud/internal/usercommands/set.go:271.3,274.15 3 0
github.com/GoMudEngine/GoMud/internal/usercommands/set.go:274.15,276.4 1 0
github.com/GoMudEngine/GoMud/internal/usercommands/set.go:276.9,278.4 1 0
github.com/GoMudEngine/GoMud/internal/usercommands/set.go:279.3,279.19 1 0
github.com/GoMudEngine/GoMud/internal/usercommands/set.go:282.2,282.28 1 1
github.com/GoMudEngine/GoMud/internal/usercommands/set.go:282.28,286.94 4 1
github.com/GoMudEngine/GoMud/internal/usercommands/set.go:286.94,288.4 1 1
github.com/GoMudEngine/GoMud/internal/usercommands/set.go:289.8,289.32 1 1
github.com/GoMudEngine/GoMud/internal/usercommands/set.go:289.32,292.3 2 0
github.com/GoMudEngine/GoMud/internal/usercommands/set.go:292.8,295.3 2 1
github.com/GoMudEngine/GoMud/internal/usercommands/set.go:297.2,304.18 3 1
github.com/GoMudEngine/GoMud/internal/usercommands/set.go:307.102,309.19 1 1
github.com/GoMudEngine/GoMud/internal/usercommands/set.go:309.19,311.26 2 1
github.com/GoMudEngine/GoMud/internal/usercommands/set.go:311.26,313.4 1 1
github.com/GoMudEngine/GoMud/internal/usercommands/set.go:314.3,317.19 4 1
github.com/GoMudEngine/GoMud/internal/usercommands/set.go:320.2,323.19 3 1
github.com/GoMudEngine/GoMud/internal/usercommands/set.go:323.19,325.3 1 0
github.com/GoMudEngine/GoMud/internal/usercommands/set.go:325.8,327.3 1 1
github.com/GoMudEngine/GoMud/internal/usercommands/set.go:329.2,336.18 3 1
github.com/GoMudEngine/GoMud/internal/usercommands/set.go:339.89,344.19 3 0
github.com/GoMudEngine/GoMud/internal/usercommands/set.go:344.19,347.3 2 0
github.com/GoMudEngine/GoMud/internal/usercommands/set.go:349.2,349.24 1 0
github.com/GoMudEngine/GoMud/internal/usercommands/set.go:349.24,351.3 1 0
github.com/GoMudEngine/GoMud/internal/usercommands/set.go:354.2,354.23 1 0
github.com/GoMudEngine/GoMud/internal/usercommands/set.go:354.23,356.3 1 0
github.com/GoMudEngine/GoMud/internal/usercommands/set.go:358.2,358.22 1 0
github.com/GoMudEngine/GoMud/internal/usercommands/set.go:358.22,361.3 2 0
github.com/GoMudEngine/GoMud/internal/usercommands/set.go:361.8,364.27 2 0
github.com/GoMudEngine/GoMud/internal/usercommands/set.go:364.27,367.4 2 0
github.com/GoMudEngine/GoMud/internal/usercommands/set.go:369.3,371.34 2 0
github.com/GoMudEngine/GoMud/internal/usercommands/set.go:371.34,373.20 1 0
github.com/GoMudEngine/GoMud/internal/usercommands/set.go:373.20,374.22 1 0
github.com/GoMudEngine/GoMud/internal/usercommands/set.go:374.22,377.6 2 0
github.com/GoMudEngine/GoMud/internal/usercommands/set.go:378.5,378.57 1 0
github.com/GoMudEngine/GoMud/internal/usercommands/set.go:383.3,383.34 1 0
github.com/GoMudEngine/GoMud/internal/usercommands/set.go:383.34,386.4 2 0
github.com/GoMudEngine/GoMud/internal/usercommands/set.go:388.3,390.179 2 0
github.com/GoMudEngine/GoMud/internal/usercommands/set.go:393.2,398.18 2 0
github.com/GoMudEngine/GoMud/internal/usercommands/share.go:16.105,19.18 2 1
github.com/GoMudEngine/GoMud/internal/usercommands/share.go:19.18,22.3 2 1
github.com/GoMudEngine/GoMud/internal/usercommands/share.go:24.2,26.58 2 1
github.com/GoMudEngine/GoMud/internal/usercommands/share.go:26.58,30.23 2 0
github.com/GoMudEngine/GoMud/internal/usercommands/share.go:30.23,32.4 1 0
github.com/GoMudEngine/GoMud/internal/usercommands/share.go:32.9,34.4 1 0
github.com/GoMudEngine/GoMud/internal/usercommands/share.go:36.3,36.25 1 0
github.com/GoMudEngine/GoMud/internal/usercommands/share.go:36.25,39.4 2 0
github.com/GoMudEngine/GoMud/internal/usercommands/share.go:41.3,41.43 1 0
github.com/GoMudEngine/GoMud/internal/usercommands/share.go:41.43,44.4 2 0
github.com/GoMudEngine/GoMud/internal/usercommands/share.go:46.3,47.54 2 0
github.com/GoMudEngine/GoMud/internal/usercommands/share.go:47.54,48.26 1 0
github.com/GoMudEngine/GoMud/internal/usercommands/share.go:48.26,49.13 1 0
github.com/GoMudEngine/GoMud/internal/usercommands/share.go:51.4,51.27 1 0
github.com/GoMudEngine/GoMud/internal/usercommands/share.go:51.27,53.5 1 0
github.com/GoMudEngine/GoMud/internal/usercommands/share.go:56.3,59.42 3 0
github.com/GoMudEngine/GoMud/internal/usercommands/share.go:59.42,63.4 1 0
github.com/GoMudEngine/GoMud/internal/usercommands/share.go:65.3,65.19 1 0
github.com/GoMudEngine/GoMud/internal/usercommands/share.go:65.19,71.4 2 0
github.com/GoMudEngine/GoMud/internal/usercommands/share.go:73.8,76.3 1 1
github.com/GoMudEngine/GoMud/internal/usercommands/share.go:78.2,78.18 1 1
github.com/GoMudEngine/GoMud/internal/usercommands/shoot.go:18.105,20.73 1 1
github.com/GoMudEngine/GoMud/internal/usercommands/shoot.go:20.73,23.3 2 1
github.com/GoMudEngine/GoMud/internal/usercommands/shoot.go:25.2,32.19 4 0
github.com/GoMudEngine/GoMud/internal/usercommands/shoot.go:32.19,35.3 2 0
github.com/GoMudEngine/GoMud/internal/usercommands/shoot.go:37.2,43.20 4 0
github.com/GoMudEngine/GoMud/internal/usercommands/shoot.go:43.20,46.31 2 0
github.com/GoMudEngine/GoMud/internal/usercommands/shoot.go:46.31,49.4 2 0
github.com/GoMudEngine/GoMud/internal/usercommands/shoot.go:51.3,51.72 1 0
github.com/GoMudEngine/GoMud/internal/usercommands/shoot.go:51.72,53.4 1 0
github.com/GoMudEngine/GoMud/internal/usercommands/shoot.go:54.8,57.3 2 0
github.com/GoMudEngine/GoMud/internal/usercommands/shoot.go:59.2,59.53 1 0
github.com/GoMudEngine/GoMud/internal/usercommands/shoot.go:59.53,62.3 2 0
github.com/GoMudEngine/GoMud/internal/usercommands/shoot.go:64.2,74.29 2 0
github.com/GoMudEngine/GoMud/internal/usercommands/shoot.go:74.29,78.15 2 0
github.com/GoMudEngine/GoMud/internal/usercommands/shoot.go:78.15,80.42 1 0
github.com/GoMudEngine/GoMud/internal/usercommands/shoot.go:80.42,83.5 2 0
github.com/GoMudEngine/GoMud/internal/usercommands/shoot.go:85.4,91.19 3 0
github.com/GoMudEngine/GoMud/internal/usercommands/shoot.go:91.19,96.5 1 0
github.com/GoMudEngine/GoMud/internal/usercommands/shoot.go:100.8,100.31 1 0
github.com/GoMudEngine/GoMud/internal/usercommands/shoot.go:100.31,104.15 2 0
github.com/GoMudEngine/GoMud/internal/usercommands/shoot.go:104.15,106.63 1 0
github.com/GoMudEngine/GoMud/internal/usercommands/shoot.go:106.63,107.43 1 0
github.com/GoMudEngine/GoMud/internal/usercommands/shoot.go:107.43,110.6 2 0
github.com/GoMudEngine/GoMud/internal/usercommands/shoot.go:113.4,119.19 3 0
github.com/GoMudEngine/GoMud/internal/usercommands/shoot.go:119.19,126.5 1 0
github.com/GoMudEngine/GoMud/internal/usercommands/shoot.go:132.2,132.18 1 0
github.com/GoMudEngine/GoMud/internal/usercommands/shout.go:14.105,16.16 1 1
github.com/GoMudEngine/GoMud/internal/usercommands/shout.go:16.16,19.3 2 1
github.com/GoMudEngine/GoMud/internal/usercommands/shout.go:21.2,26.13 4 1
github.com/GoMudEngine/GoMud/internal/usercommands/shout.go:26.13,29.3 1 0
github.com/GoMudEngine/GoMud/internal/usercommands/shout.go:32.2,34.16 2 1
github.com/GoMudEngine/GoMud/internal/usercommands/shout.go:34.16,36.3 1 0
github.com/GoMudEngine/GoMud/internal/usercommands/shout.go:36.8,38.3 1 1
github.com/GoMudEngine/GoMud/internal/usercommands/shout.go:40.2,40.38 1 1
github.com/GoMudEngine/GoMud/internal/usercommands/shout.go:40.38,41.69 1 1
github.com/GoMudEngine/GoMud/internal/usercommands/shout.go:41.69,42.73 1 1
github.com/GoMudEngine/GoMud/internal/usercommands/shout.go:42.73,44.5 1 1
github.com/GoMudEngine/GoMud/internal/usercommands/shout.go:48.2,48.42 1 1
github.com/GoMudEngine/GoMud/internal/usercommands/shout.go:48.42,49.69 1 0
github.com/GoMudEngine/GoMud/internal/usercommands/shout.go:49.69,50.73 1 0
github.com/GoMudEngine/GoMud/internal/usercommands/shout.go:50.73,52.5 1 0
github.com/GoMudEngine/GoMud/internal/usercommands/shout.go:56.2,56.39 1 1
github.com/GoMudEngine/GoMud/internal/usercommands/shout.go:56.39,58.27 2 0
github.com/GoMudEngine/GoMud/internal/usercommands/shout.go:58.27,59.12 1 0
github.com/GoMudEngine/GoMud/internal/usercommands/shout.go:61.3,61.39 1 0
github.com/GoMudEngine/GoMud/internal/usercommands/shout.go:61.39,62.70 1 0
github.com/GoMudEngine/GoMud/internal/usercommands/shout.go:62.70,63.74 1 0
github.com/GoMudEngine/GoMud/internal/usercommands/shout.go:63.74,65.6 1 0
github.com/GoMudEngine/GoMud/internal/usercommands/shout.go:70.2,72.18 2 1
github.com/GoMudEngine/GoMud/internal/usercommands/show.go:17.104,23.19 3 1
github.com/GoMudEngine/GoMud/internal/usercommands/show.go:23.19,26.3 2 1
github.com/GoMudEngine/GoMud/internal/usercommands/show.go:28.2,38.12 7 1
github.com/GoMudEngine/GoMud/internal/usercommands/show.go:38.12,41.3 2 1
github.com/GoMudEngine/GoMud/internal/usercommands/show.go:43.2,45.18 2 1
github.com/GoMudEngine/GoMud/internal/usercommands/show.go:45.18,52.26 3 1
github.com/GoMudEngine/GoMud/internal/usercommands/show.go:52.26,74.4 4 1
github.com/GoMudEngine/GoMud/internal/usercommands/show.go:74.9,76.4 1 0
github.com/GoMudEngine/GoMud/internal/usercommands/show.go:78.3,78.19 1 1
github.com/GoMudEngine/GoMud/internal/usercommands/show.go:85.2,85.15 1 0
github.com/GoMudEngine/GoMud/internal/usercommands/show.go:85.15,91.23 3 0
github.com/GoMudEngine/GoMud/internal/usercommands/show.go:91.23,93.27 1 0
github.com/GoMudEngine/GoMud/internal/usercommands/show.go:93.27,107.5 3 0
github.com/GoMudEngine/GoMud/internal/usercommands/show.go:107.10,109.5 1 0
github.com/GoMudEngine/GoMud/internal/usercommands/show.go:113.3,113.19 1 0
github.com/GoMudEngine/GoMud/internal/usercommands/show.go:116.2,118.18 2 0
github.com/GoMudEngine/GoMud/internal/usercommands/skill.cast.go:23.104,26.33 1 1
github.com/GoMudEngine/GoMud/internal/usercommands/skill.cast.go:26.33,29.3 2 0
github.com/GoMudEngine/GoMud/internal/usercommands/skill.cast.go:32.2,33.21 2 1
github.com/GoMudEngine/GoMud/internal/usercommands/skill.cast.go:33.21,36.3 2 1
github.com/GoMudEngine/GoMud/internal/usercommands/skill.cast.go:39.2,40.16 2 0
github.com/GoMudEngine/GoMud/internal/usercommands/skill.cast.go:40.16,43.3 2 0
github.com/GoMudEngine/GoMud/internal/usercommands/skill.cast.go:45.2,48.20 4 0
github.com/GoMudEngine/GoMud/internal/usercommands/skill.cast.go:48.20,50.3 1 0
github.com/GoMudEngine/GoMud/internal/usercommands/skill.cast.go:54.2,55.22 2 0
github.com/GoMudEngine/GoMud/internal/usercommands/skill.cast.go:55.22,57.3 1 0
github.com/GoMudEngine/GoMud/internal/usercommands/skill.cast.go:58.2,58.22 1 0
github.com/GoMudEngine/GoMud/internal/usercommands/skill.cast.go:58.22,61.3 2 0
github.com/GoMudEngine/GoMud/internal/usercommands/skill.cast.go:62.2,62.49 1 0
github.com/GoMudEngine/GoMud/internal/usercommands/skill.cast.go:62.49,65.3 2 0
github.com/GoMudEngine/GoMud/internal/usercommands/skill.cast.go:68.2,68.40 1 0
github.com/GoMudEngine/GoMud/internal/usercommands/skill.cast.go:68.40,72.3 3 0
github.com/GoMudEngine/GoMud/internal/usercommands/skill.cast.go:76.2,78.80 3 0
github.com/GoMudEngine/GoMud/internal/usercommands/skill.cast.go:78.80,83.3 2 0
github.com/GoMudEngine/GoMud/internal/usercommands/skill.cast.go:86.2,86.49 1 0
github.com/GoMudEngine/GoMud/internal/usercommands/skill.cast.go:86.49,89.3 2 0
github.com/GoMudEngine/GoMud/internal/usercommands/skill.cast.go:92.2,96.30 4 0
github.com/GoMudEngine/GoMud/internal/usercommands/skill.cast.go:96.30,104.3 4 0
github.com/GoMudEngine/GoMud/internal/usercommands/skill.cast.go:107.2,108.20 2 0
github.com/GoMudEngine/GoMud/internal/usercommands/skill.cast.go:108.20,110.3 1 0
github.com/GoMudEngine/GoMud/internal/usercommands/skill.cast.go:111.2,115.39 3 0
github.com/GoMudEngine/GoMud/internal/usercommands/skill.cast.go:115.39,118.3 2 0
github.com/GoMudEngine/GoMud/internal/usercommands/skill.cast.go:119.2,126.24 5 0
github.com/GoMudEngine/GoMud/internal/usercommands/skill.cast.go:127.25,128.23 1 0
github.com/GoMudEngine/GoMud/internal/usercommands/skill.cast.go:128.23,130.15 2 0
github.com/GoMudEngine/GoMud/internal/usercommands/skill.cast.go:130.15,132.5 1 0
github.com/GoMudEngine/GoMud/internal/usercommands/skill.cast.go:132.10,132.22 1 0
github.com/GoMudEngine/GoMud/internal/usercommands/skill.cast.go:132.22,134.5 1 0
github.com/GoMudEngine/GoMud/internal/usercommands/skill.cast.go:134.10,137.5 2 0
github.com/GoMudEngine/GoMud/internal/usercommands/skill.cast.go:138.9,138.83 1 0
github.com/GoMudEngine/GoMud/internal/usercommands/skill.cast.go:138.83,140.4 1 0
github.com/GoMudEngine/GoMud/internal/usercommands/skill.cast.go:140.9,140.76 1 0
github.com/GoMudEngine/GoMud/internal/usercommands/skill.cast.go:140.76,142.4 1 0
github.com/GoMudEngine/GoMud/internal/usercommands/skill.cast.go:142.9,142.61 1 0
github.com/GoMudEngine/GoMud/internal/usercommands/skill.cast.go:142.61,144.78 1 0
github.com/GoMudEngine/GoMud/internal/usercommands/skill.cast.go:144.78,145.98 1 0
github.com/GoMudEngine/GoMud/internal/usercommands/skill.cast.go:145.98,146.54 1 0
github.com/GoMudEngine/GoMud/internal/usercommands/skill.cast.go:146.54,148.7 1 0
github.com/GoMudEngine/GoMud/internal/usercommands/skill.cast.go:148.12,148.54 1 0
github.com/GoMudEngine/GoMud/internal/usercommands/skill.cast.go:148.54,150.7 1 0
github.com/GoMudEngine/GoMud/internal/usercommands/skill.cast.go:153.4,153.65 1 0
github.com/GoMudEngine/GoMud/internal/usercommands/skill.cast.go:153.65,156.5 2 0
github.com/GoMudEngine/GoMud/internal/usercommands/skill.cast.go:157.9,160.4 2 0
github.com/GoMudEngine/GoMud/internal/usercommands/skill.cast.go:162.24,163.23 1 0
github.com/GoMudEngine/GoMud/internal/usercommands/skill.cast.go:163.23,165.15 2 0
github.com/GoMudEngine/GoMud/internal/usercommands/skill.cast.go:165.15,167.5 1 0
github.com/GoMudEngine/GoMud/internal/usercommands/skill.cast.go:167.10,167.22 1 0
github.com/GoMudEngine/GoMud/internal/usercommands/skill.cast.go:167.22,169.5 1 0
github.com/GoMudEngine/GoMud/internal/usercommands/skill.cast.go:170.9,170.83 1 0
github.com/GoMudEngine/GoMud/internal/usercommands/skill.cast.go:170.83,172.4 1 0
github.com/GoMudEngine/GoMud/internal/usercommands/skill.cast.go:172.9,172.76 1 0
github.com/GoMudEngine/GoMud/internal/usercommands/skill.cast.go:172.76,174.4 1 0
github.com/GoMudEngine/GoMud/internal/usercommands/skill.cast.go:174.9,174.61 1 0
github.com/GoMudEngine/GoMud/internal/usercommands/skill.cast.go:174.61,176.78 1 0
github.com/GoMudEngine/GoMud/internal/usercommands/skill.cast.go:176.78,177.98 1 0
github.com/GoMudEngine/GoMud/internal/usercommands/skill.cast.go:177.98,178.54 1 0
github.com/GoMudEngine/GoMud/internal/usercommands/skill.cast.go:178.54,180.7 1 0
github.com/GoMudEngine/GoMud/internal/usercommands/skill.cast.go:180.12,180.54 1 0
github.com/GoMudEngine/GoMud/internal/usercommands/skill.cast.go:180.54,182.7 1 0
github.com/GoMudEngine/GoMud/internal/usercommands/skill.cast.go:187.25,188.60 1 0
github.com/GoMudEngine/GoMud/internal/usercommands/skill.cast.go:188.60,190.15 2 0
github.com/GoMudEngine/GoMud/internal/usercommands/skill.cast.go:190.15,192.5 1 0
github.com/GoMudEngine/GoMud/internal/usercommands/skill.cast.go:192.10,195.5 2 0
github.com/GoMudEngine/GoMud/internal/usercommands/skill.cast.go:196.9,198.4 1 0
github.com/GoMudEngine/GoMud/internal/usercommands/skill.cast.go:200.24,201.53 1 0
github.com/GoMudEngine/GoMud/internal/usercommands/skill.cast.go:203.56,204.25 1 0
github.com/GoMudEngine/GoMud/internal/usercommands/skill.cast.go:208.2,208.34 1 0
github.com/GoMudEngine/GoMud/internal/usercommands/skill.cast.go:208.34,210.44 2 0
github.com/GoMudEngine/GoMud/internal/usercommands/skill.cast.go:210.44,211.60 1 0
github.com/GoMudEngine/GoMud/internal/usercommands/skill.cast.go:211.60,213.10 2 0
github.com/GoMudEngine/GoMud/internal/usercommands/skill.cast.go:216.3,216.13 1 0
github.com/GoMudEngine/GoMud/internal/usercommands/skill.cast.go:216.13,221.4 2 0
github.com/GoMudEngine/GoMud/internal/usercommands/skill.cast.go:225.2,226.100 2 0
github.com/GoMudEngine/GoMud/internal/usercommands/skill.cast.go:226.100,229.3 2 0
github.com/GoMudEngine/GoMud/internal/usercommands/skill.cast.go:232.2,256.18 5 0
github.com/GoMudEngine/GoMud/internal/usercommands/skill.disenchant.go:18.110,21.16 2 1
github.com/GoMudEngine/GoMud/internal/usercommands/skill.disenchant.go:21.16,24.3 2 1
github.com/GoMudEngine/GoMud/internal/usercommands/skill.disenchant.go:27.2,27.41 1 1
github.com/GoMudEngine/GoMud/internal/usercommands/skill.disenchant.go:27.41,30.3 2 1
github.com/GoMudEngine/GoMud/internal/usercommands/skill.disenchant.go:33.2,35.27 3 0
github.com/GoMudEngine/GoMud/internal/usercommands/skill.disenchant.go:35.27,37.3 1 0
github.com/GoMudEngine/GoMud/internal/usercommands/skill.disenchant.go:38.2,38.27 1 0
github.com/GoMudEngine/GoMud/internal/usercommands/skill.disenchant.go:38.27,41.3 2 0
github.com/GoMudEngine/GoMud/internal/usercommands/skill.disenchant.go:44.2,44.43 1 0
github.com/GoMudEngine/GoMud/internal/usercommands/skill.disenchant.go:44.43,47.3 2 0
github.com/GoMudEngine/GoMud/internal/usercommands/skill.disenchant.go:50.2,54.38 3 0
github.com/GoMudEngine/GoMud/internal/usercommands/skill.disenchant.go:54.38,56.52 1 0
github.com/GoMudEngine/GoMud/internal/usercommands/skill.disenchant.go:56.52,58.9 2 0
github.com/GoMudEngine/GoMud/internal/usercommands/skill.disenchant.go:63.2,81.18 6 0
github.com/GoMudEngine/GoMud/internal/usercommands/skill.forage.go:28.106,32.29 3 1
github.com/GoMudEngine/GoMud/internal/usercommands/skill.forage.go:32.29,35.3 2 1
github.com/GoMudEngine/GoMud/internal/usercommands/skill.forage.go:37.2,37.55 1 0
github.com/GoMudEngine/GoMud/internal/usercommands/skill.forage.go:37.55,42.3 2 0
github.com/GoMudEngine/GoMud/internal/usercommands/skill.forage.go:44.2,47.22 4 0
github.com/GoMudEngine/GoMud/internal/usercommands/skill.forage.go:47.22,49.3 1 0
github.com/GoMudEngine/GoMud/internal/usercommands/skill.forage.go:51.2,60.25 5 0
github.com/GoMudEngine/GoMud/internal/usercommands/skill.forage.go:60.25,63.3 2 0
github.com/GoMudEngine/GoMud/internal/usercommands/skill.forage.go:65.2,67.24 3 0
github.com/GoMudEngine/GoMud/internal/usercommands/skill.forage.go:67.24,70.3 2 0
github.com/GoMudEngine/GoMud/internal/usercommands/skill.forage.go:72.2,78.18 5 0
github.com/GoMudEngine/GoMud/internal/usercommands/skill.inspect.go:17.107,19.20 1 1
github.com/GoMudEngine/GoMud/internal/usercommands/skill.inspect.go:19.20,22.3 2 1
github.com/GoMudEngine/GoMud/internal/usercommands/skill.inspect.go:25.2,27.25 3 1
github.com/GoMudEngine/GoMud/internal/usercommands/skill.inspect.go:27.25,29.3 1 1
github.com/GoMudEngine/GoMud/internal/usercommands/skill.inspect.go:29.8,29.32 1 0
github.com/GoMudEngine/GoMud/internal/usercommands/skill.inspect.go:29.32,31.3 1 0
github.com/GoMudEngine/GoMud/internal/usercommands/skill.inspect.go:31.8,31.32 1 0
github.com/GoMudEngine/GoMud/internal/usercommands/skill.inspect.go:31.32,33.3 1 0
github.com/GoMudEngine/GoMud/internal/usercommands/skill.inspect.go:35.2,37.12 2 1
github.com/GoMudEngine/GoMud/internal/usercommands/skill.inspect.go:37.12,39.3 1 1
github.com/GoMudEngine/GoMud/internal/usercommands/skill.inspect.go:39.8,68.3 8 0
github.com/GoMudEngine/GoMud/internal/usercommands/skill.inspect.go:70.2,70.18 1 1
github.com/GoMudEngine/GoMud/internal/usercommands/skill.map.go:27.103,33.25 3 1
github.com/GoMudEngine/GoMud/internal/usercommands/skill.map.go:33.25,35.3 1 1
github.com/GoMudEngine/GoMud/internal/usercommands/skill.map.go:35.8,35.32 1 0
github.com/GoMudEngine/GoMud/internal/usercommands/skill.map.go:35.32,37.3 1 0
github.com/GoMudEngine/GoMud/internal/usercommands/skill.map.go:37.8,37.32 1 0
github.com/GoMudEngine/GoMud/internal/usercommands/skill.map.go:37.32,39.3 1 0
github.com/GoMudEngine/GoMud/internal/usercommands/skill.map.go:41.2,41.22 1 1
github.com/GoMudEngine/GoMud/internal/usercommands/skill.map.go:41.22,44.3 2 0
github.com/GoMudEngine/GoMud/internal/usercommands/skill.map.go:46.2,46.51 1 1
github.com/GoMudEngine/GoMud/internal/usercommands/skill.map.go:46.51,51.3 2 1
github.com/GoMudEngine/GoMud/internal/usercommands/skill.map.go:54.2,56.34 3 1
github.com/GoMudEngine/GoMud/internal/usercommands/skill.map.go:56.34,58.34 2 1
github.com/GoMudEngine/GoMud/internal/usercommands/skill.map.go:58.34,60.4 1 0
github.com/GoMudEngine/GoMud/internal/usercommands/skill.map.go:63.2,63.31 1 1
github.com/GoMudEngine/GoMud/internal/usercommands/skill.map.go:63.31,66.3 2 1
github.com/GoMudEngine/GoMud/internal/usercommands/skill.map.go:69.2,69.94 1 1
github.com/GoMudEngine/GoMud/internal/usercommands/skill.map.go:69.94,72.3 2 1
github.com/GoMudEngine/GoMud/internal/usercommands/skill.map.go:74.2,88.20 6 0
github.com/GoMudEngine/GoMud/internal/usercommands/skill.map.go:88.20,92.52 3 0
github.com/GoMudEngine/GoMud/internal/usercommands/skill.map.go:92.52,95.4 2 0
github.com/GoMudEngine/GoMud/internal/usercommands/skill.map.go:97.3,99.23 3 0
github.com/GoMudEngine/GoMud/internal/usercommands/skill.map.go:99.23,101.4 1 0
github.com/GoMudEngine/GoMud/internal/usercommands/skill.map.go:103.3,103.32 1 0
github.com/GoMudEngine/GoMud/internal/usercommands/skill.map.go:103.32,105.4 1 0
github.com/GoMudEngine/GoMud/internal/usercommands/skill.map.go:106.3,106.34 1 0
github.com/GoMudEngine/GoMud/internal/usercommands/skill.map.go:106.34,108.4 1 0
github.com/GoMudEngine/GoMud/internal/usercommands/skill.map.go:112.2,113.20 2 0
github.com/GoMudEngine/GoMud/internal/usercommands/skill.map.go:113.20,117.3 3 0
github.com/GoMudEngine/GoMud/internal/usercommands/skill.map.go:119.2,126.20 2 0
github.com/GoMudEngine/GoMud/internal/usercommands/skill.map.go:126.20,127.48 1 0
github.com/GoMudEngine/GoMud/internal/usercommands/skill.map.go:127.48,128.56 1 0
github.com/GoMudEngine/GoMud/internal/usercommands/skill.map.go:128.56,129.72 1 0
github.com/GoMudEngine/GoMud/internal/usercommands/skill.map.go:129.72,131.6 1 0
github.com/GoMudEngine/GoMud/internal/usercommands/skill.map.go:131.11,133.6 1 0
github.com/GoMudEngine/GoMud/internal/usercommands/skill.map.go:137.3,137.51 1 0
github.com/GoMudEngine/GoMud/internal/usercommands/skill.map.go:137.51,139.4 1 0
github.com/GoMudEngine/GoMud/internal/usercommands/skill.map.go:142.2,142.45 1 0
github.com/GoMudEngine/GoMud/internal/usercommands/skill.map.go:142.45,143.38 1 0
github.com/GoMudEngine/GoMud/internal/usercommands/skill.map.go:143.38,144.57 1 0
github.com/GoMudEngine/GoMud/internal/usercommands/skill.map.go:144.57,147.57 1 0
github.com/GoMudEngine/GoMud/internal/usercommands/skill.map.go:147.57,148.56 1 0
github.com/GoMudEngine/GoMud/internal/usercommands/skill.map.go:148.56,150.7 1 0
github.com/GoMudEngine/GoMud/internal/usercommands/skill.map.go:153.5,153.70 1 0
github.com/GoMudEngine/GoMud/internal/usercommands/skill.map.go:158.2,161.20 3 0
github.com/GoMudEngine/GoMud/internal/usercommands/skill.map.go:161.21,163.3 0 0
github.com/GoMudEngine/GoMud/internal/usercommands/skill.map.go:165.2,170.40 4 0
github.com/GoMudEngine/GoMud/internal/usercommands/skill.map.go:170.40,172.17 2 0
github.com/GoMudEngine/GoMud/internal/usercommands/skill.map.go:172.17,174.4 1 0
github.com/GoMudEngine/GoMud/internal/usercommands/skill.map.go:175.3,175.38 1 0
github.com/GoMudEngine/GoMud/internal/usercommands/skill.map.go:175.38,178.4 2 0
github.com/GoMudEngine/GoMud/internal/usercommands/skill.map.go:181.2,205.16 3 0
github.com/GoMudEngine/GoMud/internal/usercommands/skill.map.go:205.16,209.3 3 0
github.com/GoMudEngine/GoMud/internal/usercommands/skill.map.go:211.2,213.18 2 0
github.com/GoMudEngine/GoMud/internal/usercommands/skill.search.go:29.106,35.25 3 1
github.com/GoMudEngine/GoMud/internal/usercommands/skill.search.go:35.25,37.3 1 1
github.com/GoMudEngine/GoMud/internal/usercommands/skill.search.go:37.8,37.32 1 0
github.com/GoMudEngine/GoMud/internal/usercommands/skill.search.go:37.32,39.3 1 0
github.com/GoMudEngine/GoMud/internal/usercommands/skill.search.go:39.8,39.32 1 0
github.com/GoMudEngine/GoMud/internal/usercommands/skill.search.go:39.32,41.3 1 0
github.com/GoMudEngine/GoMud/internal/usercommands/skill.search.go:43.2,43.55 1 1
github.com/GoMudEngine/GoMud/internal/usercommands/skill.search.go:43.55,48.3 2 0
github.com/GoMudEngine/GoMud/internal/usercommands/skill.search.go:51.2,60.41 4 1
github.com/GoMudEngine/GoMud/internal/usercommands/skill.search.go:60.41,61.22 1 1
github.com/GoMudEngine/GoMud/internal/usercommands/skill.search.go:61.22,67.30 3 0
github.com/GoMudEngine/GoMud/internal/usercommands/skill.search.go:67.30,69.5 1 0
github.com/GoMudEngine/GoMud/internal/usercommands/skill.search.go:73.2,73.20 1 1
github.com/GoMudEngine/GoMud/internal/usercommands/skill.search.go:73.20,76.35 2 1
github.com/GoMudEngine/GoMud/internal/usercommands/skill.search.go:76.35,77.23 1 0
github.com/GoMudEngine/GoMud/internal/usercommands/skill.search.go:77.23,79.5 1 0
github.com/GoMudEngine/GoMud/internal/usercommands/skill.search.go:80.4,81.45 2 0
github.com/GoMudEngine/GoMud/internal/usercommands/skill.search.go:84.3,86.41 2 1
github.com/GoMudEngine/GoMud/internal/usercommands/skill.search.go:86.41,87.26 1 1
github.com/GoMudEngine/GoMud/internal/usercommands/skill.search.go:87.26,88.13 1 1
github.com/GoMudEngine/GoMud/internal/usercommands/skill.search.go:90.4,90.45 1 1
github.com/GoMudEngine/GoMud/internal/usercommands/skill.search.go:90.45,96.31 3 1
github.com/GoMudEngine/GoMud/internal/usercommands/skill.search.go:96.31,97.47 1 1
github.com/GoMudEngine/GoMud/internal/usercommands/skill.search.go:97.47,99.7 1 0
github.com/GoMudEngine/GoMud/internal/usercommands/skill.search.go:104.3,104.29 1 1
github.com/GoMudEngine/GoMud/internal/usercommands/skill.search.go:104.29,109.39 3 0
github.com/GoMudEngine/GoMud/internal/usercommands/skill.search.go:109.39,117.5 1 0
github.com/GoMudEngine/GoMud/internal/usercommands/skill.search.go:119.4,120.25 2 0
github.com/GoMudEngine/GoMud/internal/usercommands/skill.search.go:124.3,126.38 2 1
github.com/GoMudEngine/GoMud/internal/usercommands/skill.search.go:126.38,127.45 1 1
github.com/GoMudEngine/GoMud/internal/usercommands/skill.search.go:127.45,133.31 3 0
github.com/GoMudEngine/GoMud/internal/usercommands/skill.search.go:133.31,134.47 1 0
github.com/GoMudEngine/GoMud/internal/usercommands/skill.search.go:134.47,136.7 1 0
github.com/GoMudEngine/GoMud/internal/usercommands/skill.search.go:141.3,141.26 1 1
github.com/GoMudEngine/GoMud/internal/usercommands/skill.search.go:141.26,146.36 3 0
github.com/GoMudEngine/GoMud/internal/usercommands/skill.search.go:146.36,154.5 1 0
github.com/GoMudEngine/GoMud/internal/usercommands/skill.search.go:156.4,157.25 2 0
github.com/GoMudEngine/GoMud/internal/usercommands/skill.search.go:161.3,168.25 3 1
github.com/GoMudEngine/GoMud/internal/usercommands/skill.search.go:171.2,171.21 1 1
github.com/GoMudEngine/GoMud/internal/usercommands/skill.search.go:171.22,174.3 0 1
github.com/GoMudEngine/GoMud/internal/usercommands/skill.search.go:176.2,176.18 1 1
github.com/GoMudEngine/GoMud/internal/usercommands/skill.stealth.go:15.105,20.20 2 1
github.com/GoMudEngine/GoMud/internal/usercommands/skill.stealth.go:20.20,22.3 1 1
github.com/GoMudEngine/GoMud/internal/usercommands/skill.stealth.go:25.2,25.46 1 0
github.com/GoMudEngine/GoMud/internal/usercommands/skill.stealth.go:25.46,28.3 2 0
github.com/GoMudEngine/GoMud/internal/usercommands/skill.stealth.go:30.2,30.33 1 0
github.com/GoMudEngine/GoMud/internal/usercommands/skill.stealth.go:30.33,33.3 2 0
github.com/GoMudEngine/GoMud/internal/usercommands/skill.stealth.go:35.2,35.82 1 0
github.com/GoMudEngine/GoMud/internal/usercommands/skill.stealth.go:35.82,38.3 2 0
github.com/GoMudEngine/GoMud/internal/usercommands/skill.stealth.go:40.2,45.18 3 0
github.com/GoMudEngine/GoMud/internal/usercommands/skill.stealth.pickpocket.go:20.110,25.20 2 1
github.com/GoMudEngine/GoMud/internal/usercommands/skill.stealth.pickpocket.go:25.20,27.3 1 1
github.com/GoMudEngine/GoMud/internal/usercommands/skill.stealth.pickpocket.go:30.2,32.33 2 0
github.com/GoMudEngine/GoMud/internal/usercommands/skill.stealth.pickpocket.go:32.33,35.3 2 0
github.com/GoMudEngine/GoMud/internal/usercommands/skill.stealth.pickpocket.go:37.2,37.40 1 0
github.com/GoMudEngine/GoMud/internal/usercommands/skill.stealth.pickpocket.go:37.40,40.3 2 0
github.com/GoMudEngine/GoMud/internal/usercommands/skill.stealth.pickpocket.go:42.2,44.20 2 0
github.com/GoMudEngine/GoMud/internal/usercommands/skill.stealth.pickpocket.go:44.20,47.3 2 0
github.com/GoMudEngine/GoMud/internal/usercommands/skill.stealth.pickpocket.go:49.2,51.47 2 0
github.com/GoMudEngine/GoMud/internal/usercommands/skill.stealth.pickpocket.go:51.47,53.88 1 0
github.com/GoMudEngine/GoMud/internal/usercommands/skill.stealth.pickpocket.go:53.88,56.4 2 0
github.com/GoMudEngine/GoMud/internal/usercommands/skill.stealth.pickpocket.go:60.2,60.27 1 0
github.com/GoMudEngine/GoMud/internal/usercommands/skill.stealth.pickpocket.go:60.27,67.15 3 0
github.com/GoMudEngine/GoMud/internal/usercommands/skill.stealth.pickpocket.go:67.15,70.23 2 0
github.com/GoMudEngine/GoMud/internal/usercommands/skill.stealth.pickpocket.go:70.23,72.5 1 0
github.com/GoMudEngine/GoMud/internal/usercommands/skill.stealth.pickpocket.go:73.4,73.18 1 0
github.com/GoMudEngine/GoMud/internal/usercommands/skill.stealth.pickpocket.go:73.18,75.5 1 0
github.com/GoMudEngine/GoMud/internal/usercommands/skill.stealth.pickpocket.go:77.4,81.26 3 0
github.com/GoMudEngine/GoMud/internal/usercommands/skill.stealth.pickpocket.go:81.26,85.29 2 0
github.com/GoMudEngine/GoMud/internal/usercommands/skill.stealth.pickpocket.go:85.29,89.24 4 0
github.com/GoMudEngine/GoMud/internal/usercommands/skill.stealth.pickpocket.go:89.24,98.7 4 0
github.com/GoMudEngine/GoMud/internal/usercommands/skill.stealth.pickpocket.go:101.5,101.64 1 0
github.com/GoMudEngine/GoMud/internal/usercommands/skill.stealth.pickpocket.go:101.64,119.6 5 0
github.com/GoMudEngine/GoMud/internal/usercommands/skill.stealth.pickpocket.go:121.5,121.29 1 0
github.com/GoMudEngine/GoMud/internal/usercommands/skill.stealth.pickpocket.go:121.29,124.6 1 0
github.com/GoMudEngine/GoMud/internal/usercommands/skill.stealth.pickpocket.go:124.11,127.6 1 0
github.com/GoMudEngine/GoMud/internal/usercommands/skill.stealth.pickpocket.go:129.10,143.5 4 0
github.com/GoMudEngine/GoMud/internal/usercommands/skill.stealth.pickpocket.go:147.8,147.29 1 0
github.com/GoMudEngine/GoMud/internal/usercommands/skill.stealth.pickpocket.go:147.29,152.53 2 0
github.com/GoMudEngine/GoMud/internal/usercommands/skill.stealth.pickpocket.go:152.53,154.53 1 0
github.com/GoMudEngine/GoMud/internal/usercommands/skill.stealth.pickpocket.go:154.53,157.5 2 0
github.com/GoMudEngine/GoMud/internal/usercommands/skill.stealth.pickpocket.go:159.4,160.23 2 0
github.com/GoMudEngine/GoMud/internal/usercommands/skill.stealth.pickpocket.go:160.23,162.5 1 0
github.com/GoMudEngine/GoMud/internal/usercommands/skill.stealth.pickpocket.go:163.4,163.18 1 0
github.com/GoMudEngine/GoMud/internal/usercommands/skill.stealth.pickpocket.go:163.18,165.5 1 0
github.com/GoMudEngine/GoMud/internal/usercommands/skill.stealth.pickpocket.go:167.4,171.26 3 0
github.com/GoMudEngine/GoMud/internal/usercommands/skill.stealth.pickpocket.go:171.26,175.29 2 0
github.com/GoMudEngine/GoMud/internal/usercommands/skill.stealth.pickpocket.go:175.29,179.24 4 0
github.com/GoMudEngine/GoMud/internal/usercommands/skill.stealth.pickpocket.go:179.24,193.7 5 0
github.com/GoMudEngine/GoMud/internal/usercommands/skill.stealth.pickpocket.go:196.5,196.64 1 0
github.com/GoMudEngine/GoMud/internal/usercommands/skill.stealth.pickpocket.go:196.64,214.6 5 0
github.com/GoMudEngine/GoMud/internal/usercommands/skill.stealth.pickpocket.go:216.5,216.29 1 0
github.com/GoMudEngine/GoMud/internal/usercommands/skill.stealth.pickpocket.go:216.29,219.6 1 0
github.com/GoMudEngine/GoMud/internal/usercommands/skill.stealth.pickpocket.go:219.11,222.6 1 0
github.com/GoMudEngine/GoMud/internal/usercommands/skill.stealth.pickpocket.go:224.10,239.5 4 0
github.com/GoMudEngine/GoMud/internal/usercommands/skill.stealth.pickpocket.go:242.8,245.3 1 0
github.com/GoMudEngine/GoMud/internal/usercommands/skill.stealth.pickpocket.go:247.2,247.18 1 0
github.com/GoMudEngine/GoMud/internal/usercommands/skill.track.go:33.105,37.21 2 1
github.com/GoMudEngine/GoMud/internal/usercommands/skill.track.go:37.21,40.3 2 1
github.com/GoMudEngine/GoMud/internal/usercommands/skill.track.go:42.2,49.16 3 0
github.com/GoMudEngine/GoMud/internal/usercommands/skill.track.go:49.16,51.71 1 0
github.com/GoMudEngine/GoMud/internal/usercommands/skill.track.go:51.71,55.4 2 0
github.com/GoMudEngine/GoMud/internal/usercommands/skill.track.go:58.3,62.62 3 0
github.com/GoMudEngine/GoMud/internal/usercommands/skill.track.go:62.62,65.49 2 0
github.com/GoMudEngine/GoMud/internal/usercommands/skill.track.go:65.49,66.32 1 0
github.com/GoMudEngine/GoMud/internal/usercommands/skill.track.go:66.32,68.11 2 0
github.com/GoMudEngine/GoMud/internal/usercommands/skill.track.go:72.4,73.23 2 0
github.com/GoMudEngine/GoMud/internal/usercommands/skill.track.go:73.23,75.5 1 0
github.com/GoMudEngine/GoMud/internal/usercommands/skill.track.go:77.4,77.12 1 0
github.com/GoMudEngine/GoMud/internal/usercommands/skill.track.go:77.12,78.13 1 0
github.com/GoMudEngine/GoMud/internal/usercommands/skill.track.go:81.4,88.23 2 0
github.com/GoMudEngine/GoMud/internal/usercommands/skill.track.go:88.23,90.5 1 0
github.com/GoMudEngine/GoMud/internal/usercommands/skill.track.go:92.4,92.23 1 0
github.com/GoMudEngine/GoMud/internal/usercommands/skill.track.go:92.23,94.30 1 0
github.com/GoMudEngine/GoMud/internal/usercommands/skill.track.go:94.30,96.6 1 0
github.com/GoMudEngine/GoMud/internal/usercommands/skill.track.go:96.11,96.57 1 0
github.com/GoMudEngine/GoMud/internal/usercommands/skill.track.go:96.57,98.6 1 0
github.com/GoMudEngine/GoMud/internal/usercommands/skill.track.go:100.5,100.13 1 0
github.com/GoMudEngine/GoMud/internal/usercommands/skill.track.go:103.4,103.51 1 0
github.com/GoMudEngine/GoMud/internal/usercommands/skill.track.go:106.3,106.63 1 0
github.com/GoMudEngine/GoMud/internal/usercommands/skill.track.go:106.63,108.26 1 0
github.com/GoMudEngine/GoMud/internal/usercommands/skill.track.go:108.26,109.13 1 0
github.com/GoMudEngine/GoMud/internal/usercommands/skill.track.go:112.4,113.51 2 0
github.com/GoMudEngine/GoMud/internal/usercommands/skill.track.go:113.51,114.33 1 0
github.com/GoMudEngine/GoMud/internal/usercommands/skill.track.go:114.33,116.11 2 0
github.com/GoMudEngine/GoMud/internal/usercommands/skill.track.go:120.4,121.24 2 0
github.com/GoMudEngine/GoMud/internal/usercommands/skill.track.go:121.24,123.5 1 0
github.com/GoMudEngine/GoMud/internal/usercommands/skill.track.go:125.4,125.12 1 0
github.com/GoMudEngine/GoMud/internal/usercommands/skill.track.go:125.12,126.13 1 0
github.com/GoMudEngine/GoMud/internal/usercommands/skill.track.go:129.4,136.23 2 0
github.com/GoMudEngine/GoMud/internal/usercommands/skill.track.go:136.23,138.5 1 0
github.com/GoMudEngine/GoMud/internal/usercommands/skill.track.go:140.4,140.23 1 0
github.com/GoMudEngine/GoMud/internal/usercommands/skill.track.go:140.23,142.30 1 0
github.com/GoMudEngine/GoMud/internal/usercommands/skill.track.go:142.30,144.6 1 0
github.com/GoMudEngine/GoMud/internal/usercommands/skill.track.go:144.11,144.57 1 0
github.com/GoMudEngine/GoMud/internal/usercommands/skill.track.go:144.57,146.6 1 0
github.com/GoMudEngine/GoMud/internal/usercommands/skill.track.go:148.5,148.13 1 0
github.com/GoMudEngine/GoMud/internal/usercommands/skill.track.go:151.4,151.51 1 0
github.com/GoMudEngine/GoMud/internal/usercommands/skill.track.go:157.3,157.27 1 0
github.com/GoMudEngine/GoMud/internal/usercommands/skill.track.go:157.27,160.4 2 0
github.com/GoMudEngine/GoMud/internal/usercommands/skill.track.go:160.9,162.4 1 0
github.com/GoMudEngine/GoMud/internal/usercommands/skill.track.go:164.3,164.19 1 0
github.com/GoMudEngine/GoMud/internal/usercommands/skill.track.go:169.2,169.20 1 0
github.com/GoMudEngine/GoMud/internal/usercommands/skill.track.go:169.20,174.3 2 0
github.com/GoMudEngine/GoMud/internal/usercommands/skill.track.go:176.2,176.70 1 0
github.com/GoMudEngine/GoMud/internal/usercommands/skill.track.go:176.70,183.3 2 0
github.com/GoMudEngine/GoMud/internal/usercommands/skill.track.go:186.2,191.21 2 0
github.com/GoMudEngine/GoMud/internal/usercommands/skill.track.go:191.21,195.24 2 0
github.com/GoMudEngine/GoMud/internal/usercommands/skill.track.go:195.24,197.24 2 0
github.com/GoMudEngine/GoMud/internal/usercommands/skill.track.go:197.24,202.5 2 0
github.com/GoMudEngine/GoMud/internal/usercommands/skill.track.go:206.3,206.21 1 0
github.com/GoMudEngine/GoMud/internal/usercommands/skill.track.go:206.21,208.23 2 0
github.com/GoMudEngine/GoMud/internal/usercommands/skill.track.go:208.23,213.5 2 0
github.com/GoMudEngine/GoMud/internal/usercommands/skill.track.go:217.3,217.22 1 0
github.com/GoMudEngine/GoMud/internal/usercommands/skill.track.go:217.22,221.57 2 0
github.com/GoMudEngine/GoMud/internal/usercommands/skill.track.go:221.57,223.27 1 0
github.com/GoMudEngine/GoMud/internal/usercommands/skill.track.go:223.27,224.14 1 0
github.com/GoMudEngine/GoMud/internal/usercommands/skill.track.go:227.5,227.66 1 0
github.com/GoMudEngine/GoMud/internal/usercommands/skill.track.go:227.66,229.6 1 0
github.com/GoMudEngine/GoMud/internal/usercommands/skill.track.go:233.4,234.19 2 0
github.com/GoMudEngine/GoMud/internal/usercommands/skill.track.go:234.19,243.5 4 0
github.com/GoMudEngine/GoMud/internal/usercommands/skill.track.go:243.10,243.31 1 0
github.com/GoMudEngine/GoMud/internal/usercommands/skill.track.go:243.31,252.5 4 0
github.com/GoMudEngine/GoMud/internal/usercommands/skill.track.go:254.4,256.56 2 0
github.com/GoMudEngine/GoMud/internal/usercommands/skill.track.go:256.56,257.63 1 0
github.com/GoMudEngine/GoMud/internal/usercommands/skill.track.go:257.63,259.6 1 0
github.com/GoMudEngine/GoMud/internal/usercommands/skill.track.go:262.4,263.19 2 0
github.com/GoMudEngine/GoMud/internal/usercommands/skill.track.go:263.19,272.5 4 0
github.com/GoMudEngine/GoMud/internal/usercommands/skill.track.go:272.10,272.31 1 0
github.com/GoMudEngine/GoMud/internal/usercommands/skill.track.go:272.31,281.5 4 0
github.com/GoMudEngine/GoMud/internal/usercommands/skill.track.go:283.4,285.20 2 0
github.com/GoMudEngine/GoMud/internal/usercommands/skill.track.go:298.3,300.46 2 0
github.com/GoMudEngine/GoMud/internal/usercommands/skill.track.go:300.46,303.23 1 0
github.com/GoMudEngine/GoMud/internal/usercommands/skill.track.go:303.23,304.13 1 0
github.com/GoMudEngine/GoMud/internal/usercommands/skill.track.go:307.4,308.23 2 0
github.com/GoMudEngine/GoMud/internal/usercommands/skill.track.go:308.23,309.13 1 0
github.com/GoMudEngine/GoMud/internal/usercommands/skill.track.go:312.4,312.64 1 0
github.com/GoMudEngine/GoMud/internal/usercommands/skill.track.go:312.64,314.27 1 0
github.com/GoMudEngine/GoMud/internal/usercommands/skill.track.go:314.27,315.14 1 0
github.com/GoMudEngine/GoMud/internal/usercommands/skill.track.go:318.5,318.66 1 0
github.com/GoMudEngine/GoMud/internal/usercommands/skill.track.go:318.66,320.62 1 0
github.com/GoMudEngine/GoMud/internal/usercommands/skill.track.go:320.62,321.15 1 0
github.com/GoMudEngine/GoMud/internal/usercommands/skill.track.go:324.6,326.12 2 0
github.com/GoMudEngine/GoMud/internal/usercommands/skill.track.go:326.12,328.51 1 0
github.com/GoMudEngine/GoMud/internal/usercommands/skill.track.go:328.51,336.8 1 0
github.com/GoMudEngine/GoMud/internal/usercommands/skill.track.go:338.12,346.7 1 0
github.com/GoMudEngine/GoMud/internal/usercommands/skill.track.go:352.4,352.63 1 0
github.com/GoMudEngine/GoMud/internal/usercommands/skill.track.go:352.63,354.63 1 0
github.com/GoMudEngine/GoMud/internal/usercommands/skill.track.go:354.63,356.61 1 0
github.com/GoMudEngine/GoMud/internal/usercommands/skill.track.go:356.61,357.15 1 0
github.com/GoMudEngine/GoMud/internal/usercommands/skill.track.go:360.6,362.12 2 0
github.com/GoMudEngine/GoMud/internal/usercommands/skill.track.go:362.12,364.50 1 0
github.com/GoMudEngine/GoMud/internal/usercommands/skill.track.go:364.50,372.8 1 0
github.com/GoMudEngine/GoMud/internal/usercommands/skill.track.go:374.12,382.7 1 0
github.com/GoMudEngine/GoMud/internal/usercommands/skill.track.go:391.3,392.41 2 0
github.com/GoMudEngine/GoMud/internal/usercommands/skill.track.go:392.41,394.4 1 0
github.com/GoMudEngine/GoMud/internal/usercommands/skill.track.go:399.3,399.27 1 0
github.com/GoMudEngine/GoMud/internal/usercommands/skill.track.go:399.27,402.4 2 0
github.com/GoMudEngine/GoMud/internal/usercommands/skill.track.go:402.9,404.4 1 0
github.com/GoMudEngine/GoMud/internal/usercommands/skill.track.go:406.3,406.19 1 0
github.com/GoMudEngine/GoMud/internal/usercommands/skill.track.go:409.2,409.18 1 0
github.com/GoMudEngine/GoMud/internal/usercommands/skill.track.go:412.58,415.19 3 1
github.com/GoMudEngine/GoMud/internal/usercommands/skill.track.go:415.19,417.3 1 1
github.com/GoMudEngine/GoMud/internal/usercommands/skill.track.go:417.8,417.26 1 1
github.com/GoMudEngine/GoMud/internal/usercommands/skill.track.go:417.26,419.3 1 1
github.com/GoMudEngine/GoMud/internal/usercommands/skill.track.go:419.8,419.26 1 1
github.com/GoMudEngine/GoMud/internal/usercommands/skill.track.go:419.26,421.3 1 1
github.com/GoMudEngine/GoMud/internal/usercommands/skill.track.go:421.8,421.26 1 1
github.com/GoMudEngine/GoMud/internal/usercommands/skill.track.go:421.26,423.3 1 1
github.com/GoMudEngine/GoMud/internal/usercommands/skill.track.go:423.8,425.3 1 1
github.com/GoMudEngine/GoMud/internal/usercommands/skill.track.go:426.2,426.20 1 1
github.com/GoMudEngine/GoMud/internal/usercommands/skill.track.go:429.75,434.45 3 0
github.com/GoMudEngine/GoMud/internal/usercommands/skill.track.go:434.45,436.22 1 0
github.com/GoMudEngine/GoMud/internal/usercommands/skill.track.go:436.22,437.12 1 0
github.com/GoMudEngine/GoMud/internal/usercommands/skill.track.go:440.3,440.67 1 0
github.com/GoMudEngine/GoMud/internal/usercommands/skill.track.go:440.67,442.76 1 0
github.com/GoMudEngine/GoMud/internal/usercommands/skill.track.go:442.76,443.24 1 0
github.com/GoMudEngine/GoMud/internal/usercommands/skill.track.go:443.24,444.14 1 0
github.com/GoMudEngine/GoMud/internal/usercommands/skill.track.go:446.5,446.28 1 0
github.com/GoMudEngine/GoMud/internal/usercommands/skill.track.go:446.28,447.14 1 0
github.com/GoMudEngine/GoMud/internal/usercommands/skill.track.go:449.5,450.24 2 0
github.com/GoMudEngine/GoMud/internal/usercommands/skill.track.go:456.2,456.17 1 0
github.com/GoMudEngine/GoMud/internal/usercommands/skills.go:17.106,21.35 3 1
github.com/GoMudEngine/GoMud/internal/usercommands/skills.go:21.35,23.3 1 0
github.com/GoMudEngine/GoMud/internal/usercommands/skills.go:25.2,33.21 4 1
github.com/GoMudEngine/GoMud/internal/usercommands/skills.go:33.21,35.60 2 1
github.com/GoMudEngine/GoMud/internal/usercommands/skills.go:35.60,37.4 1 0
github.com/GoMudEngine/GoMud/internal/usercommands/skills.go:40.2,40.18 1 1
github.com/GoMudEngine/GoMud/internal/usercommands/spells.go:14.106,30.57 10 1
github.com/GoMudEngine/GoMud/internal/usercommands/spells.go:30.57,32.16 1 1
github.com/GoMudEngine/GoMud/internal/usercommands/spells.go:32.16,33.12 1 0
github.com/GoMudEngine/GoMud/internal/usercommands/spells.go:36.3,38.48 2 1
github.com/GoMudEngine/GoMud/internal/usercommands/spells.go:38.48,57.25 6 1
github.com/GoMudEngine/GoMud/internal/usercommands/spells.go:57.25,59.5 1 0
github.com/GoMudEngine/GoMud/internal/usercommands/spells.go:61.4,70.31 2 1
github.com/GoMudEngine/GoMud/internal/usercommands/spells.go:70.31,73.5 2 0
github.com/GoMudEngine/GoMud/internal/usercommands/spells.go:73.10,73.38 1 1
github.com/GoMudEngine/GoMud/internal/usercommands/spells.go:73.38,76.5 2 1
github.com/GoMudEngine/GoMud/internal/usercommands/spells.go:76.10,79.5 2 0
github.com/GoMudEngine/GoMud/internal/usercommands/spells.go:85.2,85.26 1 1
github.com/GoMudEngine/GoMud/internal/usercommands/spells.go:85.26,86.41 1 0
github.com/GoMudEngine/GoMud/internal/usercommands/spells.go:86.41,89.4 2 0
github.com/GoMudEngine/GoMud/internal/usercommands/spells.go:92.2,92.26 1 1
github.com/GoMudEngine/GoMud/internal/usercommands/spells.go:92.26,93.41 1 1
github.com/GoMudEngine/GoMud/internal/usercommands/spells.go:93.41,96.4 2 1
github.com/GoMudEngine/GoMud/internal/usercommands/spells.go:99.2,99.26 1 1
github.com/GoMudEngine/GoMud/internal/usercommands/spells.go:99.26,100.41 1 0
github.com/GoMudEngine/GoMud/internal/usercommands/spells.go:100.41,103.4 2 0
github.com/GoMudEngine/GoMud/internal/usercommands/spells.go:106.2,129.18 4 1
github.com/GoMudEngine/GoMud/internal/usercommands/stand.go:13.105,16.63 1 1
github.com/GoMudEngine/GoMud/internal/usercommands/stand.go:16.63,19.3 2 1
github.com/GoMudEngine/GoMud/internal/usercommands/stand.go:21.2,28.41 4 1
github.com/GoMudEngine/GoMud/internal/usercommands/stand.go:28.41,32.3 3 1
github.com/GoMudEngine/GoMud/internal/usercommands/stand.go:35.2,36.32 2 1
github.com/GoMudEngine/GoMud/internal/usercommands/stand.go:36.32,38.3 1 0
github.com/GoMudEngine/GoMud/internal/usercommands/stand.go:41.2,53.33 5 1
github.com/GoMudEngine/GoMud/internal/usercommands/stand.go:53.33,55.3 1 0
github.com/GoMudEngine/GoMud/internal/usercommands/stand.go:57.2,57.18 1 1
github.com/GoMudEngine/GoMud/internal/usercommands/start.go:21.105,23.33 1 1
github.com/GoMudEngine/GoMud/internal/usercommands/start.go:23.33,25.3 1 1
github.com/GoMudEngine/GoMud/internal/usercommands/start.go:28.2,30.11 2 0
github.com/GoMudEngine/GoMud/internal/usercommands/start.go:30.11,33.3 2 0
github.com/GoMudEngine/GoMud/internal/usercommands/start.go:35.2,35.35 1 0
github.com/GoMudEngine/GoMud/internal/usercommands/start.go:35.35,37.59 1 0
github.com/GoMudEngine/GoMud/internal/usercommands/start.go:37.59,43.4 4 0
github.com/GoMudEngine/GoMud/internal/usercommands/start.go:46.2,46.188 1 0
github.com/GoMudEngine/GoMud/internal/usercommands/start.go:46.188,49.21 2 0
github.com/GoMudEngine/GoMud/internal/usercommands/start.go:49.21,51.4 1 0
github.com/GoMudEngine/GoMud/internal/usercommands/start.go:53.3,53.58 1 0
github.com/GoMudEngine/GoMud/internal/usercommands/start.go:53.58,57.4 3 0
github.com/GoMudEngine/GoMud/internal/usercommands/start.go:59.3,59.54 1 0
github.com/GoMudEngine/GoMud/internal/usercommands/start.go:59.54,60.52 1 0
github.com/GoMudEngine/GoMud/internal/usercommands/start.go:60.52,64.5 3 0
github.com/GoMudEngine/GoMud/internal/usercommands/start.go:67.3,67.63 1 0
github.com/GoMudEngine/GoMud/internal/usercommands/start.go:67.63,71.4 3 0
github.com/GoMudEngine/GoMud/internal/usercommands/start.go:73.3,73.83 1 0
github.com/GoMudEngine/GoMud/internal/usercommands/start.go:73.83,77.4 3 0
github.com/GoMudEngine/GoMud/internal/usercommands/start.go:79.3,79.86 1 0
github.com/GoMudEngine/GoMud/internal/usercommands/start.go:79.86,83.4 3 0
github.com/GoMudEngine/GoMud/internal/usercommands/start.go:85.3,85.46 1 0
github.com/GoMudEngine/GoMud/internal/usercommands/start.go:85.46,86.50 1 0
github.com/GoMudEngine/GoMud/internal/usercommands/start.go:86.50,90.5 3 0
github.com/GoMudEngine/GoMud/internal/usercommands/start.go:93.3,96.21 3 0
github.com/GoMudEngine/GoMud/internal/usercommands/start.go:96.21,98.4 1 0
github.com/GoMudEngine/GoMud/internal/usercommands/start.go:100.3,100.32 1 0
github.com/GoMudEngine/GoMud/internal/usercommands/start.go:100.32,103.4 2 0
github.com/GoMudEngine/GoMud/internal/usercommands/start.go:105.3,105.65 1 0
github.com/GoMudEngine/GoMud/internal/usercommands/start.go:105.65,109.4 3 0
github.com/GoMudEngine/GoMud/internal/usercommands/start.go:111.3,111.124 1 0
github.com/GoMudEngine/GoMud/internal/usercommands/start.go:114.2,121.26 5 0
github.com/GoMudEngine/GoMud/internal/usercommands/start.go:121.26,124.21 2 0
github.com/GoMudEngine/GoMud/internal/usercommands/start.go:124.21,126.4 1 0
github.com/GoMudEngine/GoMud/internal/usercommands/start.go:128.3,128.32 1 0
github.com/GoMudEngine/GoMud/internal/usercommands/start.go:128.32,134.75 3 0
github.com/GoMudEngine/GoMud/internal/usercommands/start.go:134.75,147.115 3 0
github.com/GoMudEngine/GoMud/internal/usercommands/start.go:147.115,149.6 1 0
github.com/GoMudEngine/GoMud/internal/usercommands/start.go:151.5,154.21 3 0
github.com/GoMudEngine/GoMud/internal/usercommands/start.go:161.2,165.74 4 0
github.com/GoMudEngine/GoMud/internal/usercommands/start.go:165.74,169.13 3 0
github.com/GoMudEngine/GoMud/internal/usercommands/start.go:169.13,171.4 1 0
github.com/GoMudEngine/GoMud/internal/usercommands/start.go:174.2,175.16 2 0
github.com/GoMudEngine/GoMud/internal/usercommands/start.go:175.16,178.3 2 0
github.com/GoMudEngine/GoMud/internal/usercommands/start.go:180.2,186.117 4 0
github.com/GoMudEngine/GoMud/internal/usercommands/start.go:186.117,187.72 1 0
github.com/GoMudEngine/GoMud/internal/usercommands/start.go:187.72,189.4 1 0
github.com/GoMudEngine/GoMud/internal/usercommands/start.go:192.2,192.18 1 0
github.com/GoMudEngine/GoMud/internal/usercommands/stash.go:12.105,17.12 2 1
github.com/GoMudEngine/GoMud/internal/usercommands/stash.go:17.12,19.3 1 1
github.com/GoMudEngine/GoMud/internal/usercommands/stash.go:19.8,38.18 7 1
github.com/GoMudEngine/GoMud/internal/usercommands/stash.go:38.18,42.4 1 1
github.com/GoMudEngine/GoMud/internal/usercommands/stash.go:46.2,46.18 1 1
github.com/GoMudEngine/GoMud/internal/usercommands/status.go:10.106,20.2 4 1
github.com/GoMudEngine/GoMud/internal/usercommands/storage.go:17.107,19.21 1 1
github.com/GoMudEngine/GoMud/internal/usercommands/storage.go:19.21,23.31 2 1
github.com/GoMudEngine/GoMud/internal/usercommands/storage.go:23.31,25.38 2 0
github.com/GoMudEngine/GoMud/internal/usercommands/storage.go:25.38,27.10 2 0
github.com/GoMudEngine/GoMud/internal/usercommands/storage.go:29.4,29.204 1 0
github.com/GoMudEngine/GoMud/internal/usercommands/storage.go:32.3,32.19 1 1
github.com/GoMudEngine/GoMud/internal/usercommands/storage.go:35.2,37.36 2 1
github.com/GoMudEngine/GoMud/internal/usercommands/storage.go:37.36,40.39 2 1
github.com/GoMudEngine/GoMud/internal/usercommands/storage.go:40.39,42.4 1 0
github.com/GoMudEngine/GoMud/internal/usercommands/storage.go:44.3,47.19 3 1
github.com/GoMudEngine/GoMud/internal/usercommands/storage.go:50.2,50.39 1 0
github.com/GoMudEngine/GoMud/internal/usercommands/storage.go:50.39,53.3 2 0
github.com/GoMudEngine/GoMud/internal/usercommands/storage.go:55.2,57.64 2 0
github.com/GoMudEngine/GoMud/internal/usercommands/storage.go:57.64,60.3 2 0
github.com/GoMudEngine/GoMud/internal/usercommands/storage.go:62.2,65.21 3 0
github.com/GoMudEngine/GoMud/internal/usercommands/storage.go:65.21,68.20 2 0
github.com/GoMudEngine/GoMud/internal/usercommands/storage.go:68.20,71.4 2 0
github.com/GoMudEngine/GoMud/internal/usercommands/storage.go:73.3,73.24 1 0
github.com/GoMudEngine/GoMud/internal/usercommands/storage.go:73.24,75.61 1 0
github.com/GoMudEngine/GoMud/internal/usercommands/storage.go:75.61,79.22 3 0
github.com/GoMudEngine/GoMud/internal/usercommands/storage.go:79.22,80.11 1 0
github.com/GoMudEngine/GoMud/internal/usercommands/storage.go:84.4,84.20 1 0
github.com/GoMudEngine/GoMud/internal/usercommands/storage.go:87.3,89.13 2 0
github.com/GoMudEngine/GoMud/internal/usercommands/storage.go:89.13,92.4 2 0
github.com/GoMudEngine/GoMud/internal/usercommands/storage.go:94.3,103.110 4 0
github.com/GoMudEngine/GoMud/internal/usercommands/storage.go:105.8,105.31 1 0
github.com/GoMudEngine/GoMud/internal/usercommands/storage.go:105.31,107.24 1 0
github.com/GoMudEngine/GoMud/internal/usercommands/storage.go:107.24,109.52 1 0
github.com/GoMudEngine/GoMud/internal/usercommands/storage.go:109.52,111.5 1 0
github.com/GoMudEngine/GoMud/internal/usercommands/storage.go:113.4,113.20 1 0
github.com/GoMudEngine/GoMud/internal/usercommands/storage.go:116.3,120.17 4 0
github.com/GoMudEngine/GoMud/internal/usercommands/storage.go:120.17,122.46 2 0
github.com/GoMudEngine/GoMud/internal/usercommands/storage.go:122.46,123.20 1 0
github.com/GoMudEngine/GoMud/internal/usercommands/storage.go:123.20,126.11 3 0
github.com/GoMudEngine/GoMud/internal/usercommands/storage.go:130.9,132.4 1 0
github.com/GoMudEngine/GoMud/internal/usercommands/storage.go:134.3,134.13 1 0
github.com/GoMudEngine/GoMud/internal/usercommands/storage.go:134.13,137.4 2 0
github.com/GoMudEngine/GoMud/internal/usercommands/storage.go:139.3,139.36 1 0
github.com/GoMudEngine/GoMud/internal/usercommands/storage.go:139.36,151.4 3 0
github.com/GoMudEngine/GoMud/internal/usercommands/storage.go:151.9,153.4 1 0
github.com/GoMudEngine/GoMud/internal/usercommands/storage.go:157.2,157.18 1 0
github.com/GoMudEngine/GoMud/internal/usercommands/submit.go:17.106,20.33 1 1
github.com/GoMudEngine/GoMud/internal/usercommands/submit.go:20.33,23.3 2 1
github.com/GoMudEngine/GoMud/internal/usercommands/submit.go:26.2,26.66 1 1
github.com/GoMudEngine/GoMud/internal/usercommands/submit.go:26.66,29.3 2 1
github.com/GoMudEngine/GoMud/internal/usercommands/submit.go:32.2,32.73 1 1
github.com/GoMudEngine/GoMud/internal/usercommands/submit.go:32.73,35.3 2 1
github.com/GoMudEngine/GoMud/internal/usercommands/submit.go:38.2,39.102 2 0
github.com/GoMudEngine/GoMud/internal/usercommands/submit.go:39.102,42.3 2 0
github.com/GoMudEngine/GoMud/internal/usercommands/submit.go:45.2,52.21 6 0
github.com/GoMudEngine/GoMud/internal/usercommands/submit.go:52.21,54.23 2 0
github.com/GoMudEngine/GoMud/internal/usercommands/submit.go:54.23,57.4 2 0
github.com/GoMudEngine/GoMud/internal/usercommands/submit.go:58.3,58.40 1 0
github.com/GoMudEngine/GoMud/internal/usercommands/submit.go:59.8,59.31 1 0
github.com/GoMudEngine/GoMud/internal/usercommands/submit.go:59.31,61.24 2 0
github.com/GoMudEngine/GoMud/internal/usercommands/submit.go:61.24,64.4 2 0
github.com/GoMudEngine/GoMud/internal/usercommands/submit.go:65.3,65.41 1 0
github.com/GoMudEngine/GoMud/internal/usercommands/submit.go:66.8,69.3 2 0
github.com/GoMudEngine/GoMud/internal/usercommands/submit.go:72.2,73.22 2 0
github.com/GoMudEngine/GoMud/internal/usercommands/submit.go:73.22,75.3 1 0
github.com/GoMudEngine/GoMud/internal/usercommands/submit.go:75.8,77.3 1 0
github.com/GoMudEngine/GoMud/internal/usercommands/submit.go:80.2,80.20 1 0
github.com/GoMudEngine/GoMud/internal/usercommands/submit.go:80.20,84.24 2 0
github.com/GoMudEngine/GoMud/internal/usercommands/submit.go:84.24,86.28 2 0
github.com/GoMudEngine/GoMud/internal/usercommands/submit.go:86.28,88.5 1 0
github.com/GoMudEngine/GoMud/internal/usercommands/submit.go:93.3,93.23 1 0
github.com/GoMudEngine/GoMud/internal/usercommands/submit.go:93.23,95.4 1 0
github.com/GoMudEngine/GoMud/internal/usercommands/submit.go:95.9,97.4 1 0
github.com/GoMudEngine/GoMud/internal/usercommands/submit.go:99.3,99.24 1 0
github.com/GoMudEngine/GoMud/internal/usercommands/submit.go:99.24,104.25 3 0
github.com/GoMudEngine/GoMud/internal/usercommands/submit.go:104.25,107.5 2 0
github.com/GoMudEngine/GoMud/internal/usercommands/submit.go:109.4,116.24 3 0
github.com/GoMudEngine/GoMud/internal/usercommands/submit.go:116.24,118.5 1 0
github.com/GoMudEngine/GoMud/internal/usercommands/submit.go:118.10,120.5 1 0
github.com/GoMudEngine/GoMud/internal/usercommands/submit.go:122.9,125.18 2 0
github.com/GoMudEngine/GoMud/internal/usercommands/submit.go:125.18,127.5 1 0
github.com/GoMudEngine/GoMud/internal/usercommands/submit.go:130.4,131.24 2 0
github.com/GoMudEngine/GoMud/internal/usercommands/submit.go:131.24,133.5 1 0
github.com/GoMudEngine/GoMud/internal/usercommands/submit.go:133.10,133.32 1 0
github.com/GoMudEngine/GoMud/internal/usercommands/submit.go:133.32,135.5 1 0
github.com/GoMudEngine/GoMud/internal/usercommands/submit.go:137.4,140.25 3 0
github.com/GoMudEngine/GoMud/internal/usercommands/submit.go:140.25,143.5 2 0
github.com/GoMudEngine/GoMud/internal/usercommands/submit.go:145.4,148.5 1 0
github.com/GoMudEngine/GoMud/internal/usercommands/submit.go:150.8,152.23 1 0
github.com/GoMudEngine/GoMud/internal/usercommands/submit.go:152.23,154.4 1 0
github.com/GoMudEngine/GoMud/internal/usercommands/submit.go:154.9,156.4 1 0
github.com/GoMudEngine/GoMud/internal/usercommands/submit.go:158.3,161.24 3 0
github.com/GoMudEngine/GoMud/internal/usercommands/submit.go:161.24,164.4 2 0
github.com/GoMudEngine/GoMud/internal/usercommands/submit.go:166.3,169.4 1 0
github.com/GoMudEngine/GoMud/internal/usercommands/submit.go:173.2,175.22 3 0
github.com/GoMudEngine/GoMud/internal/usercommands/submit.go:175.22,177.3 1 0
github.com/GoMudEngine/GoMud/internal/usercommands/submit.go:177.8,180.3 2 0
github.com/GoMudEngine/GoMud/internal/usercommands/submit.go:181.2,191.33 3 0
github.com/GoMudEngine/GoMud/internal/usercommands/submit.go:191.33,193.3 1 0
github.com/GoMudEngine/GoMud/internal/usercommands/submit.go:195.2,195.18 1 0
github.com/GoMudEngine/GoMud/internal/usercommands/suggest.go:17.107,20.16 2 1
github.com/GoMudEngine/GoMud/internal/usercommands/suggest.go:20.16,24.3 3 1
github.com/GoMudEngine/GoMud/internal/usercommands/suggest.go:26.2,27.55 2 1
github.com/GoMudEngine/GoMud/internal/usercommands/suggest.go:27.55,30.3 2 0
github.com/GoMudEngine/GoMud/internal/usercommands/suggest.go:32.2,34.16 3 1
github.com/GoMudEngine/GoMud/internal/usercommands/suggest.go:34.16,37.3 2 0
github.com/GoMudEngine/GoMud/internal/usercommands/suggest.go:38.2,49.48 3 1
github.com/GoMudEngine/GoMud/internal/usercommands/suggest.go:49.48,52.3 2 0
github.com/GoMudEngine/GoMud/internal/usercommands/suggest.go:54.2,56.18 2 1
github.com/GoMudEngine/GoMud/internal/usercommands/suicide.go:19.107,24.43 3 1
github.com/GoMudEngine/GoMud/internal/usercommands/suicide.go:24.43,27.3 2 1
github.com/GoMudEngine/GoMud/internal/usercommands/suicide.go:29.2,29.53 1 0
github.com/GoMudEngine/GoMud/internal/usercommands/suicide.go:29.53,39.3 5 0
github.com/GoMudEngine/GoMud/internal/usercommands/suicide.go:42.2,50.15 4 0
github.com/GoMudEngine/GoMud/internal/usercommands/suicide.go:50.15,52.3 1 0
github.com/GoMudEngine/GoMud/internal/usercommands/suicide.go:52.8,54.3 1 0
github.com/GoMudEngine/GoMud/internal/usercommands/suicide.go:56.2,58.50 3 0
github.com/GoMudEngine/GoMud/internal/usercommands/suicide.go:58.50,60.44 1 0
github.com/GoMudEngine/GoMud/internal/usercommands/suicide.go:60.44,66.13 3 0
github.com/GoMudEngine/GoMud/internal/usercommands/suicide.go:66.13,67.20 1 0
github.com/GoMudEngine/GoMud/internal/usercommands/suicide.go:67.20,69.6 1 0
github.com/GoMudEngine/GoMud/internal/usercommands/suicide.go:69.11,71.6 1 0
github.com/GoMudEngine/GoMud/internal/usercommands/suicide.go:73.4,74.7 2 0
github.com/GoMudEngine/GoMud/internal/usercommands/suicide.go:77.3,77.49 1 0
github.com/GoMudEngine/GoMud/internal/usercommands/suicide.go:80.2,81.20 2 0
github.com/GoMudEngine/GoMud/internal/usercommands/suicide.go:81.20,83.3 1 0
github.com/GoMudEngine/GoMud/internal/usercommands/suicide.go:85.2,101.53 4 0
github.com/GoMudEngine/GoMud/internal/usercommands/suicide.go:101.53,103.36 1 0
github.com/GoMudEngine/GoMud/internal/usercommands/suicide.go:103.36,107.4 1 0
github.com/GoMudEngine/GoMud/internal/usercommands/suicide.go:107.9,116.57 4 0
github.com/GoMudEngine/GoMud/internal/usercommands/suicide.go:116.57,118.5 1 0
github.com/GoMudEngine/GoMud/internal/usercommands/suicide.go:120.4,126.20 4 0
github.com/GoMudEngine/GoMud/internal/usercommands/suicide.go:131.2,134.20 2 0
github.com/GoMudEngine/GoMud/internal/usercommands/suicide.go:134.20,137.3 2 0
github.com/GoMudEngine/GoMud/internal/usercommands/suicide.go:139.2,146.31 4 0
github.com/GoMudEngine/GoMud/internal/usercommands/suicide.go:146.31,148.3 1 0
github.com/GoMudEngine/GoMud/internal/usercommands/suicide.go:149.2,150.32 2 0
github.com/GoMudEngine/GoMud/internal/usercommands/suicide.go:150.32,152.3 1 0
github.com/GoMudEngine/GoMud/internal/usercommands/suicide.go:153.2,154.35 2 0
github.com/GoMudEngine/GoMud/internal/usercommands/suicide.go:154.35,156.3 1 0
github.com/GoMudEngine/GoMud/internal/usercommands/suicide.go:157.2,163.33 4 0
github.com/GoMudEngine/GoMud/internal/usercommands/suicide.go:163.33,169.3 1 0
github.com/GoMudEngine/GoMud/internal/usercommands/suicide.go:171.2,171.18 1 0
github.com/GoMudEngine/GoMud/internal/usercommands/suicide.go:175.70,197.25 7 1
github.com/GoMudEngine/GoMud/internal/usercommands/suicide.go:197.25,199.3 1 1
github.com/GoMudEngine/GoMud/internal/usercommands/suicide.go:201.2,202.24 2 1
github.com/GoMudEngine/GoMud/internal/usercommands/suicide.go:202.24,204.3 1 0
github.com/GoMudEngine/GoMud/internal/usercommands/suicide.go:206.2,209.111 3 1
github.com/GoMudEngine/GoMud/internal/usercommands/suicide.go:213.70,221.53 5 1
github.com/GoMudEngine/GoMud/internal/usercommands/suicide.go:221.53,222.16 1 1
github.com/GoMudEngine/GoMud/internal/usercommands/suicide.go:222.16,223.12 1 0
github.com/GoMudEngine/GoMud/internal/usercommands/suicide.go:225.3,226.35 2 1
github.com/GoMudEngine/GoMud/internal/usercommands/suicide.go:226.35,227.12 1 0
github.com/GoMudEngine/GoMud/internal/usercommands/suicide.go:229.3,229.41 1 1
github.com/GoMudEngine/GoMud/internal/usercommands/suicide.go:232.2,232.24 1 1
github.com/GoMudEngine/GoMud/internal/usercommands/suicide.go:232.24,234.3 1 1
github.com/GoMudEngine/GoMud/internal/usercommands/suicide.go:237.2,237.41 1 1
github.com/GoMudEngine/GoMud/internal/usercommands/suicide.go:237.41,240.3 2 1
github.com/GoMudEngine/GoMud/internal/usercommands/suicide.go:242.2,242.31 1 1
github.com/GoMudEngine/GoMud/internal/usercommands/suicide.go:242.31,244.3 1 0
github.com/GoMudEngine/GoMud/internal/usercommands/suicide.go:246.2,246.49 1 1
github.com/GoMudEngine/GoMud/internal/usercommands/suicide.go:246.49,249.18 3 0
github.com/GoMudEngine/GoMud/internal/usercommands/suicide.go:249.18,251.4 1 0
github.com/GoMudEngine/GoMud/internal/usercommands/suicide.go:252.3,255.109 3 0
github.com/GoMudEngine/GoMud/internal/usercommands/talk.go:19.104,23.20 2 1
github.com/GoMudEngine/GoMud/internal/usercommands/talk.go:23.20,26.3 2 1
github.com/GoMudEngine/GoMud/internal/usercommands/talk.go:29.2,29.38 1 1
github.com/GoMudEngine/GoMud/internal/usercommands/talk.go:29.38,30.20 1 0
github.com/GoMudEngine/GoMud/internal/usercommands/talk.go:30.20,33.4 2 0
github.com/GoMudEngine/GoMud/internal/usercommands/talk.go:34.3,34.18 1 0
github.com/GoMudEngine/GoMud/internal/usercommands/talk.go:37.2,41.16 3 1
github.com/GoMudEngine/GoMud/internal/usercommands/talk.go:41.16,44.3 2 1
github.com/GoMudEngine/GoMud/internal/usercommands/talk.go:46.2,47.16 2 1
github.com/GoMudEngine/GoMud/internal/usercommands/talk.go:47.16,50.3 2 0
github.com/GoMudEngine/GoMud/internal/usercommands/talk.go:52.2,59.140 4 1
github.com/GoMudEngine/GoMud/internal/usercommands/talk.go:59.140,61.3 1 0
github.com/GoMudEngine/GoMud/internal/usercommands/talk.go:64.2,64.81 1 1
github.com/GoMudEngine/GoMud/internal/usercommands/talk.go:64.81,82.26 7 0
github.com/GoMudEngine/GoMud/internal/usercommands/talk.go:82.26,84.17 2 0
github.com/GoMudEngine/GoMud/internal/usercommands/talk.go:84.17,87.6 2 0
github.com/GoMudEngine/GoMud/internal/usercommands/talk.go:89.11,92.17 2 0
github.com/GoMudEngine/GoMud/internal/usercommands/talk.go:92.17,94.6 1 0
github.com/GoMudEngine/GoMud/internal/usercommands/talk.go:95.5,96.18 2 0
github.com/GoMudEngine/GoMud/internal/usercommands/talk.go:96.18,97.84 1 0
github.com/GoMudEngine/GoMud/internal/usercommands/talk.go:97.84,99.22 2 0
github.com/GoMudEngine/GoMud/internal/usercommands/talk.go:99.22,101.8 1 0
github.com/GoMudEngine/GoMud/internal/usercommands/talk.go:102.12,102.86 1 0
github.com/GoMudEngine/GoMud/internal/usercommands/talk.go:102.86,105.7 2 0
github.com/GoMudEngine/GoMud/internal/usercommands/talk.go:105.12,107.7 1 0
github.com/GoMudEngine/GoMud/internal/usercommands/talk.go:108.11,110.6 1 0
github.com/GoMudEngine/GoMud/internal/usercommands/talk.go:113.3,113.19 1 0
github.com/GoMudEngine/GoMud/internal/usercommands/talk.go:116.2,116.16 1 1
github.com/GoMudEngine/GoMud/internal/usercommands/talk.go:116.16,118.16 2 1
github.com/GoMudEngine/GoMud/internal/usercommands/talk.go:118.16,119.78 1 0
github.com/GoMudEngine/GoMud/internal/usercommands/talk.go:119.78,121.20 2 0
github.com/GoMudEngine/GoMud/internal/usercommands/talk.go:121.20,123.6 1 0
github.com/GoMudEngine/GoMud/internal/usercommands/talk.go:124.10,124.80 1 0
github.com/GoMudEngine/GoMud/internal/usercommands/talk.go:124.80,128.5 2 0
github.com/GoMudEngine/GoMud/internal/usercommands/talk.go:128.10,130.5 1 0
github.com/GoMudEngine/GoMud/internal/usercommands/talk.go:131.9,133.4 1 1
github.com/GoMudEngine/GoMud/internal/usercommands/talk.go:137.2,141.18 3 1
github.com/GoMudEngine/GoMud/internal/usercommands/talk.go:146.69,149.34 1 1
github.com/GoMudEngine/GoMud/internal/usercommands/talk.go:149.34,150.61 1 0
github.com/GoMudEngine/GoMud/internal/usercommands/talk.go:150.61,151.29 1 0
github.com/GoMudEngine/GoMud/internal/usercommands/talk.go:151.29,153.6 1 0
github.com/GoMudEngine/GoMud/internal/usercommands/talk.go:155.4,155.16 1 0
github.com/GoMudEngine/GoMud/internal/usercommands/talk.go:157.37,158.61 1 0
github.com/GoMudEngine/GoMud/internal/usercommands/talk.go:158.61,159.29 1 0
github.com/GoMudEngine/GoMud/internal/usercommands/talk.go:159.29,161.6 1 0
github.com/GoMudEngine/GoMud/internal/usercommands/talk.go:163.4,163.16 1 0
github.com/GoMudEngine/GoMud/internal/usercommands/talk.go:165.33,170.4 1 0
github.com/GoMudEngine/GoMud/internal/usercommands/talk.go:176.58,179.27 3 1
github.com/GoMudEngine/GoMud/internal/usercommands/talk.go:179.27,181.3 1 1
github.com/GoMudEngine/GoMud/internal/usercommands/talk.go:182.2,184.9 3 1
github.com/GoMudEngine/GoMud/internal/usercommands/talk.go:185.17,186.22 1 1
github.com/GoMudEngine/GoMud/internal/usercommands/talk.go:187.17,188.29 1 1
github.com/GoMudEngine/GoMud/internal/usercommands/talk.go:189.17,190.27 1 1
github.com/GoMudEngine/GoMud/internal/usercommands/talk.go:191.10,192.19 1 1
github.com/GoMudEngine/GoMud/internal/usercommands/talk.go:194.2,194.17 1 1
github.com/GoMudEngine/GoMud/internal/usercommands/talk.go:194.17,196.3 1 0
github.com/GoMudEngine/GoMud/internal/usercommands/talk.go:196.8,196.23 1 1
github.com/GoMudEngine/GoMud/internal/usercommands/talk.go:196.23,198.3 1 0
github.com/GoMudEngine/GoMud/internal/usercommands/talk.go:199.2,199.13 1 1
github.com/GoMudEngine/GoMud/internal/usercommands/talk.go:204.58,219.15 5 1
github.com/GoMudEngine/GoMud/internal/usercommands/talk.go:219.15,221.3 1 1
github.com/GoMudEngine/GoMud/internal/usercommands/talk.go:222.2,222.26 1 0
github.com/GoMudEngine/GoMud/internal/usercommands/talk.go:222.26,224.3 1 0
github.com/GoMudEngine/GoMud/internal/usercommands/talk.go:226.2,228.26 3 0
github.com/GoMudEngine/GoMud/internal/usercommands/talk.go:228.26,229.23 1 0
github.com/GoMudEngine/GoMud/internal/usercommands/talk.go:229.23,231.12 2 0
github.com/GoMudEngine/GoMud/internal/usercommands/talk.go:233.3,233.13 1 0
github.com/GoMudEngine/GoMud/internal/usercommands/talk.go:233.13,235.4 1 0
github.com/GoMudEngine/GoMud/internal/usercommands/talk.go:235.9,237.4 1 0
github.com/GoMudEngine/GoMud/internal/usercommands/talk.go:240.2,241.24 2 0
github.com/GoMudEngine/GoMud/internal/usercommands/talk.go:241.24,243.3 1 0
github.com/GoMudEngine/GoMud/internal/usercommands/talk.go:244.2,245.24 2 0
github.com/GoMudEngine/GoMud/internal/usercommands/talk.go:245.24,247.3 1 0
github.com/GoMudEngine/GoMud/internal/usercommands/talk.go:248.2,251.3 1 0
github.com/GoMudEngine/GoMud/internal/usercommands/talk.go:257.68,259.24 2 1
github.com/GoMudEngine/GoMud/internal/usercommands/talk.go:259.24,261.3 1 1
github.com/GoMudEngine/GoMud/internal/usercommands/talk.go:263.2,264.38 2 0
github.com/GoMudEngine/GoMud/internal/usercommands/talk.go:264.38,265.20 1 0
github.com/GoMudEngine/GoMud/internal/usercommands/talk.go:265.20,266.12 1 0
github.com/GoMudEngine/GoMud/internal/usercommands/talk.go:268.3,270.27 3 0
github.com/GoMudEngine/GoMud/internal/usercommands/talk.go:270.27,271.12 1 0
github.com/GoMudEngine/GoMud/internal/usercommands/talk.go:273.3,273.64 1 0
github.com/GoMudEngine/GoMud/internal/usercommands/talk.go:275.2,275.12 1 0
github.com/GoMudEngine/GoMud/internal/usercommands/target.go:16.106,19.33 1 1
github.com/GoMudEngine/GoMud/internal/usercommands/target.go:19.33,22.3 2 1
github.com/GoMudEngine/GoMud/internal/usercommands/target.go:25.2,25.111 1 1
github.com/GoMudEngine/GoMud/internal/usercommands/target.go:25.111,28.3 2 0
github.com/GoMudEngine/GoMud/internal/usercommands/target.go:30.2,30.16 1 1
github.com/GoMudEngine/GoMud/internal/usercommands/target.go:30.16,33.3 2 0
github.com/GoMudEngine/GoMud/internal/usercommands/target.go:36.2,39.38 2 1
github.com/GoMudEngine/GoMud/internal/usercommands/target.go:39.38,42.3 2 0
github.com/GoMudEngine/GoMud/internal/usercommands/target.go:45.2,45.59 1 1
github.com/GoMudEngine/GoMud/internal/usercommands/target.go:45.59,48.3 2 1
github.com/GoMudEngine/GoMud/internal/usercommands/target.go:51.2,54.71 3 1
github.com/GoMudEngine/GoMud/internal/usercommands/target.go:54.71,57.3 2 0
github.com/GoMudEngine/GoMud/internal/usercommands/target.go:59.2,59.80 1 1
github.com/GoMudEngine/GoMud/internal/usercommands/target.go:59.80,62.3 2 1
github.com/GoMudEngine/GoMud/internal/usercommands/target.go:65.2,65.32 1 1
github.com/GoMudEngine/GoMud/internal/usercommands/target.go:65.32,67.15 2 0
github.com/GoMudEngine/GoMud/internal/usercommands/target.go:67.15,70.4 2 0
github.com/GoMudEngine/GoMud/internal/usercommands/target.go:73.3,73.41 1 0
github.com/GoMudEngine/GoMud/internal/usercommands/target.go:73.41,76.4 2 0
github.com/GoMudEngine/GoMud/internal/usercommands/target.go:79.2,79.27 1 1
github.com/GoMudEngine/GoMud/internal/usercommands/target.go:79.27,81.15 2 1
github.com/GoMudEngine/GoMud/internal/usercommands/target.go:81.15,84.4 2 0
github.com/GoMudEngine/GoMud/internal/usercommands/target.go:87.3,87.52 1 1
github.com/GoMudEngine/GoMud/internal/usercommands/target.go:87.52,90.4 2 0
github.com/GoMudEngine/GoMud/internal/usercommands/target.go:93.3,93.62 1 1
github.com/GoMudEngine/GoMud/internal/usercommands/target.go:93.62,94.45 1 0
github.com/GoMudEngine/GoMud/internal/usercommands/target.go:94.45,97.5 2 0
github.com/GoMudEngine/GoMud/internal/usercommands/target.go:102.2,107.25 4 1
github.com/GoMudEngine/GoMud/internal/usercommands/target.go:107.25,115.33 3 0
github.com/GoMudEngine/GoMud/internal/usercommands/target.go:115.33,122.4 3 0
github.com/GoMudEngine/GoMud/internal/usercommands/target.go:122.9,122.35 1 0
github.com/GoMudEngine/GoMud/internal/usercommands/target.go:122.35,130.4 4 0
github.com/GoMudEngine/GoMud/internal/usercommands/target.go:132.8,138.3 2 1
github.com/GoMudEngine/GoMud/internal/usercommands/target.go:140.2,140.18 1 1
github.com/GoMudEngine/GoMud/internal/usercommands/taunt.go:19.105,22.33 1 1
github.com/GoMudEngine/GoMud/internal/usercommands/taunt.go:22.33,25.3 2 1
github.com/GoMudEngine/GoMud/internal/usercommands/taunt.go:28.2,29.102 2 1
github.com/GoMudEngine/GoMud/internal/usercommands/taunt.go:29.102,32.3 2 1
github.com/GoMudEngine/GoMud/internal/usercommands/taunt.go:35.2,44.21 8 1
github.com/GoMudEngine/GoMud/internal/usercommands/taunt.go:44.21,46.23 2 1
github.com/GoMudEngine/GoMud/internal/usercommands/taunt.go:46.23,49.4 2 0
github.com/GoMudEngine/GoMud/internal/usercommands/taunt.go:50.3,52.21 3 1
github.com/GoMudEngine/GoMud/internal/usercommands/taunt.go:53.8,53.31 1 0
github.com/GoMudEngine/GoMud/internal/usercommands/taunt.go:53.31,55.26 2 0
github.com/GoMudEngine/GoMud/internal/usercommands/taunt.go:55.26,58.4 2 0
github.com/GoMudEngine/GoMud/internal/usercommands/taunt.go:59.3,61.22 3 0
github.com/GoMudEngine/GoMud/internal/usercommands/taunt.go:62.8,65.3 2 0
github.com/GoMudEngine/GoMud/internal/usercommands/taunt.go:67.2,86.28 10 1
github.com/GoMudEngine/GoMud/internal/usercommands/taunt.go:86.28,92.18 3 0
github.com/GoMudEngine/GoMud/internal/usercommands/taunt.go:92.18,94.4 1 0
github.com/GoMudEngine/GoMud/internal/usercommands/taunt.go:95.3,96.36 2 0
github.com/GoMudEngine/GoMud/internal/usercommands/taunt.go:96.36,98.4 1 0
github.com/GoMudEngine/GoMud/internal/usercommands/taunt.go:100.3,104.34 2 0
github.com/GoMudEngine/GoMud/internal/usercommands/taunt.go:104.34,106.4 1 0
github.com/GoMudEngine/GoMud/internal/usercommands/taunt.go:107.3,107.19 1 0
github.com/GoMudEngine/GoMud/internal/usercommands/taunt.go:110.2,110.19 1 1
github.com/GoMudEngine/GoMud/internal/usercommands/taunt.go:110.19,126.13 5 1
github.com/GoMudEngine/GoMud/internal/usercommands/taunt.go:126.13,130.4 2 0
github.com/GoMudEngine/GoMud/internal/usercommands/taunt.go:130.9,137.4 5 1
github.com/GoMudEngine/GoMud/internal/usercommands/taunt.go:138.3,138.14 1 1
github.com/GoMudEngine/GoMud/internal/usercommands/taunt.go:138.14,140.4 1 0
github.com/GoMudEngine/GoMud/internal/usercommands/taunt.go:143.3,144.32 2 1
github.com/GoMudEngine/GoMud/internal/usercommands/taunt.go:144.32,146.4 1 1
github.com/GoMudEngine/GoMud/internal/usercommands/taunt.go:149.3,150.22 2 1
github.com/GoMudEngine/GoMud/internal/usercommands/taunt.go:150.22,152.4 1 0
github.com/GoMudEngine/GoMud/internal/usercommands/taunt.go:153.3,157.13 3 1
github.com/GoMudEngine/GoMud/internal/usercommands/taunt.go:157.13,159.4 1 0
github.com/GoMudEngine/GoMud/internal/usercommands/taunt.go:161.3,166.53 2 1
github.com/GoMudEngine/GoMud/internal/usercommands/taunt.go:168.8,176.3 2 0
github.com/GoMudEngine/GoMud/internal/usercommands/taunt.go:179.2,186.33 2 1
github.com/GoMudEngine/GoMud/internal/usercommands/taunt.go:186.33,188.3 1 1
github.com/GoMudEngine/GoMud/internal/usercommands/taunt.go:190.2,190.18 1 1
github.com/GoMudEngine/GoMud/internal/usercommands/taunt.go:196.96,203.18 4 1
github.com/GoMudEngine/GoMud/internal/usercommands/taunt.go:203.18,204.20 1 1
github.com/GoMudEngine/GoMud/internal/usercommands/taunt.go:205.46,206.82 1 1
github.com/GoMudEngine/GoMud/internal/usercommands/taunt.go:207.25,208.69 1 0
github.com/GoMudEngine/GoMud/internal/usercommands/taunt.go:209.27,210.83 1 0
github.com/GoMudEngine/GoMud/internal/usercommands/taunt.go:214.2,216.41 2 1
github.com/GoMudEngine/GoMud/internal/usercommands/taunt.go:216.41,218.3 1 0
github.com/GoMudEngine/GoMud/internal/usercommands/taunt.go:220.2,220.19 1 1
github.com/GoMudEngine/GoMud/internal/usercommands/taunt.go:220.19,222.3 1 0
github.com/GoMudEngine/GoMud/internal/usercommands/train.go:11.105,13.34 1 1
github.com/GoMudEngine/GoMud/internal/usercommands/train.go:13.34,16.3 2 1
github.com/GoMudEngine/GoMud/internal/usercommands/train.go:18.2,20.18 2 0
github.com/GoMudEngine/GoMud/internal/usercommands/trip.go:17.104,20.33 1 1
github.com/GoMudEngine/GoMud/internal/usercommands/trip.go:20.33,23.3 2 1
github.com/GoMudEngine/GoMud/internal/usercommands/trip.go:26.2,27.102 2 1
github.com/GoMudEngine/GoMud/internal/usercommands/trip.go:27.102,30.3 2 1
github.com/GoMudEngine/GoMud/internal/usercommands/trip.go:33.2,41.21 7 0
github.com/GoMudEngine/GoMud/internal/usercommands/trip.go:41.21,43.23 2 0
github.com/GoMudEngine/GoMud/internal/usercommands/trip.go:43.23,46.4 2 0
github.com/GoMudEngine/GoMud/internal/usercommands/trip.go:47.3,48.34 2 0
github.com/GoMudEngine/GoMud/internal/usercommands/trip.go:49.8,49.31 1 0
github.com/GoMudEngine/GoMud/internal/usercommands/trip.go:49.31,51.24 2 0
github.com/GoMudEngine/GoMud/internal/usercommands/trip.go:51.24,54.4 2 0
github.com/GoMudEngine/GoMud/internal/usercommands/trip.go:55.3,56.34 2 0
github.com/GoMudEngine/GoMud/internal/usercommands/trip.go:57.8,60.3 2 0
github.com/GoMudEngine/GoMud/internal/usercommands/trip.go:63.2,77.16 2 0
github.com/GoMudEngine/GoMud/internal/usercommands/trip.go:77.16,78.25 1 0
github.com/GoMudEngine/GoMud/internal/usercommands/trip.go:78.25,80.25 2 0
github.com/GoMudEngine/GoMud/internal/usercommands/trip.go:80.25,82.5 1 0
github.com/GoMudEngine/GoMud/internal/usercommands/trip.go:83.4,86.5 1 0
github.com/GoMudEngine/GoMud/internal/usercommands/trip.go:87.9,89.25 2 0
github.com/GoMudEngine/GoMud/internal/usercommands/trip.go:89.25,91.5 1 0
github.com/GoMudEngine/GoMud/internal/usercommands/trip.go:92.4,95.5 1 0
github.com/GoMudEngine/GoMud/internal/usercommands/trip.go:97.8,99.24 2 0
github.com/GoMudEngine/GoMud/internal/usercommands/trip.go:99.24,101.4 1 0
github.com/GoMudEngine/GoMud/internal/usercommands/trip.go:102.3,105.4 1 0
github.com/GoMudEngine/GoMud/internal/usercommands/trip.go:109.2,110.16 2 0
github.com/GoMudEngine/GoMud/internal/usercommands/trip.go:110.16,112.3 1 0
github.com/GoMudEngine/GoMud/internal/usercommands/trip.go:113.2,114.22 2 0
github.com/GoMudEngine/GoMud/internal/usercommands/trip.go:114.22,116.3 1 0
github.com/GoMudEngine/GoMud/internal/usercommands/trip.go:117.2,127.33 3 0
github.com/GoMudEngine/GoMud/internal/usercommands/trip.go:127.33,129.3 1 0
github.com/GoMudEngine/GoMud/internal/usercommands/trip.go:131.2,131.18 1 0
github.com/GoMudEngine/GoMud/internal/usercommands/unlock.go:14.106,18.19 2 1
github.com/GoMudEngine/GoMud/internal/usercommands/unlock.go:18.19,21.3 2 1
github.com/GoMudEngine/GoMud/internal/usercommands/unlock.go:23.2,26.25 3 1
github.com/GoMudEngine/GoMud/internal/usercommands/unlock.go:26.25,30.33 2 0
github.com/GoMudEngine/GoMud/internal/usercommands/unlock.go:30.33,33.4 2 0
github.com/GoMudEngine/GoMud/internal/usercommands/unlock.go:35.3,40.14 5 0
github.com/GoMudEngine/GoMud/internal/usercommands/unlock.go:40.14,42.4 1 0
github.com/GoMudEngine/GoMud/internal/usercommands/unlock.go:44.3,44.13 1 0
github.com/GoMudEngine/GoMud/internal/usercommands/unlock.go:44.13,52.4 5 0
github.com/GoMudEngine/GoMud/internal/usercommands/unlock.go:52.9,52.28 1 0
github.com/GoMudEngine/GoMud/internal/usercommands/unlock.go:52.28,76.4 9 0
github.com/GoMudEngine/GoMud/internal/usercommands/unlock.go:76.9,78.4 1 0
github.com/GoMudEngine/GoMud/internal/usercommands/unlock.go:80.3,80.19 1 0
github.com/GoMudEngine/GoMud/internal/usercommands/unlock.go:82.8,82.27 1 1
github.com/GoMudEngine/GoMud/internal/usercommands/unlock.go:82.27,86.32 2 1
github.com/GoMudEngine/GoMud/internal/usercommands/unlock.go:86.32,89.4 2 1
github.com/GoMudEngine/GoMud/internal/usercommands/unlock.go:91.3,96.14 5 0
github.com/GoMudEngine/GoMud/internal/usercommands/unlock.go:96.14,98.4 1 0
github.com/GoMudEngine/GoMud/internal/usercommands/unlock.go:100.3,100.13 1 0
github.com/GoMudEngine/GoMud/internal/usercommands/unlock.go:100.13,108.4 5 0
github.com/GoMudEngine/GoMud/internal/usercommands/unlock.go:108.9,108.28 1 0
github.com/GoMudEngine/GoMud/internal/usercommands/unlock.go:108.28,132.4 9 0
github.com/GoMudEngine/GoMud/internal/usercommands/unlock.go:132.9,134.4 1 0
github.com/GoMudEngine/GoMud/internal/usercommands/unlock.go:136.3,136.19 1 0
github.com/GoMudEngine/GoMud/internal/usercommands/unlock.go:140.2,141.18 2 1
github.com/GoMudEngine/GoMud/internal/usercommands/use.go:13.103,16.25 2 1
github.com/GoMudEngine/GoMud/internal/usercommands/use.go:16.25,20.33 2 0
github.com/GoMudEngine/GoMud/internal/usercommands/use.go:20.33,22.33 1 0
github.com/GoMudEngine/GoMud/internal/usercommands/use.go:22.33,27.5 4 0
github.com/GoMudEngine/GoMud/internal/usercommands/use.go:29.4,31.30 2 0
github.com/GoMudEngine/GoMud/internal/usercommands/use.go:31.30,36.5 4 0
github.com/GoMudEngine/GoMud/internal/usercommands/use.go:38.4,38.68 1 0
github.com/GoMudEngine/GoMud/internal/usercommands/use.go:38.68,39.70 1 0
github.com/GoMudEngine/GoMud/internal/usercommands/use.go:39.70,41.6 1 0
github.com/GoMudEngine/GoMud/internal/usercommands/use.go:44.4,57.20 9 0
github.com/GoMudEngine/GoMud/internal/usercommands/use.go:64.2,66.12 2 1
github.com/GoMudEngine/GoMud/internal/usercommands/use.go:66.12,68.3 1 1
github.com/GoMudEngine/GoMud/internal/usercommands/use.go:68.8,72.39 2 1
github.com/GoMudEngine/GoMud/internal/usercommands/use.go:72.39,76.4 2 0
github.com/GoMudEngine/GoMud/internal/usercommands/use.go:78.3,84.66 4 1
github.com/GoMudEngine/GoMud/internal/usercommands/use.go:84.66,92.4 1 0
github.com/GoMudEngine/GoMud/internal/usercommands/use.go:94.3,94.43 1 1
github.com/GoMudEngine/GoMud/internal/usercommands/use.go:94.43,96.4 1 0
github.com/GoMudEngine/GoMud/internal/usercommands/use.go:99.2,99.18 1 1
github.com/GoMudEngine/GoMud/internal/usercommands/usercommands.go:39.46,41.2 1 1
github.com/GoMudEngine/GoMud/internal/usercommands/usercommands.go:192.52,193.38 1 1
github.com/GoMudEngine/GoMud/internal/usercommands/usercommands.go:193.38,194.48 1 0
github.com/GoMudEngine/GoMud/internal/usercommands/usercommands.go:194.48,196.4 1 0
github.com/GoMudEngine/GoMud/internal/usercommands/usercommands.go:198.2,198.19 1 1
github.com/GoMudEngine/GoMud/internal/usercommands/usercommands.go:202.65,208.54 3 1
github.com/GoMudEngine/GoMud/internal/usercommands/usercommands.go:208.54,209.38 1 0
github.com/GoMudEngine/GoMud/internal/usercommands/usercommands.go:209.38,210.12 1 0
github.com/GoMudEngine/GoMud/internal/usercommands/usercommands.go:213.3,214.58 2 0
github.com/GoMudEngine/GoMud/internal/usercommands/usercommands.go:214.58,216.4 1 0
github.com/GoMudEngine/GoMud/internal/usercommands/usercommands.go:219.2,219.56 1 1
github.com/GoMudEngine/GoMud/internal/usercommands/usercommands.go:219.56,221.58 2 0
github.com/GoMudEngine/GoMud/internal/usercommands/usercommands.go:221.58,223.4 1 0
github.com/GoMudEngine/GoMud/internal/usercommands/usercommands.go:226.2,226.16 1 1
github.com/GoMudEngine/GoMud/internal/usercommands/usercommands.go:229.66,233.50 2 1
github.com/GoMudEngine/GoMud/internal/usercommands/usercommands.go:233.50,235.58 2 0
github.com/GoMudEngine/GoMud/internal/usercommands/usercommands.go:235.58,237.4 1 0
github.com/GoMudEngine/GoMud/internal/usercommands/usercommands.go:240.2,240.53 1 1
github.com/GoMudEngine/GoMud/internal/usercommands/usercommands.go:240.53,242.58 2 0
github.com/GoMudEngine/GoMud/internal/usercommands/usercommands.go:242.58,244.4 1 0
github.com/GoMudEngine/GoMud/internal/usercommands/usercommands.go:247.2,247.16 1 1
github.com/GoMudEngine/GoMud/internal/usercommands/usercommands.go:250.92,253.21 1 1
github.com/GoMudEngine/GoMud/internal/usercommands/usercommands.go:253.21,257.60 3 1
github.com/GoMudEngine/GoMud/internal/usercommands/usercommands.go:257.60,259.4 1 1
github.com/GoMudEngine/GoMud/internal/usercommands/usercommands.go:261.3,261.18 1 1
github.com/GoMudEngine/GoMud/internal/usercommands/usercommands.go:261.18,265.15 2 0
github.com/GoMudEngine/GoMud/internal/usercommands/usercommands.go:265.15,267.5 1 0
github.com/GoMudEngine/GoMud/internal/usercommands/usercommands.go:272.2,274.17 3 1
github.com/GoMudEngine/GoMud/internal/usercommands/usercommands.go:274.17,276.3 1 1
github.com/GoMudEngine/GoMud/internal/usercommands/usercommands.go:278.2,279.17 2 1
github.com/GoMudEngine/GoMud/internal/usercommands/usercommands.go:279.17,281.3 1 0
github.com/GoMudEngine/GoMud/internal/usercommands/usercommands.go:283.2,287.20 3 1
github.com/GoMudEngine/GoMud/internal/usercommands/usercommands.go:287.20,290.3 2 1
github.com/GoMudEngine/GoMud/internal/usercommands/usercommands.go:290.8,292.55 1 1
github.com/GoMudEngine/GoMud/internal/usercommands/usercommands.go:292.55,295.36 1 0
github.com/GoMudEngine/GoMud/internal/usercommands/usercommands.go:295.36,300.22 3 0
github.com/GoMudEngine/GoMud/internal/usercommands/usercommands.go:300.22,302.6 1 0
github.com/GoMudEngine/GoMud/internal/usercommands/usercommands.go:302.11,304.6 1 0
github.com/GoMudEngine/GoMud/internal/usercommands/usercommands.go:305.10,307.5 1 0
github.com/GoMudEngine/GoMud/internal/usercommands/usercommands.go:310.3,310.59 1 1
github.com/GoMudEngine/GoMud/internal/usercommands/usercommands.go:310.59,313.36 1 0
github.com/GoMudEngine/GoMud/internal/usercommands/usercommands.go:313.36,318.22 3 0
github.com/GoMudEngine/GoMud/internal/usercommands/usercommands.go:318.22,320.6 1 0
github.com/GoMudEngine/GoMud/internal/usercommands/usercommands.go:320.11,322.6 1 0
github.com/GoMudEngine/GoMud/internal/usercommands/usercommands.go:323.10,325.5 1 0
github.com/GoMudEngine/GoMud/internal/usercommands/usercommands.go:328.3,332.13 3 1
github.com/GoMudEngine/GoMud/internal/usercommands/usercommands.go:332.13,334.4 1 1
github.com/GoMudEngine/GoMud/internal/usercommands/usercommands.go:336.3,336.12 1 1
github.com/GoMudEngine/GoMud/internal/usercommands/usercommands.go:336.12,338.92 1 0
github.com/GoMudEngine/GoMud/internal/usercommands/usercommands.go:338.92,339.16 1 0
github.com/GoMudEngine/GoMud/internal/usercommands/usercommands.go:339.16,341.6 1 0
github.com/GoMudEngine/GoMud/internal/usercommands/usercommands.go:348.2,354.40 2 1
github.com/GoMudEngine/GoMud/internal/usercommands/usercommands.go:354.40,355.20 1 1
github.com/GoMudEngine/GoMud/internal/usercommands/usercommands.go:355.20,365.4 4 1
github.com/GoMudEngine/GoMud/internal/usercommands/usercommands.go:365.9,365.29 1 1
github.com/GoMudEngine/GoMud/internal/usercommands/usercommands.go:365.29,366.91 1 1
github.com/GoMudEngine/GoMud/internal/usercommands/usercommands.go:366.91,372.5 2 1
github.com/GoMudEngine/GoMud/internal/usercommands/usercommands.go:378.2,378.36 1 1
github.com/GoMudEngine/GoMud/internal/usercommands/usercommands.go:378.36,379.41 1 1
github.com/GoMudEngine/GoMud/internal/usercommands/usercommands.go:379.41,381.24 2 1
github.com/GoMudEngine/GoMud/internal/usercommands/usercommands.go:381.24,383.10 2 1
github.com/GoMudEngine/GoMud/internal/usercommands/usercommands.go:384.10,384.85 1 1
github.com/GoMudEngine/GoMud/internal/usercommands/usercommands.go:384.85,386.10 2 0
github.com/GoMudEngine/GoMud/internal/usercommands/usercommands.go:391.2,391.42 1 1
github.com/GoMudEngine/GoMud/internal/usercommands/usercommands.go:391.42,393.33 1 1
github.com/GoMudEngine/GoMud/internal/usercommands/usercommands.go:393.33,396.42 1 1
github.com/GoMudEngine/GoMud/internal/usercommands/usercommands.go:396.42,399.5 2 1
github.com/GoMudEngine/GoMud/internal/usercommands/usercommands.go:402.4,402.27 1 1
github.com/GoMudEngine/GoMud/internal/usercommands/usercommands.go:402.27,404.5 1 0
github.com/GoMudEngine/GoMud/internal/usercommands/usercommands.go:408.3,408.31 1 1
github.com/GoMudEngine/GoMud/internal/usercommands/usercommands.go:408.31,410.57 1 1
github.com/GoMudEngine/GoMud/internal/usercommands/usercommands.go:410.57,413.5 2 1
github.com/GoMudEngine/GoMud/internal/usercommands/usercommands.go:416.3,416.62 1 1
github.com/GoMudEngine/GoMud/internal/usercommands/usercommands.go:416.62,419.17 2 1
github.com/GoMudEngine/GoMud/internal/usercommands/usercommands.go:419.17,421.5 1 1
github.com/GoMudEngine/GoMud/internal/usercommands/usercommands.go:423.4,423.25 1 1
github.com/GoMudEngine/GoMud/internal/usercommands/usercommands.go:423.25,425.5 1 1
github.com/GoMudEngine/GoMud/internal/usercommands/usercommands.go:428.4,429.23 2 1
github.com/GoMudEngine/GoMud/internal/usercommands/usercommands.go:434.2,434.36 1 1
github.com/GoMudEngine/GoMud/internal/usercommands/usercommands.go:434.36,437.3 2 1
github.com/GoMudEngine/GoMud/internal/usercommands/usercommands.go:439.2,439.34 1 1
github.com/GoMudEngine/GoMud/internal/usercommands/usercommands.go:439.34,441.20 2 0
github.com/GoMudEngine/GoMud/internal/usercommands/usercommands.go:441.20,443.4 1 0
github.com/GoMudEngine/GoMud/internal/usercommands/usercommands.go:444.3,444.42 1 0
github.com/GoMudEngine/GoMud/internal/usercommands/usercommands.go:448.2,449.15 2 1
github.com/GoMudEngine/GoMud/internal/usercommands/usercommands.go:449.15,451.3 1 1
github.com/GoMudEngine/GoMud/internal/usercommands/usercommands.go:453.2,453.57 1 1
github.com/GoMudEngine/GoMud/internal/usercommands/usercommands.go:453.57,455.3 1 1
github.com/GoMudEngine/GoMud/internal/usercommands/usercommands.go:458.2,458.19 1 1
github.com/GoMudEngine/GoMud/internal/usercommands/usercommands.go:463.52,465.33 2 1
github.com/GoMudEngine/GoMud/internal/usercommands/usercommands.go:465.33,467.3 1 1
github.com/GoMudEngine/GoMud/internal/usercommands/usercommands.go:468.2,468.17 1 1
github.com/GoMudEngine/GoMud/internal/usercommands/usercommands.go:472.128,479.2 1 1
github.com/GoMudEngine/GoMud/internal/usercommands/usercommands.go:483.74,488.16 2 1
github.com/GoMudEngine/GoMud/internal/usercommands/usercommands.go:488.16,494.50 2 0
github.com/GoMudEngine/GoMud/internal/usercommands/usercommands.go:494.50,497.57 1 0
github.com/GoMudEngine/GoMud/internal/usercommands/usercommands.go:497.57,498.59 1 0
github.com/GoMudEngine/GoMud/internal/usercommands/usercommands.go:498.59,500.6 1 0
github.com/GoMudEngine/GoMud/internal/usercommands/usercommands.go:506.2,506.24 1 1
github.com/GoMudEngine/GoMud/internal/usercommands/whisper.go:13.107,17.19 2 1
github.com/GoMudEngine/GoMud/internal/usercommands/whisper.go:17.19,20.3 2 1
github.com/GoMudEngine/GoMud/internal/usercommands/whisper.go:22.2,23.36 2 1
github.com/GoMudEngine/GoMud/internal/usercommands/whisper.go:23.36,26.3 2 0
github.com/GoMudEngine/GoMud/internal/usercommands/whisper.go:28.2,31.19 3 1
github.com/GoMudEngine/GoMud/internal/usercommands/whisper.go:31.19,34.3 2 1
github.com/GoMudEngine/GoMud/internal/usercommands/whisper.go:36.2,39.32 3 1
github.com/GoMudEngine/GoMud/internal/usercommands/whisper.go:39.32,42.3 2 1
github.com/GoMudEngine/GoMud/internal/usercommands/whisper.go:45.2,45.37 1 1
github.com/GoMudEngine/GoMud/internal/usercommands/whisper.go:45.37,48.3 2 0
github.com/GoMudEngine/GoMud/internal/usercommands/whisper.go:50.2,64.18 5 1
github.com/GoMudEngine/GoMud/internal/usercommands/who.go:10.103,18.2 4 1
github.com/GoMudEngine/GoMud/internal/usercommands/zombieact.go:14.109,16.44 1 1
github.com/GoMudEngine/GoMud/internal/usercommands/zombieact.go:16.44,18.3 1 1
github.com/GoMudEngine/GoMud/internal/usercommands/zombieact.go:20.2,20.23 1 0
github.com/GoMudEngine/GoMud/internal/usercommands/zombieact.go:20.23,22.3 1 0
github.com/GoMudEngine/GoMud/internal/usercommands/zombieact.go:24.2,24.18 1 0
