[90m[13:22:48][0m [32mINFO: [0m [36mReloadConfig()[39;49m overridePath=[33;49m"_datafiles/world/default/config-overrides.yaml"[0m 
[90m[13:22:48][0m [32mINFO: [0m [36mReloadConfig()[39;49m Loading overrides=[92;49mfalse[0m   
[90m[13:22:50][0m [32mINFO: [0m [36mMigration 0.10.0[39;49m message=[33;49m"Migrating user files for new stat system"[0m 
[90m[13:22:50][0m [32mINFO: [0m [36mMigration 0.10.0[39;49m file=[33;49m"_datafiles\world\dogmud\users\1.yaml"[0m message=[33;49m"checking user file"[0m 
[90m[13:22:50][0m [32mINFO: [0m [36mMigration 0.10.0[39;49m file=[33;49m"_datafiles\world\dogmud\users\1.yaml"[0m message=[33;49m"no changes needed"[0m 
[90m[13:22:50][0m [32mINFO: [0m [36mMigration 0.10.0[39;49m file=[33;49m"_datafiles\world\dogmud\users\10.yaml"[0m message=[33;49m"checking user file"[0m 
[90m[13:22:50][0m [32mINFO: [0m [36mMigration 0.10.0[39;49m file=[33;49m"_datafiles\world\dogmud\users\10.yaml"[0m message=[33;49m"no changes needed"[0m 
[90m[13:22:50][0m [32mINFO: [0m [36mMigration 0.10.0[39;49m file=[33;49m"_datafiles\world\dogmud\users\11.yaml"[0m message=[33;49m"checking user file"[0m 
[90m[13:22:50][0m [32mINFO: [0m [36mMigration 0.10.0[39;49m file=[33;49m"_datafiles\world\dogmud\users\11.yaml"[0m message=[33;49m"no changes needed"[0m 
[90m[13:22:50][0m [32mINFO: [0m [36mMigration 0.10.0[39;49m file=[33;49m"_datafiles\world\dogmud\users\12.yaml"[0m message=[33;49m"checking user file"[0m 
[90m[13:22:50][0m [32mINFO: [0m [36mMigration 0.10.0[39;49m file=[33;49m"_datafiles\world\dogmud\users\12.yaml"[0m message=[33;49m"no changes needed"[0m 
[90m[13:22:50][0m [32mINFO: [0m [36mMigration 0.10.0[39;49m file=[33;49m"_datafiles\world\dogmud\users\13.yaml"[0m message=[33;49m"checking user file"[0m 
[90m[13:22:50][0m [32mINFO: [0m [36mMigration 0.10.0[39;49m file=[33;49m"_datafiles\world\dogmud\users\13.yaml"[0m message=[33;49m"no changes needed"[0m 
[90m[13:22:50][0m [32mINFO: [0m [36mMigration 0.10.0[39;49m file=[33;49m"_datafiles\world\dogmud\users\14.yaml"[0m message=[33;49m"checking user file"[0m 
[90m[13:22:50][0m [32mINFO: [0m [36mMigration 0.10.0[39;49m file=[33;49m"_datafiles\world\dogmud\users\14.yaml"[0m message=[33;49m"no changes needed"[0m 
[90m[13:22:50][0m [32mINFO: [0m [36mMigration 0.10.0[39;49m file=[33;49m"_datafiles\world\dogmud\users\15.yaml"[0m message=[33;49m"checking user file"[0m 
[90m[13:22:50][0m [32mINFO: [0m [36mMigration 0.10.0[39;49m file=[33;49m"_datafiles\world\dogmud\users\15.yaml"[0m message=[33;49m"no changes needed"[0m 
[90m[13:22:50][0m [32mINFO: [0m [36mMigration 0.10.0[39;49m file=[33;49m"_datafiles\world\dogmud\users\16.yaml"[0m message=[33;49m"checking user file"[0m 
[90m[13:22:50][0m [32mINFO: [0m [36mMigration 0.10.0[39;49m file=[33;49m"_datafiles\world\dogmud\users\16.yaml"[0m message=[33;49m"no changes needed"[0m 
[90m[13:22:50][0m [32mINFO: [0m [36mMigration 0.10.0[39;49m file=[33;49m"_datafiles\world\dogmud\users\17.yaml"[0m message=[33;49m"checking user file"[0m 
[90m[13:22:50][0m [32mINFO: [0m [36mMigration 0.10.0[39;49m file=[33;49m"_datafiles\world\dogmud\users\17.yaml"[0m message=[33;49m"no changes needed"[0m 
[90m[13:22:50][0m [32mINFO: [0m [36mMigration 0.10.0[39;49m file=[33;49m"_datafiles\world\dogmud\users\18.yaml"[0m message=[33;49m"checking user file"[0m 
[90m[13:22:50][0m [32mINFO: [0m [36mMigration 0.10.0[39;49m file=[33;49m"_datafiles\world\dogmud\users\18.yaml"[0m message=[33;49m"no changes needed"[0m 
[90m[13:22:50][0m [32mINFO: [0m [36mMigration 0.10.0[39;49m file=[33;49m"_datafiles\world\dogmud\users\19.yaml"[0m message=[33;49m"checking user file"[0m 
[90m[13:22:50][0m [32mINFO: [0m [36mMigration 0.10.0[39;49m file=[33;49m"_datafiles\world\dogmud\users\19.yaml"[0m message=[33;49m"no changes needed"[0m 
[90m[13:22:50][0m [32mINFO: [0m [36mMigration 0.10.0[39;49m file=[33;49m"_datafiles\world\dogmud\users\2.yaml"[0m message=[33;49m"checking user file"[0m 
[90m[13:22:50][0m [32mINFO: [0m [36mMigration 0.10.0[39;49m file=[33;49m"_datafiles\world\dogmud\users\2.yaml"[0m message=[33;49m"no changes needed"[0m 
[90m[13:22:50][0m [32mINFO: [0m [36mMigration 0.10.0[39;49m file=[33;49m"_datafiles\world\dogmud\users\20.yaml"[0m message=[33;49m"checking user file"[0m 
[90m[13:22:50][0m [32mINFO: [0m [36mMigration 0.10.0[39;49m file=[33;49m"_datafiles\world\dogmud\users\20.yaml"[0m message=[33;49m"no changes needed"[0m 
[90m[13:22:50][0m [32mINFO: [0m [36mMigration 0.10.0[39;49m file=[33;49m"_datafiles\world\dogmud\users\21.yaml"[0m message=[33;49m"checking user file"[0m 
[90m[13:22:50][0m [32mINFO: [0m [36mMigration 0.10.0[39;49m file=[33;49m"_datafiles\world\dogmud\users\21.yaml"[0m message=[33;49m"no changes needed"[0m 
[90m[13:22:50][0m [32mINFO: [0m [36mMigration 0.10.0[39;49m file=[33;49m"_datafiles\world\dogmud\users\3.yaml"[0m message=[33;49m"checking user file"[0m 
[90m[13:22:50][0m [32mINFO: [0m [36mMigration 0.10.0[39;49m file=[33;49m"_datafiles\world\dogmud\users\3.yaml"[0m message=[33;49m"no changes needed"[0m 
[90m[13:22:50][0m [32mINFO: [0m [36mMigration 0.10.0[39;49m file=[33;49m"_datafiles\world\dogmud\users\4.yaml"[0m message=[33;49m"checking user file"[0m 
[90m[13:22:50][0m [32mINFO: [0m [36mMigration 0.10.0[39;49m file=[33;49m"_datafiles\world\dogmud\users\4.yaml"[0m message=[33;49m"no changes needed"[0m 
[90m[13:22:50][0m [32mINFO: [0m [36mMigration 0.10.0[39;49m file=[33;49m"_datafiles\world\dogmud\users\5.yaml"[0m message=[33;49m"checking user file"[0m 
[90m[13:22:50][0m [32mINFO: [0m [36mMigration 0.10.0[39;49m file=[33;49m"_datafiles\world\dogmud\users\5.yaml"[0m message=[33;49m"no changes needed"[0m 
[90m[13:22:50][0m [32mINFO: [0m [36mMigration 0.10.0[39;49m file=[33;49m"_datafiles\world\dogmud\users\6.yaml"[0m message=[33;49m"checking user file"[0m 
[90m[13:22:50][0m [32mINFO: [0m [36mMigration 0.10.0[39;49m file=[33;49m"_datafiles\world\dogmud\users\6.yaml"[0m message=[33;49m"no changes needed"[0m 
[90m[13:22:50][0m [32mINFO: [0m [36mMigration 0.10.0[39;49m file=[33;49m"_datafiles\world\dogmud\users\7.yaml"[0m message=[33;49m"checking user file"[0m 
[90m[13:22:50][0m [32mINFO: [0m [36mMigration 0.10.0[39;49m file=[33;49m"_datafiles\world\dogmud\users\7.yaml"[0m message=[33;49m"no changes needed"[0m 
[90m[13:22:50][0m [32mINFO: [0m [36mMigration 0.10.0[39;49m file=[33;49m"_datafiles\world\dogmud\users\8.yaml"[0m message=[33;49m"checking user file"[0m 
[90m[13:22:50][0m [32mINFO: [0m [36mMigration 0.10.0[39;49m file=[33;49m"_datafiles\world\dogmud\users\8.yaml"[0m message=[33;49m"no changes needed"[0m 
[90m[13:22:50][0m [32mINFO: [0m [36mMigration 0.10.0[39;49m file=[33;49m"_datafiles\world\dogmud\users\9.yaml"[0m message=[33;49m"checking user file"[0m 
[90m[13:22:50][0m [32mINFO: [0m [36mMigration 0.10.0[39;49m file=[33;49m"_datafiles\world\dogmud\users\9.yaml"[0m message=[33;49m"no changes needed"[0m 
[90m[13:22:50][0m [32mINFO: [0m [36mMigration 0.10.0[39;49m message=[33;49m"User file migration complete!"[0m 
[90m[13:22:50][0m [32mINFO: [0m [36mMigration 0.11.0[39;49m message=[33;49m"Rolling stats for existing characters"[0m 
[90m[13:22:50][0m [32mINFO: [0m [36mMigration 0.11.0[39;49m file=[33;49m"_datafiles\world\dogmud\users\1.yaml"[0m message=[33;49m"checking user file"[0m 
[90m[13:22:50][0m [32mINFO: [0m [36mMigration 0.11.0[39;49m file=[33;49m"_datafiles\world\dogmud\users\1.yaml"[0m message=[33;49m"stats already rolled, skipping"[0m 
[90m[13:22:50][0m [32mINFO: [0m [36mMigration 0.11.0[39;49m file=[33;49m"_datafiles\world\dogmud\users\10.yaml"[0m message=[33;49m"checking user file"[0m 
[90m[13:22:50][0m [32mINFO: [0m [36mMigration 0.11.0[39;49m file=[33;49m"_datafiles\world\dogmud\users\10.yaml"[0m message=[33;49m"stats already rolled, skipping"[0m 
[90m[13:22:50][0m [32mINFO: [0m [36mMigration 0.11.0[39;49m file=[33;49m"_datafiles\world\dogmud\users\11.yaml"[0m message=[33;49m"checking user file"[0m 
[90m[13:22:50][0m [32mINFO: [0m [36mMigration 0.11.0[39;49m file=[33;49m"_datafiles\world\dogmud\users\11.yaml"[0m message=[33;49m"stats already rolled, skipping"[0m 
[90m[13:22:50][0m [32mINFO: [0m [36mMigration 0.11.0[39;49m file=[33;49m"_datafiles\world\dogmud\users\12.yaml"[0m message=[33;49m"checking user file"[0m 
[90m[13:22:50][0m [32mINFO: [0m [36mMigration 0.11.0[39;49m file=[33;49m"_datafiles\world\dogmud\users\12.yaml"[0m message=[33;49m"stats already rolled, skipping"[0m 
[90m[13:22:50][0m [32mINFO: [0m [36mMigration 0.11.0[39;49m file=[33;49m"_datafiles\world\dogmud\users\13.yaml"[0m message=[33;49m"checking user file"[0m 
[90m[13:22:50][0m [32mINFO: [0m [36mMigration 0.11.0[39;49m file=[33;49m"_datafiles\world\dogmud\users\13.yaml"[0m message=[33;49m"stats already rolled, skipping"[0m 
[90m[13:22:50][0m [32mINFO: [0m [36mMigration 0.11.0[39;49m file=[33;49m"_datafiles\world\dogmud\users\14.yaml"[0m message=[33;49m"checking user file"[0m 
[90m[13:22:50][0m [32mINFO: [0m [36mMigration 0.11.0[39;49m file=[33;49m"_datafiles\world\dogmud\users\14.yaml"[0m message=[33;49m"stats already rolled, skipping"[0m 
[90m[13:22:50][0m [32mINFO: [0m [36mMigration 0.11.0[39;49m file=[33;49m"_datafiles\world\dogmud\users\15.yaml"[0m message=[33;49m"checking user file"[0m 
[90m[13:22:50][0m [32mINFO: [0m [36mMigration 0.11.0[39;49m file=[33;49m"_datafiles\world\dogmud\users\15.yaml"[0m message=[33;49m"stats already rolled, skipping"[0m 
[90m[13:22:50][0m [32mINFO: [0m [36mMigration 0.11.0[39;49m file=[33;49m"_datafiles\world\dogmud\users\16.yaml"[0m message=[33;49m"checking user file"[0m 
[90m[13:22:50][0m [32mINFO: [0m [36mMigration 0.11.0[39;49m file=[33;49m"_datafiles\world\dogmud\users\16.yaml"[0m message=[33;49m"stats already rolled, skipping"[0m 
[90m[13:22:50][0m [32mINFO: [0m [36mMigration 0.11.0[39;49m file=[33;49m"_datafiles\world\dogmud\users\17.yaml"[0m message=[33;49m"checking user file"[0m 
[90m[13:22:50][0m [32mINFO: [0m [36mMigration 0.11.0[39;49m file=[33;49m"_datafiles\world\dogmud\users\17.yaml"[0m message=[33;49m"stats already rolled, skipping"[0m 
[90m[13:22:50][0m [32mINFO: [0m [36mMigration 0.11.0[39;49m file=[33;49m"_datafiles\world\dogmud\users\18.yaml"[0m message=[33;49m"checking user file"[0m 
[90m[13:22:50][0m [32mINFO: [0m [36mMigration 0.11.0[39;49m file=[33;49m"_datafiles\world\dogmud\users\18.yaml"[0m message=[33;49m"stats already rolled, skipping"[0m 
[90m[13:22:50][0m [32mINFO: [0m [36mMigration 0.11.0[39;49m file=[33;49m"_datafiles\world\dogmud\users\19.yaml"[0m message=[33;49m"checking user file"[0m 
[90m[13:22:50][0m [32mINFO: [0m [36mMigration 0.11.0[39;49m file=[33;49m"_datafiles\world\dogmud\users\19.yaml"[0m message=[33;49m"stats already rolled, skipping"[0m 
[90m[13:22:50][0m [32mINFO: [0m [36mMigration 0.11.0[39;49m file=[33;49m"_datafiles\world\dogmud\users\2.yaml"[0m message=[33;49m"checking user file"[0m 
[90m[13:22:50][0m [32mINFO: [0m [36mMigration 0.11.0[39;49m file=[33;49m"_datafiles\world\dogmud\users\2.yaml"[0m message=[33;49m"stats already rolled, skipping"[0m 
[90m[13:22:50][0m [32mINFO: [0m [36mMigration 0.11.0[39;49m file=[33;49m"_datafiles\world\dogmud\users\20.yaml"[0m message=[33;49m"checking user file"[0m 
[90m[13:22:50][0m [32mINFO: [0m [36mMigration 0.11.0[39;49m file=[33;49m"_datafiles\world\dogmud\users\20.yaml"[0m message=[33;49m"stats already rolled, skipping"[0m 
[90m[13:22:50][0m [32mINFO: [0m [36mMigration 0.11.0[39;49m file=[33;49m"_datafiles\world\dogmud\users\21.yaml"[0m message=[33;49m"checking user file"[0m 
[90m[13:22:50][0m [32mINFO: [0m [36mMigration 0.11.0[39;49m file=[33;49m"_datafiles\world\dogmud\users\21.yaml"[0m message=[33;49m"stats already rolled, skipping"[0m 
[90m[13:22:50][0m [32mINFO: [0m [36mMigration 0.11.0[39;49m file=[33;49m"_datafiles\world\dogmud\users\3.yaml"[0m message=[33;49m"checking user file"[0m 
[90m[13:22:50][0m [32mINFO: [0m [36mMigration 0.11.0[39;49m file=[33;49m"_datafiles\world\dogmud\users\3.yaml"[0m message=[33;49m"stats already rolled, skipping"[0m 
[90m[13:22:50][0m [32mINFO: [0m [36mMigration 0.11.0[39;49m file=[33;49m"_datafiles\world\dogmud\users\4.yaml"[0m message=[33;49m"checking user file"[0m 
[90m[13:22:50][0m [32mINFO: [0m [36mMigration 0.11.0[39;49m file=[33;49m"_datafiles\world\dogmud\users\4.yaml"[0m message=[33;49m"stats already rolled, skipping"[0m 
[90m[13:22:50][0m [32mINFO: [0m [36mMigration 0.11.0[39;49m file=[33;49m"_datafiles\world\dogmud\users\5.yaml"[0m message=[33;49m"checking user file"[0m 
[90m[13:22:50][0m [32mINFO: [0m [36mMigration 0.11.0[39;49m file=[33;49m"_datafiles\world\dogmud\users\5.yaml"[0m message=[33;49m"stats already rolled, skipping"[0m 
[90m[13:22:50][0m [32mINFO: [0m [36mMigration 0.11.0[39;49m file=[33;49m"_datafiles\world\dogmud\users\6.yaml"[0m message=[33;49m"checking user file"[0m 
[90m[13:22:50][0m [32mINFO: [0m [36mMigration 0.11.0[39;49m file=[33;49m"_datafiles\world\dogmud\users\6.yaml"[0m message=[33;49m"stats already rolled, skipping"[0m 
[90m[13:22:50][0m [32mINFO: [0m [36mMigration 0.11.0[39;49m file=[33;49m"_datafiles\world\dogmud\users\7.yaml"[0m message=[33;49m"checking user file"[0m 
[90m[13:22:50][0m [32mINFO: [0m [36mMigration 0.11.0[39;49m file=[33;49m"_datafiles\world\dogmud\users\7.yaml"[0m message=[33;49m"stats already rolled, skipping"[0m 
[90m[13:22:50][0m [32mINFO: [0m [36mMigration 0.11.0[39;49m file=[33;49m"_datafiles\world\dogmud\users\8.yaml"[0m message=[33;49m"checking user file"[0m 
[90m[13:22:50][0m [32mINFO: [0m [36mMigration 0.11.0[39;49m file=[33;49m"_datafiles\world\dogmud\users\8.yaml"[0m message=[33;49m"stats already rolled, skipping"[0m 
[90m[13:22:50][0m [32mINFO: [0m [36mMigration 0.11.0[39;49m file=[33;49m"_datafiles\world\dogmud\users\9.yaml"[0m message=[33;49m"checking user file"[0m 
[90m[13:22:50][0m [32mINFO: [0m [36mMigration 0.11.0[39;49m file=[33;49m"_datafiles\world\dogmud\users\9.yaml"[0m message=[33;49m"stats already rolled, skipping"[0m 
[90m[13:22:50][0m [32mINFO: [0m [36mMigration 0.11.0[39;49m message=[33;49m"Character stat migration complete!"[0m 
[90m[13:22:50][0m [32mINFO: [0m [36mMigration 0.12.0[39;49m message=[33;49m"Renaming raceid to speciesid in user files"[0m 
[90m[13:22:50][0m [32mINFO: [0m [36mMigration 0.12.0[39;49m file=[33;49m"_datafiles\world\dogmud\users\1.yaml"[0m message=[33;49m"checking user file"[0m 
[90m[13:22:50][0m [32mINFO: [0m [36mMigration 0.12.0[39;49m file=[33;49m"_datafiles\world\dogmud\users\1.yaml"[0m message=[33;49m"no raceid found, skipping"[0m 
[90m[13:22:50][0m [32mINFO: [0m [36mMigration 0.12.0[39;49m file=[33;49m"_datafiles\world\dogmud\users\10.yaml"[0m message=[33;49m"checking user file"[0m 
[90m[13:22:50][0m [32mINFO: [0m [36mMigration 0.12.0[39;49m file=[33;49m"_datafiles\world\dogmud\users\10.yaml"[0m message=[33;49m"no raceid found, skipping"[0m 
[90m[13:22:50][0m [32mINFO: [0m [36mMigration 0.12.0[39;49m file=[33;49m"_datafiles\world\dogmud\users\11.yaml"[0m message=[33;49m"checking user file"[0m 
[90m[13:22:50][0m [32mINFO: [0m [36mMigration 0.12.0[39;49m file=[33;49m"_datafiles\world\dogmud\users\11.yaml"[0m message=[33;49m"no raceid found, skipping"[0m 
[90m[13:22:50][0m [32mINFO: [0m [36mMigration 0.12.0[39;49m file=[33;49m"_datafiles\world\dogmud\users\12.yaml"[0m message=[33;49m"checking user file"[0m 
[90m[13:22:50][0m [32mINFO: [0m [36mMigration 0.12.0[39;49m file=[33;49m"_datafiles\world\dogmud\users\12.yaml"[0m message=[33;49m"no raceid found, skipping"[0m 
[90m[13:22:50][0m [32mINFO: [0m [36mMigration 0.12.0[39;49m file=[33;49m"_datafiles\world\dogmud\users\13.yaml"[0m message=[33;49m"checking user file"[0m 
[90m[13:22:50][0m [32mINFO: [0m [36mMigration 0.12.0[39;49m file=[33;49m"_datafiles\world\dogmud\users\13.yaml"[0m message=[33;49m"no raceid found, skipping"[0m 
[90m[13:22:50][0m [32mINFO: [0m [36mMigration 0.12.0[39;49m file=[33;49m"_datafiles\world\dogmud\users\14.yaml"[0m message=[33;49m"checking user file"[0m 
[90m[13:22:50][0m [32mINFO: [0m [36mMigration 0.12.0[39;49m file=[33;49m"_datafiles\world\dogmud\users\14.yaml"[0m message=[33;49m"no raceid found, skipping"[0m 
[90m[13:22:50][0m [32mINFO: [0m [36mMigration 0.12.0[39;49m file=[33;49m"_datafiles\world\dogmud\users\15.yaml"[0m message=[33;49m"checking user file"[0m 
[90m[13:22:50][0m [32mINFO: [0m [36mMigration 0.12.0[39;49m file=[33;49m"_datafiles\world\dogmud\users\15.yaml"[0m message=[33;49m"no raceid found, skipping"[0m 
[90m[13:22:50][0m [32mINFO: [0m [36mMigration 0.12.0[39;49m file=[33;49m"_datafiles\world\dogmud\users\16.yaml"[0m message=[33;49m"checking user file"[0m 
[90m[13:22:50][0m [32mINFO: [0m [36mMigration 0.12.0[39;49m file=[33;49m"_datafiles\world\dogmud\users\16.yaml"[0m message=[33;49m"no raceid found, skipping"[0m 
[90m[13:22:50][0m [32mINFO: [0m [36mMigration 0.12.0[39;49m file=[33;49m"_datafiles\world\dogmud\users\17.yaml"[0m message=[33;49m"checking user file"[0m 
[90m[13:22:50][0m [32mINFO: [0m [36mMigration 0.12.0[39;49m file=[33;49m"_datafiles\world\dogmud\users\17.yaml"[0m message=[33;49m"no raceid found, skipping"[0m 
[90m[13:22:50][0m [32mINFO: [0m [36mMigration 0.12.0[39;49m file=[33;49m"_datafiles\world\dogmud\users\18.yaml"[0m message=[33;49m"checking user file"[0m 
[90m[13:22:50][0m [32mINFO: [0m [36mMigration 0.12.0[39;49m file=[33;49m"_datafiles\world\dogmud\users\18.yaml"[0m message=[33;49m"no raceid found, skipping"[0m 
[90m[13:22:50][0m [32mINFO: [0m [36mMigration 0.12.0[39;49m file=[33;49m"_datafiles\world\dogmud\users\19.yaml"[0m message=[33;49m"checking user file"[0m 
[90m[13:22:50][0m [32mINFO: [0m [36mMigration 0.12.0[39;49m file=[33;49m"_datafiles\world\dogmud\users\19.yaml"[0m message=[33;49m"no raceid found, skipping"[0m 
[90m[13:22:50][0m [32mINFO: [0m [36mMigration 0.12.0[39;49m file=[33;49m"_datafiles\world\dogmud\users\2.yaml"[0m message=[33;49m"checking user file"[0m 
[90m[13:22:50][0m [32mINFO: [0m [36mMigration 0.12.0[39;49m file=[33;49m"_datafiles\world\dogmud\users\2.yaml"[0m message=[33;49m"no raceid found, skipping"[0m 
[90m[13:22:50][0m [32mINFO: [0m [36mMigration 0.12.0[39;49m file=[33;49m"_datafiles\world\dogmud\users\20.yaml"[0m message=[33;49m"checking user file"[0m 
[90m[13:22:50][0m [32mINFO: [0m [36mMigration 0.12.0[39;49m file=[33;49m"_datafiles\world\dogmud\users\20.yaml"[0m message=[33;49m"no raceid found, skipping"[0m 
[90m[13:22:50][0m [32mINFO: [0m [36mMigration 0.12.0[39;49m file=[33;49m"_datafiles\world\dogmud\users\21.yaml"[0m message=[33;49m"checking user file"[0m 
[90m[13:22:50][0m [32mINFO: [0m [36mMigration 0.12.0[39;49m file=[33;49m"_datafiles\world\dogmud\users\21.yaml"[0m message=[33;49m"no raceid found, skipping"[0m 
[90m[13:22:50][0m [32mINFO: [0m [36mMigration 0.12.0[39;49m file=[33;49m"_datafiles\world\dogmud\users\3.yaml"[0m message=[33;49m"checking user file"[0m 
[90m[13:22:50][0m [32mINFO: [0m [36mMigration 0.12.0[39;49m file=[33;49m"_datafiles\world\dogmud\users\3.yaml"[0m message=[33;49m"no raceid found, skipping"[0m 
[90m[13:22:50][0m [32mINFO: [0m [36mMigration 0.12.0[39;49m file=[33;49m"_datafiles\world\dogmud\users\4.yaml"[0m message=[33;49m"checking user file"[0m 
[90m[13:22:50][0m [32mINFO: [0m [36mMigration 0.12.0[39;49m file=[33;49m"_datafiles\world\dogmud\users\4.yaml"[0m message=[33;49m"no raceid found, skipping"[0m 
[90m[13:22:50][0m [32mINFO: [0m [36mMigration 0.12.0[39;49m file=[33;49m"_datafiles\world\dogmud\users\5.yaml"[0m message=[33;49m"checking user file"[0m 
[90m[13:22:50][0m [32mINFO: [0m [36mMigration 0.12.0[39;49m file=[33;49m"_datafiles\world\dogmud\users\5.yaml"[0m message=[33;49m"no raceid found, skipping"[0m 
[90m[13:22:50][0m [32mINFO: [0m [36mMigration 0.12.0[39;49m file=[33;49m"_datafiles\world\dogmud\users\6.yaml"[0m message=[33;49m"checking user file"[0m 
[90m[13:22:50][0m [32mINFO: [0m [36mMigration 0.12.0[39;49m file=[33;49m"_datafiles\world\dogmud\users\6.yaml"[0m message=[33;49m"no raceid found, skipping"[0m 
[90m[13:22:50][0m [32mINFO: [0m [36mMigration 0.12.0[39;49m file=[33;49m"_datafiles\world\dogmud\users\7.yaml"[0m message=[33;49m"checking user file"[0m 
[90m[13:22:50][0m [32mINFO: [0m [36mMigration 0.12.0[39;49m file=[33;49m"_datafiles\world\dogmud\users\7.yaml"[0m message=[33;49m"no raceid found, skipping"[0m 
[90m[13:22:50][0m [32mINFO: [0m [36mMigration 0.12.0[39;49m file=[33;49m"_datafiles\world\dogmud\users\8.yaml"[0m message=[33;49m"checking user file"[0m 
[90m[13:22:50][0m [32mINFO: [0m [36mMigration 0.12.0[39;49m file=[33;49m"_datafiles\world\dogmud\users\8.yaml"[0m message=[33;49m"no raceid found, skipping"[0m 
[90m[13:22:50][0m [32mINFO: [0m [36mMigration 0.12.0[39;49m file=[33;49m"_datafiles\world\dogmud\users\9.yaml"[0m message=[33;49m"checking user file"[0m 
[90m[13:22:50][0m [32mINFO: [0m [36mMigration 0.12.0[39;49m file=[33;49m"_datafiles\world\dogmud\users\9.yaml"[0m message=[33;49m"no raceid found, skipping"[0m 
[90m[13:22:50][0m [32mINFO: [0m [36mMigration 0.12.0[39;49m message=[33;49m"Race to species migration complete!"[0m 
[90m[13:22:50][0m [32mINFO: [0m [36mfactions.LoadAllDefiniti[39;49m loadedCount=[31;49m3[0m             
[90m[13:22:50][0m [32mINFO: [0m [36mMigration 0.13.0        [39;49m message=[33;49m"Seeding warren faction rep from legacy 2-end quest token"[0m 
[90m[13:22:50][0m [32mINFO: [0m [36mMigration 0.13.0        [39;49m file=[33;49m"_datafiles\world\dogmud\users\1.yaml"[0m message=[33;49m"checking user file"[0m 
[90m[13:22:50][0m [32mINFO: [0m [36mMigration 0.13.0        [39;49m file=[33;49m"_datafiles\world\dogmud\users\10.yaml"[0m message=[33;49m"checking user file"[0m 
[90m[13:22:50][0m [32mINFO: [0m [36mMigration 0.13.0        [39;49m file=[33;49m"_datafiles\world\dogmud\users\11.yaml"[0m message=[33;49m"checking user file"[0m 
[90m[13:22:50][0m [32mINFO: [0m [36mMigration 0.13.0        [39;49m file=[33;49m"_datafiles\world\dogmud\users\12.yaml"[0m message=[33;49m"checking user file"[0m 
[90m[13:22:50][0m [32mINFO: [0m [36mMigration 0.13.0        [39;49m file=[33;49m"_datafiles\world\dogmud\users\13.yaml"[0m message=[33;49m"checking user file"[0m 
[90m[13:22:50][0m [32mINFO: [0m [36mMigration 0.13.0        [39;49m file=[33;49m"_datafiles\world\dogmud\users\14.yaml"[0m message=[33;49m"checking user file"[0m 
[90m[13:22:50][0m [32mINFO: [0m [36mMigration 0.13.0        [39;49m file=[33;49m"_datafiles\world\dogmud\users\15.yaml"[0m message=[33;49m"checking user file"[0m 
[90m[13:22:50][0m [32mINFO: [0m [36mMigration 0.13.0        [39;49m file=[33;49m"_datafiles\world\dogmud\users\15.yaml"[0m message=[33;49m"warren rep already at 5, skipping seed"[0m 
[90m[13:22:50][0m [32mINFO: [0m [36mMigration 0.13.0        [39;49m file=[33;49m"_datafiles\world\dogmud\users\16.yaml"[0m message=[33;49m"checking user file"[0m 
[90m[13:22:50][0m [32mINFO: [0m [36mMigration 0.13.0        [39;49m file=[33;49m"_datafiles\world\dogmud\users\17.yaml"[0m message=[33;49m"checking user file"[0m 
[90m[13:22:50][0m [32mINFO: [0m [36mMigration 0.13.0        [39;49m file=[33;49m"_datafiles\world\dogmud\users\17.yaml"[0m message=[33;49m"warren rep already at 25, skipping seed"[0m 
[90m[13:22:50][0m [32mINFO: [0m [36mMigration 0.13.0        [39;49m file=[33;49m"_datafiles\world\dogmud\users\18.yaml"[0m message=[33;49m"checking user file"[0m 
[90m[13:22:50][0m [32mINFO: [0m [36mMigration 0.13.0        [39;49m file=[33;49m"_datafiles\world\dogmud\users\19.yaml"[0m message=[33;49m"checking user file"[0m 
[90m[13:22:50][0m [32mINFO: [0m [36mMigration 0.13.0        [39;49m file=[33;49m"_datafiles\world\dogmud\users\2.yaml"[0m message=[33;49m"checking user file"[0m 
[90m[13:22:50][0m [32mINFO: [0m [36mMigration 0.13.0        [39;49m file=[33;49m"_datafiles\world\dogmud\users\20.yaml"[0m message=[33;49m"checking user file"[0m 
[90m[13:22:50][0m [32mINFO: [0m [36mMigration 0.13.0        [39;49m file=[33;49m"_datafiles\world\dogmud\users\21.yaml"[0m message=[33;49m"checking user file"[0m 
[90m[13:22:50][0m [32mINFO: [0m [36mMigration 0.13.0        [39;49m file=[33;49m"_datafiles\world\dogmud\users\3.yaml"[0m message=[33;49m"checking user file"[0m 
[90m[13:22:50][0m [32mINFO: [0m [36mMigration 0.13.0        [39;49m file=[33;49m"_datafiles\world\dogmud\users\4.yaml"[0m message=[33;49m"checking user file"[0m 
[90m[13:22:50][0m [32mINFO: [0m [36mMigration 0.13.0        [39;49m file=[33;49m"_datafiles\world\dogmud\users\5.yaml"[0m message=[33;49m"checking user file"[0m 
[90m[13:22:50][0m [32mINFO: [0m [36mMigration 0.13.0        [39;49m file=[33;49m"_datafiles\world\dogmud\users\6.yaml"[0m message=[33;49m"checking user file"[0m 
[90m[13:22:50][0m [32mINFO: [0m [36mMigration 0.13.0        [39;49m file=[33;49m"_datafiles\world\dogmud\users\7.yaml"[0m message=[33;49m"checking user file"[0m 
[90m[13:22:50][0m [32mINFO: [0m [36mMigration 0.13.0        [39;49m file=[33;49m"_datafiles\world\dogmud\users\8.yaml"[0m message=[33;49m"checking user file"[0m 
[90m[13:22:50][0m [32mINFO: [0m [36mMigration 0.13.0        [39;49m file=[33;49m"_datafiles\world\dogmud\users\9.yaml"[0m message=[33;49m"checking user file"[0m 
[90m[13:22:50][0m [32mINFO: [0m [36mMigration 0.13.0        [39;49m message=[33;49m"Warren rep seeding complete!"[0m 
[90m[13:22:51][0m [32mINFO: [0m [36m========================[39;49m 
[90m[13:22:51][0m [32mINFO: [0m [36m  _____                 [39;49m 
[90m[13:22:51][0m [32mINFO: [0m [36m / ____|                [39;49m 
[90m[13:22:51][0m [32mINFO: [0m [36m| |  __  ___            [39;49m 
[90m[13:22:51][0m [32mINFO: [0m [36m| | |_ |/ _ \           [39;49m 
[90m[13:22:51][0m [32mINFO: [0m [36m| |__| | (_) |          [39;49m 
[90m[13:22:51][0m [32mINFO: [0m [36m \_____|\___/           [39;49m 
[90m[13:22:51][0m [32mINFO: [0m [36m __  __           _     [39;49m 
[90m[13:22:51][0m [32mINFO: [0m [36m|  \/  |         | |    [39;49m 
[90m[13:22:51][0m [32mINFO: [0m [36m| \  / |_   _  __| |    [39;49m 
[90m[13:22:51][0m [32mINFO: [0m [36m| |\/| | | | |/ _' |    [39;49m 
[90m[13:22:51][0m [32mINFO: [0m [36m| |  | | |_| | (_| |    [39;49m 
[90m[13:22:51][0m [32mINFO: [0m [36m|_|  |_|\__,_|\__,_|    [39;49m 
[90m[13:22:51][0m [32mINFO: [0m [36m========================[39;49m 
[90m[13:22:51][0m [32mINFO: [0m [36mConfig                  [39;49m name=[33;49m"Analytics.Enabled"[0m  value=[37;49mtrue[0m                
[90m[13:22:51][0m [32mINFO: [0m [36mConfig                  [39;49m name=[33;49m"Analytics.FlushIntervalSec"[0m value=[37;49m300[0m                 
[90m[13:22:51][0m [32mINFO: [0m [36mConfig                  [39;49m name=[33;49m"Analytics.LogPath"[0m  value=[37;49m_datafiles/logs/combat-analytics.jsonl[0m 
[90m[13:22:51][0m [32mINFO: [0m [36mConfig                  [39;49m name=[33;49m"Analytics.MaxEvents"[0m value=[37;49m500000[0m              
[90m[13:22:51][0m [32mINFO: [0m [36mConfig                  [39;49m name=[33;49m"Balance.BarterMaxBonus"[0m value=[37;49m0.15[0m                
[90m[13:22:51][0m [32mINFO: [0m [36mConfig                  [39;49m name=[33;49m"Balance.BarterMaxDiscount"[0m value=[37;49m0.15[0m                
[90m[13:22:51][0m [32mINFO: [0m [36mConfig                  [39;49m name=[33;49m"Balance.BaseProgressionChance"[0m value=[37;49m0.12[0m                
[90m[13:22:51][0m [32mINFO: [0m [36mConfig                  [39;49m name=[33;49m"Balance.BashDamagePercent"[0m value=[37;49m0.5[0m                 
[90m[13:22:51][0m [32mINFO: [0m [36mConfig                  [39;49m name=[33;49m"Balance.BashKnockdownChance"[0m value=[37;49m50[0m                  
[90m[13:22:51][0m [32mINFO: [0m [36mConfig                  [39;49m name=[33;49m"Balance.BlockEffectiveness"[0m value=[37;49m1.05[0m                
[90m[13:22:51][0m [32mINFO: [0m [36mConfig                  [39;49m name=[33;49m"Balance.BlockMultiplier"[0m value=[37;49m0.9[0m                 
[90m[13:22:51][0m [32mINFO: [0m [36mConfig                  [39;49m name=[33;49m"Balance.BountyGoldDefaultMultiplier"[0m value=[37;49m0.5[0m                 
[90m[13:22:51][0m [32mINFO: [0m [36mConfig                  [39;49m name=[33;49m"Balance.BountyGoldFloor"[0m value=[37;49m50[0m                  
[90m[13:22:51][0m [32mINFO: [0m [36mConfig                  [39;49m name=[33;49m"Balance.CaravanDepotDwellRounds"[0m value=[37;49m360[0m                 
[90m[13:22:51][0m [32mINFO: [0m [36mConfig                  [39;49m name=[33;49m"Balance.CaravanServedZones"[0m value=[37;49m[Stillwater Thornwall City][0m 
[90m[13:22:51][0m [32mINFO: [0m [36mConfig                  [39;49m name=[33;49m"Balance.CarryCapacityMultiplier"[0m value=[37;49m0.65[0m                
[90m[13:22:51][0m [32mINFO: [0m [36mConfig                  [39;49m name=[33;49m"Balance.CharacterRenameCooldownHours"[0m value=[37;49m168[0m                 
[90m[13:22:51][0m [32mINFO: [0m [36mConfig                  [39;49m name=[33;49m"Balance.ClinchBlockPenalty"[0m value=[37;49m0.85[0m                
[90m[13:22:51][0m [32mINFO: [0m [36mConfig                  [39;49m name=[33;49m"Balance.ClinchDodgePenalty"[0m value=[37;49m0.8[0m                 
[90m[13:22:51][0m [32mINFO: [0m [36mConfig                  [39;49m name=[33;49m"Balance.ClinchParryPenalty"[0m value=[37;49m0.83[0m                
[90m[13:22:51][0m [32mINFO: [0m [36mConfig                  [39;49m name=[33;49m"Balance.CombatMemoryDuration"[0m value=[37;49m300[0m                 
[90m[13:22:51][0m [32mINFO: [0m [36mConfig                  [39;49m name=[33;49m"Balance.ConsistentAttackMessages"[0m value=[37;49mfalse[0m               
[90m[13:22:51][0m [32mINFO: [0m [36mConfig                  [39;49m name=[33;49m"Balance.ConvictionBase"[0m value=[37;49m5[0m                   
[90m[13:22:51][0m [32mINFO: [0m [36mConfig                  [39;49m name=[33;49m"Balance.ConvictionMitigationCap"[0m value=[37;49m0.75[0m                
[90m[13:22:51][0m [32mINFO: [0m [36mConfig                  [39;49m name=[33;49m"Balance.ConvictionPenaltyMax"[0m value=[37;49m0.28[0m                
[90m[13:22:51][0m [32mINFO: [0m [36mConfig                  [39;49m name=[33;49m"Balance.ConvictionPerWilCha"[0m value=[37;49m2[0m                   
[90m[13:22:51][0m [32mINFO: [0m [36mConfig                  [39;49m name=[33;49m"Balance.CoupDeGraceRounds"[0m value=[37;49m1[0m                   
[90m[13:22:51][0m [32mINFO: [0m [36mConfig                  [39;49m name=[33;49m"Balance.CraftDifficultyProgressionScale"[0m value=[37;49m0.02[0m                
[90m[13:22:51][0m [32mINFO: [0m [36mConfig                  [39;49m name=[33;49m"Balance.CrafterEnabled"[0m value=[37;49mtrue[0m                
[90m[13:22:51][0m [32mINFO: [0m [36mConfig                  [39;49m name=[33;49m"Balance.CrafterIngredientReservePct"[0m value=[37;49m0.25[0m                
[90m[13:22:51][0m [32mINFO: [0m [36mConfig                  [39;49m name=[33;49m"Balance.CrafterMaterialRestockRate"[0m value=[37;49m75[0m                  
[90m[13:22:51][0m [32mINFO: [0m [36mConfig                  [39;49m name=[33;49m"Balance.CrafterRareThreshold"[0m value=[37;49m3[0m                   
[90m[13:22:51][0m [32mINFO: [0m [36mConfig                  [39;49m name=[33;49m"Balance.CraftingBaseSuccessChance"[0m value=[37;49m50[0m                  
[90m[13:22:51][0m [32mINFO: [0m [36mConfig                  [39;49m name=[33;49m"Balance.CraftingMaxSuccessChance"[0m value=[37;49m95[0m                  
[90m[13:22:51][0m [32mINFO: [0m [36mConfig                  [39;49m name=[33;49m"Balance.CraftingMinSuccessChance"[0m value=[37;49m5[0m                   
[90m[13:22:51][0m [32mINFO: [0m [36mConfig                  [39;49m name=[33;49m"Balance.CraftingSkillBonusPerLevel"[0m value=[37;49m5[0m                   
[90m[13:22:51][0m [32mINFO: [0m [36mConfig                  [39;49m name=[33;49m"Balance.CrimeRepDeltaAssault"[0m value=[37;49m-10[0m                 
[90m[13:22:51][0m [32mINFO: [0m [36mConfig                  [39;49m name=[33;49m"Balance.CrimeRepDeltaMurder"[0m value=[37;49m-25[0m                 
[90m[13:22:51][0m [32mINFO: [0m [36mConfig                  [39;49m name=[33;49m"Balance.CrimeRepDeltaTheft"[0m value=[37;49m-5[0m                  
[90m[13:22:51][0m [32mINFO: [0m [36mConfig                  [39;49m name=[33;49m"Balance.CrimeStaleAfterRounds"[0m value=[37;49m7884000[0m             
[90m[13:22:51][0m [32mINFO: [0m [36mConfig                  [39;49m name=[33;49m"Balance.DarknessCombatPenalty"[0m value=[37;49m0.8[0m                 
[90m[13:22:51][0m [32mINFO: [0m [36mConfig                  [39;49m name=[33;49m"Balance.DiscoveryMaxDecayOffset"[0m value=[37;49m0.8[0m                 
[90m[13:22:51][0m [32mINFO: [0m [36mConfig                  [39;49m name=[33;49m"Balance.DiscoveryPerceptionScale"[0m value=[37;49m200[0m                 
[90m[13:22:51][0m [32mINFO: [0m [36mConfig                  [39;49m name=[33;49m"Balance.DiscoverySkillScale"[0m value=[37;49m100[0m                 
[90m[13:22:51][0m [32mINFO: [0m [36mConfig                  [39;49m name=[33;49m"Balance.DispositionDecayHalfLifeRounds"[0m value=[37;49m100000[0m              
[90m[13:22:51][0m [32mINFO: [0m [36mConfig                  [39;49m name=[33;49m"Balance.DodgeEffectiveness"[0m value=[37;49m0.95[0m                
[90m[13:22:51][0m [32mINFO: [0m [36mConfig                  [39;49m name=[33;49m"Balance.DodgeMultiplier"[0m value=[37;49m0.9[0m                 
[90m[13:22:51][0m [32mINFO: [0m [36mConfig                  [39;49m name=[33;49m"Balance.EconomyScoreWeightCaravan"[0m value=[37;49m0.2[0m                 
[90m[13:22:51][0m [32mINFO: [0m [36mConfig                  [39;49m name=[33;49m"Balance.EconomyScoreWeightForager"[0m value=[37;49m0.2[0m                 
[90m[13:22:51][0m [32mINFO: [0m [36mConfig                  [39;49m name=[33;49m"Balance.EconomyScoreWeightShop"[0m value=[37;49m0.6[0m                 
[90m[13:22:51][0m [32mINFO: [0m [36mConfig                  [39;49m name=[33;49m"Balance.EconomySnapshotIntervalHours"[0m value=[37;49m1[0m                   
[90m[13:22:51][0m [32mINFO: [0m [36mConfig                  [39;49m name=[33;49m"Balance.EconomySnapshotRetentionDays"[0m value=[37;49m30[0m                  
[90m[13:22:51][0m [32mINFO: [0m [36mConfig                  [39;49m name=[33;49m"Balance.EnchantMaxTier"[0m value=[37;49m4[0m                   
[90m[13:22:51][0m [32mINFO: [0m [36mConfig                  [39;49m name=[33;49m"Balance.EnchantRemovalPenaltyRounds"[0m value=[37;49m50[0m                  
[90m[13:22:51][0m [32mINFO: [0m [36mConfig                  [39;49m name=[33;49m"Balance.EnchantTierUpBaseChance"[0m value=[37;49m0.02[0m                
[90m[13:22:51][0m [32mINFO: [0m [36mConfig                  [39;49m name=[33;49m"Balance.EnchantTierUsesBase"[0m value=[37;49m25[0m                  
[90m[13:22:51][0m [32mINFO: [0m [36mConfig                  [39;49m name=[33;49m"Balance.EnchantTierUsesScale"[0m value=[37;49m2.5[0m                 
[90m[13:22:51][0m [32mINFO: [0m [36mConfig                  [39;49m name=[33;49m"Balance.FactionMemberKillRep"[0m value=[37;49m-10[0m                 
[90m[13:22:51][0m [32mINFO: [0m [36mConfig                  [39;49m name=[33;49m"Balance.FactsHeardEventsMax"[0m value=[37;49m32[0m                  
[90m[13:22:51][0m [32mINFO: [0m [36mConfig                  [39;49m name=[33;49m"Balance.FernwayPickupDwellRounds"[0m value=[37;49m6[0m                   
[90m[13:22:51][0m [32mINFO: [0m [36mConfig                  [39;49m name=[33;49m"Balance.ForagerCarryThresholdPct"[0m value=[37;49m0.75[0m                
[90m[13:22:51][0m [32mINFO: [0m [36mConfig                  [39;49m name=[33;49m"Balance.ForagerForageDwellRounds"[0m value=[37;49m8[0m                   
[90m[13:22:51][0m [32mINFO: [0m [36mConfig                  [39;49m name=[33;49m"Balance.ForagerHPRecallThresholdPct"[0m value=[37;49m0.5[0m                 
[90m[13:22:51][0m [32mINFO: [0m [36mConfig                  [39;49m name=[33;49m"Balance.ForagerHealPotionThresholdPct"[0m value=[37;49m0.75[0m                
[90m[13:22:51][0m [32mINFO: [0m [36mConfig                  [39;49m name=[33;49m"Balance.ForagerLockboxCapacity"[0m value=[37;49m500[0m                 
[90m[13:22:51][0m [32mINFO: [0m [36mConfig                  [39;49m name=[33;49m"Balance.ForagerRestCarryThreshold"[0m value=[37;49m0.5[0m                 
[90m[13:22:51][0m [32mINFO: [0m [36mConfig                  [39;49m name=[33;49m"Balance.ForagerRestDurationRounds"[0m value=[37;49m40[0m                  
[90m[13:22:51][0m [32mINFO: [0m [36mConfig                  [39;49m name=[33;49m"Balance.ForagerStuckThresholdRounds"[0m value=[37;49m600[0m                 
[90m[13:22:51][0m [32mINFO: [0m [36mConfig                  [39;49m name=[33;49m"Balance.ForagerWaitTimeoutRounds"[0m value=[37;49m150[0m                 
[90m[13:22:51][0m [32mINFO: [0m [36mConfig                  [39;49m name=[33;49m"Balance.GlobalDamageMultiplier"[0m value=[37;49m1[0m                   
[90m[13:22:51][0m [32mINFO: [0m [36mConfig                  [39;49m name=[33;49m"Balance.GossipIntervalRounds"[0m value=[37;49m75[0m                  
[90m[13:22:51][0m [32mINFO: [0m [36mConfig                  [39;49m name=[33;49m"Balance.GroundedBlockPenalty"[0m value=[37;49m0.8[0m                 
[90m[13:22:51][0m [32mINFO: [0m [36mConfig                  [39;49m name=[33;49m"Balance.GroundedDodgePenalty"[0m value=[37;49m0.75[0m                
[90m[13:22:51][0m [32mINFO: [0m [36mConfig                  [39;49m name=[33;49m"Balance.GroundedParryPenalty"[0m value=[37;49m0.77[0m                
[90m[13:22:51][0m [32mINFO: [0m [36mConfig                  [39;49m name=[33;49m"Balance.HasteSwingMultiplier"[0m value=[37;49m1.5[0m                 
[90m[13:22:51][0m [32mINFO: [0m [36mConfig                  [39;49m name=[33;49m"Balance.HealthBase"[0m value=[37;49m5[0m                   
[90m[13:22:51][0m [32mINFO: [0m [36mConfig                  [39;49m name=[33;49m"Balance.HealthPenaltyMax"[0m value=[37;49m0.28[0m                
[90m[13:22:51][0m [32mINFO: [0m [36mConfig                  [39;49m name=[33;49m"Balance.HealthPerStrength"[0m value=[37;49m1[0m                   
[90m[13:22:51][0m [32mINFO: [0m [36mConfig                  [39;49m name=[33;49m"Balance.HealthPerVitality"[0m value=[37;49m4[0m                   
[90m[13:22:51][0m [32mINFO: [0m [36mConfig                  [39;49m name=[33;49m"Balance.InstanceStatPoolCap"[0m value=[37;49m50000[0m               
[90m[13:22:51][0m [32mINFO: [0m [36mConfig                  [39;49m name=[33;49m"Balance.KickDamagePercent"[0m value=[37;49m0.4[0m                 
[90m[13:22:51][0m [32mINFO: [0m [36mConfig                  [39;49m name=[33;49m"Balance.KickKnockdownChance"[0m value=[37;49m35[0m                  
[90m[13:22:51][0m [32mINFO: [0m [36mConfig                  [39;49m name=[33;49m"Balance.KneeDamagePercent"[0m value=[37;49m1[0m                   
[90m[13:22:51][0m [32mINFO: [0m [36mConfig                  [39;49m name=[33;49m"Balance.KnowledgeObservationLogMax"[0m value=[37;49m32[0m                  
[90m[13:22:51][0m [32mINFO: [0m [36mConfig                  [39;49m name=[33;49m"Balance.LogisticsStuckMultiplier"[0m value=[37;49m0.4[0m                 
[90m[13:22:51][0m [32mINFO: [0m [36mConfig                  [39;49m name=[33;49m"Balance.LogisticsStuckRounds"[0m value=[37;49m3000[0m                
[90m[13:22:51][0m [32mINFO: [0m [36mConfig                  [39;49m name=[33;49m"Balance.LootBudgetScalar"[0m value=[37;49m7[0m                   
[90m[13:22:51][0m [32mINFO: [0m [36mConfig                  [39;49m name=[33;49m"Balance.MagicalMitigationCap"[0m value=[37;49m0.75[0m                
[90m[13:22:51][0m [32mINFO: [0m [36mConfig                  [39;49m name=[33;49m"Balance.ManifestStatScaleChaFactor"[0m value=[37;49m150[0m                 
[90m[13:22:51][0m [32mINFO: [0m [36mConfig                  [39;49m name=[33;49m"Balance.ManifestStatScaleSkillFactor"[0m value=[37;49m0.02[0m                
[90m[13:22:51][0m [32mINFO: [0m [36mConfig                  [39;49m name=[33;49m"Balance.MeleeDamageScale"[0m value=[37;49m0.43[0m                
[90m[13:22:51][0m [32mINFO: [0m [36mConfig                  [39;49m name=[33;49m"Balance.MinAttackHitChance"[0m value=[37;49m0.15[0m                
[90m[13:22:51][0m [32mINFO: [0m [36mConfig                  [39;49m name=[33;49m"Balance.MinDefenseChance"[0m value=[37;49m0.15[0m                
[90m[13:22:51][0m [32mINFO: [0m [36mConfig                  [39;49m name=[33;49m"Balance.MobAIEnabled"[0m value=[37;49mtrue[0m                
[90m[13:22:51][0m [32mINFO: [0m [36mConfig                  [39;49m name=[33;49m"Balance.MobBTreeReactionBase"[0m value=[37;49m2[0m                   
[90m[13:22:51][0m [32mINFO: [0m [36mConfig                  [39;49m name=[33;49m"Balance.MobBTreeReactionPerceptionScale"[0m value=[37;49m100[0m                 
[90m[13:22:51][0m [32mINFO: [0m [36mConfig                  [39;49m name=[33;49m"Balance.MobConvictionRegenPct"[0m value=[37;49m0.02[0m                
[90m[13:22:51][0m [32mINFO: [0m [36mConfig                  [39;49m name=[33;49m"Balance.MobDamageMultiplier"[0m value=[37;49m2[0m                   
[90m[13:22:51][0m [32mINFO: [0m [36mConfig                  [39;49m name=[33;49m"Balance.MobHealthRegenPct"[0m value=[37;49m0.01[0m                
[90m[13:22:51][0m [32mINFO: [0m [36mConfig                  [39;49m name=[33;49m"Balance.MobInstanceMaxAgeDays"[0m value=[37;49m7[0m                   
[90m[13:22:51][0m [32mINFO: [0m [36mConfig                  [39;49m name=[33;49m"Balance.MobMutationEnabled"[0m value=[37;49mtrue[0m                
[90m[13:22:51][0m [32mINFO: [0m [36mConfig                  [39;49m name=[33;49m"Balance.MobMutationRate"[0m value=[37;49m0.3[0m                 
[90m[13:22:51][0m [32mINFO: [0m [36mConfig                  [39;49m name=[33;49m"Balance.MobProgressionEnabled"[0m value=[37;49mtrue[0m                
[90m[13:22:51][0m [32mINFO: [0m [36mConfig                  [39;49m name=[33;49m"Balance.MobProgressionRate"[0m value=[37;49m0.5[0m                 
[90m[13:22:51][0m [32mINFO: [0m [36mConfig                  [39;49m name=[33;49m"Balance.MobReactionDelayMax"[0m value=[37;49m2[0m                   
[90m[13:22:51][0m [32mINFO: [0m [36mConfig                  [39;49m name=[33;49m"Balance.MobReactionDelayMin"[0m value=[37;49m0.25[0m                
[90m[13:22:51][0m [32mINFO: [0m [36mConfig                  [39;49m name=[33;49m"Balance.MobSaveIntervalRounds"[0m value=[37;49m100[0m                 
[90m[13:22:51][0m [32mINFO: [0m [36mConfig                  [39;49m name=[33;49m"Balance.MobSkillCap"[0m value=[37;49m3[0m                   
[90m[13:22:51][0m [32mINFO: [0m [36mConfig                  [39;49m name=[33;49m"Balance.MobStaminaRegenPct"[0m value=[37;49m0.02[0m                
[90m[13:22:51][0m [32mINFO: [0m [36mConfig                  [39;49m name=[33;49m"Balance.MobStatCap"[0m value=[37;49m200[0m                 
[90m[13:22:51][0m [32mINFO: [0m [36mConfig                  [39;49m name=[33;49m"Balance.MoonStatModMax"[0m value=[37;49m0.1[0m                 
[90m[13:22:51][0m [32mINFO: [0m [36mConfig                  [39;49m name=[33;49m"Balance.MovementBaseStaminaCost"[0m value=[37;49m2[0m                   
[90m[13:22:51][0m [32mINFO: [0m [36mConfig                  [39;49m name=[33;49m"Balance.MovementMaxStaminaCost"[0m value=[37;49m20[0m                  
[90m[13:22:51][0m [32mINFO: [0m [36mConfig                  [39;49m name=[33;49m"Balance.MutationBaseProgress"[0m value=[37;49m50[0m                  
[90m[13:22:51][0m [32mINFO: [0m [36mConfig                  [39;49m name=[33;49m"Balance.MutationDeepenChance"[0m value=[37;49m0.7[0m                 
[90m[13:22:51][0m [32mINFO: [0m [36mConfig                  [39;49m name=[33;49m"Balance.MutationLevel2Multiplier"[0m value=[37;49m1.5[0m                 
[90m[13:22:51][0m [32mINFO: [0m [36mConfig                  [39;49m name=[33;49m"Balance.MutationLevel3Multiplier"[0m value=[37;49m2[0m                   
[90m[13:22:51][0m [32mINFO: [0m [36mConfig                  [39;49m name=[33;49m"Balance.MutationLevel4Multiplier"[0m value=[37;49m2.5[0m                 
[90m[13:22:51][0m [32mINFO: [0m [36mConfig                  [39;49m name=[33;49m"Balance.MutationMaxCount"[0m value=[37;49m5[0m                   
[90m[13:22:51][0m [32mINFO: [0m [36mConfig                  [39;49m name=[33;49m"Balance.MutationMaxLevel"[0m value=[37;49m4[0m                   
[90m[13:22:51][0m [32mINFO: [0m [36mConfig                  [39;49m name=[33;49m"Balance.MutationProgressGainPerRound"[0m value=[37;49m1[0m                   
[90m[13:22:51][0m [32mINFO: [0m [36mConfig                  [39;49m name=[33;49m"Balance.MutationProgressScale"[0m value=[37;49m1.5[0m                 
[90m[13:22:51][0m [32mINFO: [0m [36mConfig                  [39;49m name=[33;49m"Balance.OpinionAttackBump"[0m value=[37;49m-15[0m                 
[90m[13:22:51][0m [32mINFO: [0m [36mConfig                  [39;49m name=[33;49m"Balance.PackBonusTrainingPts"[0m value=[37;49m1[0m                   
[90m[13:22:51][0m [32mINFO: [0m [36mConfig                  [39;49m name=[33;49m"Balance.PackMaxBonus"[0m value=[37;49m5[0m                   
[90m[13:22:51][0m [32mINFO: [0m [36mConfig                  [39;49m name=[33;49m"Balance.PackMaxSize"[0m value=[37;49m-1[0m                  
[90m[13:22:51][0m [32mINFO: [0m [36mConfig                  [39;49m name=[33;49m"Balance.PackRoamingEnabled"[0m value=[37;49mfalse[0m               
[90m[13:22:51][0m [32mINFO: [0m [36mConfig                  [39;49m name=[33;49m"Balance.PackScalingEnabled"[0m value=[37;49mfalse[0m               
[90m[13:22:51][0m [32mINFO: [0m [36mConfig                  [39;49m name=[33;49m"Balance.PackScatterRounds"[0m value=[37;49m0[0m                   
[90m[13:22:51][0m [32mINFO: [0m [36mConfig                  [39;49m name=[33;49m"Balance.PackSurvivalRounds"[0m value=[37;49m10[0m                  
[90m[13:22:51][0m [32mINFO: [0m [36mConfig                  [39;49m name=[33;49m"Balance.ParryEffectiveness"[0m value=[37;49m0.97[0m                
[90m[13:22:51][0m [32mINFO: [0m [36mConfig                  [39;49m name=[33;49m"Balance.ParryMultiplier"[0m value=[37;49m0.9[0m                 
[90m[13:22:51][0m [32mINFO: [0m [36mConfig                  [39;49m name=[33;49m"Balance.PhysicalMitigationCap"[0m value=[37;49m0.75[0m                
[90m[13:22:51][0m [32mINFO: [0m [36mConfig                  [39;49m name=[33;49m"Balance.PlayerConvictionRegenPct"[0m value=[37;49m0.02[0m                
[90m[13:22:51][0m [32mINFO: [0m [36mConfig                  [39;49m name=[33;49m"Balance.PlayerHealthRegenPct"[0m value=[37;49m0.02[0m                
[90m[13:22:51][0m [32mINFO: [0m [36mConfig                  [39;49m name=[33;49m"Balance.PlayerStaminaRegenPct"[0m value=[37;49m0.02[0m                
[90m[13:22:51][0m [32mINFO: [0m [36mConfig                  [39;49m name=[33;49m"Balance.ProgressionDecayAboveCap"[0m value=[37;49m2[0m                   
[90m[13:22:51][0m [32mINFO: [0m [36mConfig                  [39;49m name=[33;49m"Balance.ProgressionDecayBelowCap"[0m value=[37;49m3[0m                   
[90m[13:22:51][0m [32mINFO: [0m [36mConfig                  [39;49m name=[33;49m"Balance.ProneAttackMultiplier"[0m value=[37;49m0.8[0m                 
[90m[13:22:51][0m [32mINFO: [0m [36mConfig                  [39;49m name=[33;49m"Balance.ProneBlockPenalty"[0m value=[37;49m0.95[0m                
[90m[13:22:51][0m [32mINFO: [0m [36mConfig                  [39;49m name=[33;49m"Balance.ProneDamagePenalty"[0m value=[37;49m0.8[0m                 
[90m[13:22:51][0m [32mINFO: [0m [36mConfig                  [39;49m name=[33;49m"Balance.ProneDodgePenalty"[0m value=[37;49m0.93[0m                
[90m[13:22:51][0m [32mINFO: [0m [36mConfig                  [39;49m name=[33;49m"Balance.ProneParryPenalty"[0m value=[37;49m0.93[0m                
[90m[13:22:51][0m [32mINFO: [0m [36mConfig                  [39;49m name=[33;49m"Balance.ProneVulnerabilityMultiplier"[0m value=[37;49m1.05[0m                
[90m[13:22:51][0m [32mINFO: [0m [36mConfig                  [39;49m name=[33;49m"Balance.QuestChainDepthLimit"[0m value=[37;49m10[0m                  
[90m[13:22:51][0m [32mINFO: [0m [36mConfig                  [39;49m name=[33;49m"Balance.QuestLogLevel"[0m value=[33;49m"verbose"[0m           
[90m[13:22:51][0m [32mINFO: [0m [36mConfig                  [39;49m name=[33;49m"Balance.QuestPerformanceWarnMs"[0m value=[37;49m50[0m                  
[90m[13:22:51][0m [32mINFO: [0m [36mConfig                  [39;49m name=[33;49m"Balance.RecipeDiscoveryBaseChance"[0m value=[37;49m10[0m                  
[90m[13:22:51][0m [32mINFO: [0m [36mConfig                  [39;49m name=[33;49m"Balance.RecipeDiscoveryDecayRate"[0m value=[37;49m0.1[0m                 
[90m[13:22:51][0m [32mINFO: [0m [36mConfig                  [39;49m name=[33;49m"Balance.RegenProgressionBase"[0m value=[37;49m0.01[0m                
[90m[13:22:51][0m [32mINFO: [0m [36mConfig                  [39;49m name=[33;49m"Balance.RegenProgressionCurve"[0m value=[37;49m3[0m                   
[90m[13:22:51][0m [32mINFO: [0m [36mConfig                  [39;49m name=[33;49m"Balance.ResourcePenaltyCurve"[0m value=[37;49m2[0m                   
[90m[13:22:51][0m [32mINFO: [0m [36mConfig                  [39;49m name=[33;49m"Balance.RestockCadenceTier10Days"[0m value=[37;49m5[0m                   
[90m[13:22:51][0m [32mINFO: [0m [36mConfig                  [39;49m name=[33;49m"Balance.RestockCadenceTier20Hours"[0m value=[37;49m24[0m                  
[90m[13:22:51][0m [32mINFO: [0m [36mConfig                  [39;49m name=[33;49m"Balance.RestockCadenceTier30Hours"[0m value=[37;49m6[0m                   
[90m[13:22:51][0m [32mINFO: [0m [36mConfig                  [39;49m name=[33;49m"Balance.RestockCadenceTier40Hours"[0m value=[37;49m2[0m                   
[90m[13:22:51][0m [32mINFO: [0m [36mConfig                  [39;49m name=[33;49m"Balance.RestockCadenceTier50Hours"[0m value=[37;49m1[0m                   
[90m[13:22:51][0m [32mINFO: [0m [36mConfig                  [39;49m name=[33;49m"Balance.RhetoricAvoidanceDamageMultiplier"[0m value=[37;49m0.5[0m                 
[90m[13:22:51][0m [32mINFO: [0m [36mConfig                  [39;49m name=[33;49m"Balance.RhetoricDamageScale"[0m value=[37;49m3[0m                   
[90m[13:22:51][0m [32mINFO: [0m [36mConfig                  [39;49m name=[33;49m"Balance.RollSpread"[0m value=[37;49m0.15[0m                
[90m[13:22:51][0m [32mINFO: [0m [36mConfig                  [39;49m name=[33;49m"Balance.SalvageGoldPerRound"[0m value=[37;49m10[0m                  
[90m[13:22:51][0m [32mINFO: [0m [36mConfig                  [39;49m name=[33;49m"Balance.SalvageMaxChance"[0m value=[37;49m0.85[0m                
[90m[13:22:51][0m [32mINFO: [0m [36mConfig                  [39;49m name=[33;49m"Balance.SalvageMaxRounds"[0m value=[37;49m5[0m                   
[90m[13:22:51][0m [32mINFO: [0m [36mConfig                  [39;49m name=[33;49m"Balance.SalvageMinChance"[0m value=[37;49m0.15[0m                
[90m[13:22:51][0m [32mINFO: [0m [36mConfig                  [39;49m name=[33;49m"Balance.SalvageSoftCap"[0m value=[37;49m50[0m                  
[90m[13:22:51][0m [32mINFO: [0m [36mConfig                  [39;49m name=[33;49m"Balance.ScoreWeightInput"[0m value=[37;49m0.3[0m                 
[90m[13:22:51][0m [32mINFO: [0m [36mConfig                  [39;49m name=[33;49m"Balance.ScoreWeightShopGold"[0m value=[37;49m0.1[0m                 
[90m[13:22:51][0m [32mINFO: [0m [36mConfig                  [39;49m name=[33;49m"Balance.ScoreWeightStock"[0m value=[37;49m0.4[0m                 
[90m[13:22:51][0m [32mINFO: [0m [36mConfig                  [39;49m name=[33;49m"Balance.ScoreWeightThroughput"[0m value=[37;49m0.2[0m                 
[90m[13:22:51][0m [32mINFO: [0m [36mConfig                  [39;49m name=[33;49m"Balance.SelfCastProgressionMultiplier"[0m value=[37;49m0.5[0m                 
[90m[13:22:51][0m [32mINFO: [0m [36mConfig                  [39;49m name=[33;49m"Balance.ShadowCooldown"[0m value=[37;49m0[0m                   
[90m[13:22:51][0m [32mINFO: [0m [36mConfig                  [39;49m name=[33;49m"Balance.ShopAbundanceThreshold"[0m value=[37;49m3[0m                   
[90m[13:22:51][0m [32mINFO: [0m [36mConfig                  [39;49m name=[33;49m"Balance.ShopBuyRatio"[0m value=[37;49m0.5[0m                 
[90m[13:22:51][0m [32mINFO: [0m [36mConfig                  [39;49m name=[33;49m"Balance.ShopGoldReserveRatio"[0m value=[37;49m0.5[0m                 
[90m[13:22:51][0m [32mINFO: [0m [36mConfig                  [39;49m name=[33;49m"Balance.ShopMaterialReserve"[0m value=[37;49m1[0m                   
[90m[13:22:51][0m [32mINFO: [0m [36mConfig                  [39;49m name=[33;49m"Balance.ShopPriceCeiling"[0m value=[37;49m5[0m                   
[90m[13:22:51][0m [32mINFO: [0m [36mConfig                  [39;49m name=[33;49m"Balance.ShopPriceFloor"[0m value=[37;49m0.25[0m                
[90m[13:22:51][0m [32mINFO: [0m [36mConfig                  [39;49m name=[33;49m"Balance.SkillMultiplierBase"[0m value=[37;49m1[0m                   
[90m[13:22:51][0m [32mINFO: [0m [36mConfig                  [39;49m name=[33;49m"Balance.SkillMultiplierMax"[0m value=[37;49m3[0m                   
[90m[13:22:51][0m [32mINFO: [0m [36mConfig                  [39;49m name=[33;49m"Balance.SkillProgressionMultipliers.alchemy"[0m value=[31;49m3.5[0m                 
[90m[13:22:51][0m [32mINFO: [0m [36mConfig                  [39;49m name=[33;49m"Balance.SkillProgressionMultipliers.bartering"[0m value=[31;49m2[0m                   
[90m[13:22:51][0m [32mINFO: [0m [36mConfig                  [39;49m name=[33;49m"Balance.SkillProgressionMultipliers.blacksmithing"[0m value=[31;49m3.5[0m                 
[90m[13:22:51][0m [32mINFO: [0m [36mConfig                  [39;49m name=[33;49m"Balance.SkillProgressionMultipliers.cooking"[0m value=[31;49m3.5[0m                 
[90m[13:22:51][0m [32mINFO: [0m [36mConfig                  [39;49m name=[33;49m"Balance.SkillProgressionMultipliers.enchanting"[0m value=[31;49m3.5[0m                 
[90m[13:22:51][0m [32mINFO: [0m [36mConfig                  [39;49m name=[33;49m"Balance.SkillProgressionMultipliers.jewelcrafting"[0m value=[31;49m3.5[0m                 
[90m[13:22:51][0m [32mINFO: [0m [36mConfig                  [39;49m name=[33;49m"Balance.SkillProgressionMultipliers.manifestation"[0m value=[31;49m0.38[0m                
[90m[13:22:51][0m [32mINFO: [0m [36mConfig                  [39;49m name=[33;49m"Balance.SkillProgressionMultipliers.rhetoric"[0m value=[31;49m0.58[0m                
[90m[13:22:51][0m [32mINFO: [0m [36mConfig                  [39;49m name=[33;49m"Balance.SkillProgressionMultipliers.salvage"[0m value=[31;49m2[0m                   
[90m[13:22:51][0m [32mINFO: [0m [36mConfig                  [39;49m name=[33;49m"Balance.SkillProgressionMultipliers.spellcasting"[0m value=[31;49m0.63[0m                
[90m[13:22:51][0m [32mINFO: [0m [36mConfig                  [39;49m name=[33;49m"Balance.SkillProgressionMultipliers.tailoring"[0m value=[31;49m3.5[0m                 
[90m[13:22:51][0m [32mINFO: [0m [36mConfig                  [39;49m name=[33;49m"Balance.SkillProgressionMultipliers.unarmed-combat"[0m value=[31;49m0.23[0m                
[90m[13:22:51][0m [32mINFO: [0m [36mConfig                  [39;49m name=[33;49m"Balance.SkillProgressionMultipliers.weapon-combat"[0m value=[31;49m0.23[0m                
[90m[13:22:51][0m [32mINFO: [0m [36mConfig                  [39;49m name=[33;49m"Balance.SkillSoftCap"[0m value=[37;49m50[0m                  
[90m[13:22:51][0m [32mINFO: [0m [36mConfig                  [39;49m name=[33;49m"Balance.SkillWeight"[0m value=[37;49m2[0m                   
[90m[13:22:51][0m [32mINFO: [0m [36mConfig                  [39;49m name=[33;49m"Balance.SneakFailCooldown"[0m value=[37;49m0[0m                   
[90m[13:22:51][0m [32mINFO: [0m [36mConfig                  [39;49m name=[33;49m"Balance.SpecialMoveCooldown"[0m value=[37;49m4[0m                   
[90m[13:22:51][0m [32mINFO: [0m [36mConfig                  [39;49m name=[33;49m"Balance.SpellAttackSkillFactor"[0m value=[37;49m3[0m                   
[90m[13:22:51][0m [32mINFO: [0m [36mConfig                  [39;49m name=[33;49m"Balance.SpellAvoidanceDamageMultiplier"[0m value=[37;49m0.5[0m                 
[90m[13:22:51][0m [32mINFO: [0m [36mConfig                  [39;49m name=[33;49m"Balance.SpellConcentrationBase"[0m value=[37;49m50[0m                  
[90m[13:22:51][0m [32mINFO: [0m [36mConfig                  [39;49m name=[33;49m"Balance.SpellConvictionCostMultiplier"[0m value=[37;49m1[0m                   
[90m[13:22:51][0m [32mINFO: [0m [36mConfig                  [39;49m name=[33;49m"Balance.SpellDamageScale"[0m value=[37;49m1.2[0m                 
[90m[13:22:51][0m [32mINFO: [0m [36mConfig                  [39;49m name=[33;49m"Balance.SpellDifficultyProgressionScale"[0m value=[37;49m0.01[0m                
[90m[13:22:51][0m [32mINFO: [0m [36mConfig                  [39;49m name=[33;49m"Balance.SpellDiscoveryBaseChance"[0m value=[37;49m5[0m                   
[90m[13:22:51][0m [32mINFO: [0m [36mConfig                  [39;49m name=[33;49m"Balance.SpellDiscoveryDecayRate"[0m value=[37;49m0.1[0m                 
[90m[13:22:51][0m [32mINFO: [0m [36mConfig                  [39;49m name=[33;49m"Balance.SpellFoldsSkillFactor"[0m value=[37;49m25[0m                  
[90m[13:22:51][0m [32mINFO: [0m [36mConfig                  [39;49m name=[33;49m"Balance.SpellHealthCostMultiplier"[0m value=[37;49m1[0m                   
[90m[13:22:51][0m [32mINFO: [0m [36mConfig                  [39;49m name=[33;49m"Balance.SpellInitiationBase"[0m value=[37;49m60[0m                  
[90m[13:22:51][0m [32mINFO: [0m [36mConfig                  [39;49m name=[33;49m"Balance.SpellInitiationSkillFactor"[0m value=[37;49m5[0m                   
[90m[13:22:51][0m [32mINFO: [0m [36mConfig                  [39;49m name=[33;49m"Balance.SpellInitiationWillpowerDivisor"[0m value=[37;49m4[0m                   
[90m[13:22:51][0m [32mINFO: [0m [36mConfig                  [39;49m name=[33;49m"Balance.SpellProficiencyCastsPerPoint"[0m value=[37;49m50[0m                  
[90m[13:22:51][0m [32mINFO: [0m [36mConfig                  [39;49m name=[33;49m"Balance.StaminaBase"[0m value=[37;49m5[0m                   
[90m[13:22:51][0m [32mINFO: [0m [36mConfig                  [39;49m name=[33;49m"Balance.StaminaPenaltyMax"[0m value=[37;49m0.28[0m                
[90m[13:22:51][0m [32mINFO: [0m [36mConfig                  [39;49m name=[33;49m"Balance.StaminaPerStrength"[0m value=[37;49m1[0m                   
[90m[13:22:51][0m [32mINFO: [0m [36mConfig                  [39;49m name=[33;49m"Balance.StaminaPerVitality"[0m value=[37;49m3[0m                   
[90m[13:22:51][0m [32mINFO: [0m [36mConfig                  [39;49m name=[33;49m"Balance.StaminaPerWillpower"[0m value=[37;49m1[0m                   
[90m[13:22:51][0m [32mINFO: [0m [36mConfig                  [39;49m name=[33;49m"Balance.StandMinStamina"[0m value=[37;49m0.15[0m                
[90m[13:22:51][0m [32mINFO: [0m [36mConfig                  [39;49m name=[33;49m"Balance.StandStaminaCost"[0m value=[37;49m0.15[0m                
[90m[13:22:51][0m [32mINFO: [0m [36mConfig                  [39;49m name=[33;49m"Balance.StartingHealth"[0m value=[37;49m10[0m                  
[90m[13:22:51][0m [32mINFO: [0m [36mConfig                  [39;49m name=[33;49m"Balance.StatProgressionMultipliers.charisma"[0m value=[31;49m0.2[0m                 
[90m[13:22:51][0m [32mINFO: [0m [36mConfig                  [39;49m name=[33;49m"Balance.StatProgressionMultipliers.dexterity"[0m value=[31;49m0.1[0m                 
[90m[13:22:51][0m [32mINFO: [0m [36mConfig                  [39;49m name=[33;49m"Balance.StatProgressionMultipliers.perception"[0m value=[31;49m1[0m                   
[90m[13:22:51][0m [32mINFO: [0m [36mConfig                  [39;49m name=[33;49m"Balance.StatProgressionMultipliers.strength"[0m value=[31;49m0.2[0m                 
[90m[13:22:51][0m [32mINFO: [0m [36mConfig                  [39;49m name=[33;49m"Balance.StatProgressionMultipliers.vitality"[0m value=[31;49m4[0m                   
[90m[13:22:51][0m [32mINFO: [0m [36mConfig                  [39;49m name=[33;49m"Balance.StatProgressionMultipliers.willpower"[0m value=[31;49m1[0m                   
[90m[13:22:51][0m [32mINFO: [0m [36mConfig                  [39;49m name=[33;49m"Balance.StatRollMax"[0m value=[37;49m115[0m                 
[90m[13:22:51][0m [32mINFO: [0m [36mConfig                  [39;49m name=[33;49m"Balance.StatRollMean"[0m value=[37;49m100[0m                 
[90m[13:22:51][0m [32mINFO: [0m [36mConfig                  [39;49m name=[33;49m"Balance.StatRollMin"[0m value=[37;49m85[0m                  
[90m[13:22:51][0m [32mINFO: [0m [36mConfig                  [39;49m name=[33;49m"Balance.StatRollStdDev"[0m value=[37;49m15[0m                  
[90m[13:22:51][0m [32mINFO: [0m [36mConfig                  [39;49m name=[33;49m"Balance.StatSoftCap"[0m value=[37;49m150[0m                 
[90m[13:22:51][0m [32mINFO: [0m [36mConfig                  [39;49m name=[33;49m"Balance.StatSoftCapMultiplier"[0m value=[37;49m2[0m                   
[90m[13:22:51][0m [32mINFO: [0m [36mConfig                  [39;49m name=[33;49m"Balance.StatSoftCapThreshold"[0m value=[37;49m105[0m                 
[90m[13:22:51][0m [32mINFO: [0m [36mConfig                  [39;49m name=[33;49m"Balance.StealCooldown"[0m value=[37;49m0[0m                   
[90m[13:22:51][0m [32mINFO: [0m [36mConfig                  [39;49m name=[33;49m"Balance.StealHiddenBonus"[0m value=[37;49m0[0m                   
[90m[13:22:51][0m [32mINFO: [0m [36mConfig                  [39;49m name=[33;49m"Balance.StealSkillMultiplier"[0m value=[37;49m1[0m                   
[90m[13:22:51][0m [32mINFO: [0m [36mConfig                  [39;49m name=[33;49m"Balance.StompDamagePercent"[0m value=[37;49m1.2[0m                 
[90m[13:22:51][0m [32mINFO: [0m [36mConfig                  [39;49m name=[33;49m"Balance.StorageFeePerItem"[0m value=[37;49m1[0m                   
[90m[13:22:51][0m [32mINFO: [0m [36mConfig                  [39;49m name=[33;49m"Balance.SurpriseAttackExtraArm1Penalty"[0m value=[37;49m0[0m                   
[90m[13:22:51][0m [32mINFO: [0m [36mConfig                  [39;49m name=[33;49m"Balance.SurpriseAttackExtraArm2Penalty"[0m value=[37;49m0[0m                   
[90m[13:22:51][0m [32mINFO: [0m [36mConfig                  [39;49m name=[33;49m"Balance.SurpriseAttackExtraArm3Penalty"[0m value=[37;49m0[0m                   
[90m[13:22:51][0m [32mINFO: [0m [36mConfig                  [39;49m name=[33;49m"Balance.SurpriseAttackExtraArm4Penalty"[0m value=[37;49m0[0m                   
[90m[13:22:51][0m [32mINFO: [0m [36mConfig                  [39;49m name=[33;49m"Balance.SurpriseAttackOffhandPenalty"[0m value=[37;49m0[0m                   
[90m[13:22:51][0m [32mINFO: [0m [36mConfig                  [39;49m name=[33;49m"Balance.ThirdPartyGrapplePenalty"[0m value=[37;49m0.7[0m                 
[90m[13:22:51][0m [32mINFO: [0m [36mConfig                  [39;49m name=[33;49m"Balance.ToxicityBaseMax"[0m value=[37;49m100[0m                 
[90m[13:22:51][0m [32mINFO: [0m [36mConfig                  [39;49m name=[33;49m"Balance.ToxicityDecayPerTick"[0m value=[37;49m1[0m                   
[90m[13:22:51][0m [32mINFO: [0m [36mConfig                  [39;49m name=[33;49m"Balance.ToxicityVitalityScale"[0m value=[37;49m5[0m                   
[90m[13:22:51][0m [32mINFO: [0m [36mConfig                  [39;49m name=[33;49m"Balance.TripDamagePercent"[0m value=[37;49m0.25[0m                
[90m[13:22:51][0m [32mINFO: [0m [36mConfig                  [39;49m name=[33;49m"Balance.TripKnockdownChance"[0m value=[37;49m60[0m                  
[90m[13:22:51][0m [32mINFO: [0m [36mConfig                  [39;49m name=[33;49m"Balance.TtRTargetTier10Days"[0m value=[37;49m7[0m                   
[90m[13:22:51][0m [32mINFO: [0m [36mConfig                  [39;49m name=[33;49m"Balance.TtRTargetTier20Days"[0m value=[37;49m3[0m                   
[90m[13:22:51][0m [32mINFO: [0m [36mConfig                  [39;49m name=[33;49m"Balance.TtRTargetTier30Hours"[0m value=[37;49m18[0m                  
[90m[13:22:51][0m [32mINFO: [0m [36mConfig                  [39;49m name=[33;49m"Balance.TtRTargetTier40Hours"[0m value=[37;49m6[0m                   
[90m[13:22:51][0m [32mINFO: [0m [36mConfig                  [39;49m name=[33;49m"Balance.TtRTargetTier50Hours"[0m value=[37;49m3[0m                   
[90m[13:22:51][0m [32mINFO: [0m [36mConfig                  [39;49m name=[33;49m"Balance.TtRWindowGameDays"[0m value=[37;49m7[0m                   
[90m[13:22:51][0m [32mINFO: [0m [36mConfig                  [39;49m name=[33;49m"Balance.UnarmedAttackStaminaCost"[0m value=[37;49m4[0m                   
[90m[13:22:51][0m [32mINFO: [0m [36mConfig                  [39;49m name=[33;49m"Balance.UnarmedBaseDamage"[0m value=[37;49m2[0m                   
[90m[13:22:51][0m [32mINFO: [0m [36mConfig                  [39;49m name=[33;49m"Balance.UnarmedBaseVariance"[0m value=[37;49m3[0m                   
[90m[13:22:51][0m [32mINFO: [0m [36mConfig                  [39;49m name=[33;49m"Balance.UnarmedDamageMultiplier"[0m value=[37;49m0.3[0m                 
[90m[13:22:51][0m [32mINFO: [0m [36mConfig                  [39;49m name=[33;49m"Balance.UnarmedSkillDivisor"[0m value=[37;49m10[0m                  
[90m[13:22:51][0m [32mINFO: [0m [36mConfig                  [39;49m name=[33;49m"Balance.UnarmedSpeedMultiplier"[0m value=[37;49m1.8[0m                 
[90m[13:22:51][0m [32mINFO: [0m [36mConfig                  [39;49m name=[33;49m"Balance.UnarmedStrengthDivisor"[0m value=[37;49m25[0m                  
[90m[13:22:51][0m [32mINFO: [0m [36mConfig                  [39;49m name=[33;49m"Balance.UsesPerRank"[0m value=[37;49m25[0m                  
[90m[13:22:51][0m [32mINFO: [0m [36mConfig                  [39;49m name=[33;49m"Balance.WorldEventBufferSize"[0m value=[37;49m200[0m                 
[90m[13:22:51][0m [32mINFO: [0m [36mConfig                  [39;49m name=[33;49m"FilePaths.AdminHtml"[0m value=[37;49m_datafiles/html/admin[0m 
[90m[13:22:51][0m [32mINFO: [0m [36mConfig                  [39;49m name=[33;49m"FilePaths.CarefulSaveFiles"[0m value=[37;49mtrue[0m                
[90m[13:22:51][0m [32mINFO: [0m [36mConfig                  [39;49m name=[33;49m"FilePaths.DataFiles"[0m value=[37;49m_datafiles/world/dogmud[0m 
[90m[13:22:51][0m [32mINFO: [0m [36mConfig                  [39;49m name=[33;49m"FilePaths.HttpsCertFile"[0m value=[37;49m[0m                    
[90m[13:22:51][0m [32mINFO: [0m [36mConfig                  [39;49m name=[33;49m"FilePaths.HttpsKeyFile"[0m value=[37;49m[0m                    
[90m[13:22:51][0m [32mINFO: [0m [36mConfig                  [39;49m name=[33;49m"FilePaths.PublicHtml"[0m value=[37;49m_datafiles/html/public[0m 
[90m[13:22:51][0m [32mINFO: [0m [36mConfig                  [39;49m name=[33;49m"FilePaths.WebCDNLocation"[0m value=[37;49m[0m                    
[90m[13:22:51][0m [32mINFO: [0m [36mConfig                  [39;49m name=[33;49m"FilePaths.WebDomain"[0m value=[37;49mlocalhost[0m           
[90m[13:22:51][0m [32mINFO: [0m [36mConfig                  [39;49m name=[33;49m"GamePlay.AllowItemBuffRemoval"[0m value=[37;49mfalse[0m               
[90m[13:22:51][0m [32mINFO: [0m [36mConfig                  [39;49m name=[33;49m"GamePlay.ContainerSizeMax"[0m value=[37;49m10[0m                  
[90m[13:22:51][0m [32mINFO: [0m [36mConfig                  [39;49m name=[33;49m"GamePlay.Death.AlwaysDropBackpack"[0m value=[37;49mfalse[0m               
[90m[13:22:51][0m [32mINFO: [0m [36mConfig                  [39;49m name=[33;49m"GamePlay.Death.CorpseDecayTime"[0m value=[37;49m4 hours[0m             
[90m[13:22:51][0m [32mINFO: [0m [36mConfig                  [39;49m name=[33;49m"GamePlay.Death.CorpsesEnabled"[0m value=[37;49mtrue[0m                
[90m[13:22:51][0m [32mINFO: [0m [36mConfig                  [39;49m name=[33;49m"GamePlay.Death.DeathsShadowBuffId"[0m value=[37;49m25[0m                  
[90m[13:22:51][0m [32mINFO: [0m [36mConfig                  [39;49m name=[33;49m"GamePlay.Death.EquipmentDropChance"[0m value=[37;49m0[0m                   
[90m[13:22:51][0m [32mINFO: [0m [36mConfig                  [39;49m name=[33;49m"GamePlay.Death.PermaDeath"[0m value=[37;49mfalse[0m               
[90m[13:22:51][0m [32mINFO: [0m [36mConfig                  [39;49m name=[33;49m"GamePlay.Death.ProtectionSkillRanks"[0m value=[37;49m10[0m                  
[90m[13:22:51][0m [32mINFO: [0m [36mConfig                  [39;49m name=[33;49m"GamePlay.Death.RespawnGraceRounds"[0m value=[37;49m0[0m                   
[90m[13:22:51][0m [32mINFO: [0m [36mConfig                  [39;49m name=[33;49m"GamePlay.Death.RespawnPoolFraction"[0m value=[37;49m0.05[0m                
[90m[13:22:51][0m [32mINFO: [0m [36mConfig                  [39;49m name=[33;49m"GamePlay.Death.SkillRecencyThreshold"[0m value=[37;49m50[0m                  
[90m[13:22:51][0m [32mINFO: [0m [36mConfig                  [39;49m name=[33;49m"GamePlay.Death.SkillRustAmount"[0m value=[37;49m1[0m                   
[90m[13:22:51][0m [32mINFO: [0m [36mConfig                  [39;49m name=[33;49m"GamePlay.Death.SkillRustCount"[0m value=[37;49m1[0m                   
[90m[13:22:51][0m [32mINFO: [0m [36mConfig                  [39;49m name=[33;49m"GamePlay.Death.StatDecayMax"[0m value=[37;49m2[0m                   
[90m[13:22:51][0m [32mINFO: [0m [36mConfig                  [39;49m name=[33;49m"GamePlay.Death.StatDecayMin"[0m value=[37;49m1[0m                   
[90m[13:22:51][0m [32mINFO: [0m [36mConfig                  [39;49m name=[33;49m"GamePlay.DualProgressionMode"[0m value=[37;49mtrue[0m                
[90m[13:22:51][0m [32mINFO: [0m [36mConfig                  [39;49m name=[33;49m"GamePlay.LivesMax"[0m  value=[37;49m3[0m                   
[90m[13:22:51][0m [32mINFO: [0m [36mConfig                  [39;49m name=[33;49m"GamePlay.LivesStart"[0m value=[37;49m3[0m                   
[90m[13:22:51][0m [32mINFO: [0m [36mConfig                  [39;49m name=[33;49m"GamePlay.MaxAltCharacters"[0m value=[37;49m3[0m                   
[90m[13:22:51][0m [32mINFO: [0m [36mConfig                  [39;49m name=[33;49m"GamePlay.MobConverseChance"[0m value=[37;49m3[0m                   
[90m[13:22:51][0m [32mINFO: [0m [36mConfig                  [39;49m name=[33;49m"GamePlay.PVP"[0m       value=[37;49mdisabled[0m            
[90m[13:22:51][0m [32mINFO: [0m [36mConfig                  [39;49m name=[33;49m"GamePlay.PVPMinimumSkillRanks"[0m value=[37;49m15[0m                  
[90m[13:22:51][0m [32mINFO: [0m [36mConfig                  [39;49m name=[33;49m"GamePlay.PricePerLife"[0m value=[37;49m1000000[0m             
[90m[13:22:51][0m [32mINFO: [0m [36mConfig                  [39;49m name=[33;49m"GamePlay.ShopRestockRate"[0m value=[37;49m2 hours[0m             
[90m[13:22:51][0m [32mINFO: [0m [36mConfig                  [39;49m name=[33;49m"GamePlay.UseSkillProgression"[0m value=[37;49mtrue[0m                
[90m[13:22:51][0m [32mINFO: [0m [36mConfig                  [39;49m name=[33;49m"Integrations.Discord.WebhookUrl"[0m value=[37;49m*** REDACTED ***[0m    
[90m[13:22:51][0m [32mINFO: [0m [36mConfig                  [39;49m name=[33;49m"LLM.Enabled"[0m        value=[37;49mtrue[0m                
[90m[13:22:51][0m [32mINFO: [0m [36mConfig                  [39;49m name=[33;49m"LLM.Endpoint"[0m       value=[37;49mhttp://localhost:11434[0m 
[90m[13:22:51][0m [32mINFO: [0m [36mConfig                  [39;49m name=[33;49m"LLM.Timeout"[0m        value=[37;49m10[0m                  
[90m[13:22:51][0m [32mINFO: [0m [36mConfig                  [39;49m name=[33;49m"Logging.LogFilePath"[0m value=[37;49m_datafiles/logs/server.log[0m 
[90m[13:22:51][0m [32mINFO: [0m [36mConfig                  [39;49m name=[33;49m"Logging.LogLevel"[0m   value=[37;49mdebug[0m               
[90m[13:22:51][0m [32mINFO: [0m [36mConfig                  [39;49m name=[33;49m"Logging.LogToFile"[0m  value=[37;49mfalse[0m               
[90m[13:22:51][0m [32mINFO: [0m [36mConfig                  [39;49m name=[33;49m"LootGoblin.IncludeRecentRooms"[0m value=[37;49mtrue[0m                
[90m[13:22:51][0m [32mINFO: [0m [36mConfig                  [39;49m name=[33;49m"LootGoblin.MinimumGold"[0m value=[37;49m100[0m                 
[90m[13:22:51][0m [32mINFO: [0m [36mConfig                  [39;49m name=[33;49m"LootGoblin.MinimumItems"[0m value=[37;49m3[0m                   
[90m[13:22:51][0m [32mINFO: [0m [36mConfig                  [39;49m name=[33;49m"LootGoblin.RoomId"[0m  value=[37;49m139[0m                 
[90m[13:22:51][0m [32mINFO: [0m [36mConfig                  [39;49m name=[33;49m"LootGoblin.RoundCount"[0m value=[37;49m900[0m                 
[90m[13:22:51][0m [32mINFO: [0m [36mConfig                  [39;49m name=[33;49m"Memory.MaxMobBoredom"[0m value=[37;49m250[0m                 
[90m[13:22:51][0m [32mINFO: [0m [36mConfig                  [39;49m name=[33;49m"Memory.MobUnloadThreshold"[0m value=[37;49m100[0m                 
[90m[13:22:51][0m [32mINFO: [0m [36mConfig                  [39;49m name=[33;49m"Memory.RoomUnloadRounds"[0m value=[37;49m450[0m                 
[90m[13:22:51][0m [32mINFO: [0m [36mConfig                  [39;49m name=[33;49m"Memory.RoomUnloadThreshold"[0m value=[37;49m200[0m                 
[90m[13:22:51][0m [32mINFO: [0m [36mConfig                  [39;49m name=[33;49m"Network.AICommandsPerRound"[0m value=[37;49m2[0m                   
[90m[13:22:51][0m [32mINFO: [0m [36mConfig                  [39;49m name=[33;49m"Network.AIPort"[0m     value=[37;49m55555[0m               
[90m[13:22:51][0m [32mINFO: [0m [36mConfig                  [39;49m name=[33;49m"Network.AfkSeconds"[0m value=[37;49m120[0m                 
[90m[13:22:51][0m [32mINFO: [0m [36mConfig                  [39;49m name=[33;49m"Network.HttpPort"[0m   value=[37;49m80[0m                  
[90m[13:22:51][0m [32mINFO: [0m [36mConfig                  [39;49m name=[33;49m"Network.HttpsPort"[0m  value=[37;49m0[0m                   
[90m[13:22:51][0m [32mINFO: [0m [36mConfig                  [39;49m name=[33;49m"Network.HttpsRedirect"[0m value=[37;49mfalse[0m               
[90m[13:22:51][0m [32mINFO: [0m [36mConfig                  [39;49m name=[33;49m"Network.LocalPort"[0m  value=[37;49m9999[0m                
[90m[13:22:51][0m [32mINFO: [0m [36mConfig                  [39;49m name=[33;49m"Network.LogoutRounds"[0m value=[37;49m3[0m                   
[90m[13:22:51][0m [32mINFO: [0m [36mConfig                  [39;49m name=[33;49m"Network.MaxAIConnections"[0m value=[37;49m20[0m                  
[90m[13:22:51][0m [32mINFO: [0m [36mConfig                  [39;49m name=[33;49m"Network.MaxHumanConnections"[0m value=[37;49m80[0m                  
[90m[13:22:51][0m [32mINFO: [0m [36mConfig                  [39;49m name=[33;49m"Network.MaxIdleSeconds"[0m value=[37;49m18000[0m               
[90m[13:22:51][0m [32mINFO: [0m [36mConfig                  [39;49m name=[33;49m"Network.MaxTelnetConnections"[0m value=[37;49m100[0m                 
[90m[13:22:51][0m [32mINFO: [0m [36mConfig                  [39;49m name=[33;49m"Network.TelnetPort"[0m value=[37;49m["33333", "44444"][0m  
[90m[13:22:51][0m [32mINFO: [0m [36mConfig                  [39;49m name=[33;49m"Network.TimeoutMods"[0m value=[37;49mfalse[0m               
[90m[13:22:51][0m [32mINFO: [0m [36mConfig                  [39;49m name=[33;49m"Network.ZombieSeconds"[0m value=[37;49m60[0m                  
[90m[13:22:51][0m [32mINFO: [0m [36mConfig                  [39;49m name=[33;49m"Roles.builder"[0m      value=[37;49m["room.info", "build"][0m 
[90m[13:22:51][0m [32mINFO: [0m [36mConfig                  [39;49m name=[33;49m"Roles.helper"[0m       value=[37;49m["paz", "teleport.playername", "locate"][0m 
[90m[13:22:51][0m [32mINFO: [0m [36mConfig                  [39;49m name=[33;49m"Server.CurrentVersion"[0m value=[37;49m0.9.0[0m               
[90m[13:22:51][0m [32mINFO: [0m [36mConfig                  [39;49m name=[33;49m"Server.Locked"[0m      value=[37;49m["FilePaths", "Server.CurrentVersion", "Server.NextRoomId", "Server.Seed", "Server.OnLoginCommands", "Server.BannedNames"][0m 
[90m[13:22:51][0m [32mINFO: [0m [36mConfig                  [39;49m name=[33;49m"Server.MaxCPUCores"[0m value=[37;49m0[0m                   
[90m[13:22:51][0m [32mINFO: [0m [36mConfig                  [39;49m name=[33;49m"Server.Motd"[0m        value=[37;49m{{ t "LIVING TRADE NETWORK — A six-mob caravan now physically hauls goods between Thornwall and Stillwater (`look wagon` to see what's on board). Three foragers gather raw materials in the wild and deliver to local shops: Tova in Stillwater Marsh, Halix in Ironwind Steppe, Kessa in the Fernway.\nDYNAMIC SHOP ECONOMY — Vendor prices flex with stock: 0.25x when overstocked, up to 5x when nearly empty. Stock caps now scale with item rarity (tier-50 commodities cap at 50, tier-20 specialties at 20). New characters start with 250 gold so they can try a mid-tier craft.\nTWO NEW WILDERNESS ZONES — Fernway South (south from Fox Den) and Stillwater Marsh (west from Mill Creek Footbridge). 40 rooms of forage country, mostly peaceful but watch for forest badgers and bog adders.\nQOL — Corpse salvage yields cloth, leather, sinew. Sanctuary mutator gives 5x regen at temples and foragers' camps. Foragers fold-recall to sanctuary when wounded.\nNovel: https://github.com/pruuk/DOGMud/blob/master/what_the_moons_keep.md\nFull patch notes: https://github.com/pruuk/DOGMud/blob/master/PATCH_NOTES.md" }}[0m 
[90m[13:22:51][0m [32mINFO: [0m [36mConfig                  [39;49m name=[33;49m"Server.MudName"[0m     value=[37;49mDOGMud[0m              
[90m[13:22:51][0m [32mINFO: [0m [36mConfig                  [39;49m name=[33;49m"Server.NextRoomId"[0m  value=[37;49m1002[0m                
[90m[13:22:51][0m [32mINFO: [0m [36mConfig                  [39;49m name=[33;49m"Server.OnLoginCommands"[0m value=[37;49m["emote @appears before you in a flash of <ansi fg="yellow-bold">⚡l<ansi fg="white-bold">i</ansi>gh<ansi fg="white-bold">tn</ansi>i<ansi fg="white-bold">n</ansi>g⚡</ansi>!", "print", "motd", "print", "online", "print", "inbox check", "print", "mudletmap", "checkclient"][0m 
[90m[13:22:51][0m [32mINFO: [0m [36mConfig                  [39;49m name=[33;49m"Server.Seed"[0m        value=[37;49m*** REDACTED ***[0m    
[90m[13:22:51][0m [32mINFO: [0m [36mConfig                  [39;49m name=[33;49m"SpecialRooms.DeathRecoveryRoom"[0m value=[37;49m75[0m                  
[90m[13:22:51][0m [32mINFO: [0m [36mConfig                  [39;49m name=[33;49m"SpecialRooms.StartRoom"[0m value=[37;49m113[0m                 
[90m[13:22:51][0m [32mINFO: [0m [36mConfig                  [39;49m name=[33;49m"SpecialRooms.TutorialRooms"[0m value=[37;49m[][0m                  
[90m[13:22:51][0m [32mINFO: [0m [36mConfig                  [39;49m name=[33;49m"TextFormats.EnterRoomMessageWrapper"[0m value=[37;49m   <ansi fg="enters-message"> >>> </ansi>%s
[0m 
[90m[13:22:51][0m [32mINFO: [0m [36mConfig                  [39;49m name=[33;49m"TextFormats.ExitRoomMessageWrapper"[0m value=[37;49m   <ansi fg="leaves-message"> >>> </ansi>%s
[0m 
[90m[13:22:51][0m [32mINFO: [0m [36mConfig                  [39;49m name=[33;49m"TextFormats.FightPrompt"[0m value=[37;49m{8}[{t} {255}HP:{hpbar} SP:{stbar} CP:{cvbar}{pos}{8}] {255}» {target}{8}[{targetpos}{8}|{targethealth}{8}] {255}{tank}{tankpos}{tankbar}{239}{h}{8}:[0m 
[90m[13:22:51][0m [32mINFO: [0m [36mConfig                  [39;49m name=[33;49m"TextFormats.Prompt"[0m value=[37;49m{8}[{t} {255}HP:{hpbar} {255}SP:{stbar} {255}CP:{cvbar}{8}]{239}{h}{8}:[0m 
[90m[13:22:51][0m [32mINFO: [0m [36mConfig                  [39;49m name=[33;49m"TextFormats.Time"[0m   value=[37;49mMonday, 02-Jan-2006 3:04:05PM[0m 
[90m[13:22:51][0m [32mINFO: [0m [36mConfig                  [39;49m name=[33;49m"TextFormats.TimeShort"[0m value=[37;49mJan 2 '06 3:04PM[0m    
[90m[13:22:51][0m [32mINFO: [0m [36mConfig                  [39;49m name=[33;49m"Timing.NightHours"[0m  value=[37;49m8[0m                   
[90m[13:22:51][0m [32mINFO: [0m [36mConfig                  [39;49m name=[33;49m"Timing.RoundSeconds"[0m value=[37;49m4[0m                   
[90m[13:22:51][0m [32mINFO: [0m [36mConfig                  [39;49m name=[33;49m"Timing.RoundsPerAutoSave"[0m value=[37;49m225[0m                 
[90m[13:22:51][0m [32mINFO: [0m [36mConfig                  [39;49m name=[33;49m"Timing.RoundsPerDay"[0m value=[37;49m900[0m                 
[90m[13:22:51][0m [32mINFO: [0m [36mConfig                  [39;49m name=[33;49m"Timing.TurnMs"[0m      value=[37;49m50[0m                  
[90m[13:22:51][0m [32mINFO: [0m [36mConfig                  [39;49m name=[33;49m"Translation.DefaultLanguage"[0m value=[37;49men[0m                  
[90m[13:22:51][0m [32mINFO: [0m [36mConfig                  [39;49m name=[33;49m"Translation.Language"[0m value=[37;49men[0m                  
[90m[13:22:51][0m [32mINFO: [0m [36mConfig                  [39;49m name=[33;49m"Translation.LanguagePaths"[0m value=[37;49m["_datafiles/localize", "_datafiles/world/default/localize"][0m 
[90m[13:22:51][0m [32mINFO: [0m [36mConfig                  [39;49m name=[33;49m"Validation.BannedNames"[0m value=[37;49m["*admin*", "*moderator*", "player*", "user*", "me", "myself", "self", "us", "you", "them", "everyone", "someone", "anyone", "nobody", "somebody", "anybody", "none", "nothing", "something", "anything", "everything", "all", "north*", "south*", "east*", "west*", "up", "down", "chest", "door", "new", "join", "register", "skeleton", "zombie", "wraith", "spectre", "vampire", "golem", "elemental", "magma", "swarm", "spirit", "wolf", "undead", "conjure*", "summon*", "companion"][0m 
[90m[13:22:51][0m [32mINFO: [0m [36mConfig                  [39;49m name=[33;49m"Validation.EmailOnJoin"[0m value=[37;49moptional[0m            
[90m[13:22:51][0m [32mINFO: [0m [36mConfig                  [39;49m name=[33;49m"Validation.NameRejectReason"[0m value=[37;49mMust only contain Alpha-numeric and underscores.[0m 
[90m[13:22:51][0m [32mINFO: [0m [36mConfig                  [39;49m name=[33;49m"Validation.NameRejectRegex"[0m value=[37;49m^[a-zA-Z0-9_]+$[0m     
[90m[13:22:51][0m [32mINFO: [0m [36mConfig                  [39;49m name=[33;49m"Validation.NameSizeMax"[0m value=[37;49m32[0m                  
[90m[13:22:51][0m [32mINFO: [0m [36mConfig                  [39;49m name=[33;49m"Validation.NameSizeMin"[0m value=[37;49m2[0m                   
[90m[13:22:51][0m [32mINFO: [0m [36mConfig                  [39;49m name=[33;49m"Validation.PasswordSizeMax"[0m value=[37;49m16[0m                  
[90m[13:22:51][0m [32mINFO: [0m [36mConfig                  [39;49m name=[33;49m"Validation.PasswordSizeMin"[0m value=[37;49m4[0m                   
[90m[13:22:51][0m [32mINFO: [0m [36m========================[39;49m 
[90m[13:22:51][0m [33mWARN: [0m [36mDiscord                 [39;49m info=[33;49m"integration is disabled"[0m 
[90m[13:22:51][0m [32mINFO: [0m [36mStarting server         [39;49m name=[33;49m"DOGMud"[0m             
[90m[13:22:51][0m [32mINFO: [0m [36m========================[39;49m 
[90m[13:22:51][0m [32mINFO: [0m [36mbiomes.LoadBiomeDataFile[39;49m loadedCount=[31;49m18[0m            Time Taken=[35;49m2.0759ms[0m       
[90m[13:22:51][0m [32mINFO: [0m [36mspells.loadAllSpells()  [39;49m loadedCount=[31;49m56[0m            Time Taken=[35;49m7.8158ms[0m       
[90m[13:22:51][0m [32mINFO: [0m [36mmutations.LoadMutationFi[39;49m loadedCount=[31;49m40[0m            Time Taken=[35;49m4.189ms[0m        
[90m[13:22:51][0m [32mINFO: [0m [36menchantments.LoadEnchant[39;49m loadedCount=[31;49m19[0m            Time Taken=[35;49m2.5866ms[0m       
[90m[13:22:51][0m [32mINFO: [0m [36mcrafting.LoadRecipeFiles[39;49m loadedCount=[31;49m97[0m            Time Taken=[35;49m11.7111ms[0m      
[90m[13:22:51][0m [32mINFO: [0m [36mrooms.loadAllRoomZones()[39;49m zoneCount=[31;49m21[0m              loadedCount=[31;49m515[0m           Time Taken=[35;49m86.3675ms[0m      
[90m[13:22:51][0m [32mINFO: [0m [36mbuffSpec.LoadDataFiles()[39;49m loadedCount=[31;49m66[0m            Time Taken=[35;49m7.0008ms[0m       
[90m[13:22:51][0m [32mINFO: [0m [36mitemspec.LoadDataFiles()[39;49m itemLoadedCount=[31;49m248[0m       attackMessageCount=[31;49m16[0m     defenseMessageCount=[31;49m3[0m     Time Taken=[35;49m43.0808ms[0m      
[90m[13:22:51][0m [32mINFO: [0m [36mspecies.LoadDataFiles() [39;49m loadedCount=[31;49m37[0m            Time Taken=[35;49m4.9999ms[0m       
[90m[13:22:51][0m [95mDEBUG:[0m [36mDisabled Check          [39;49m error=[37;41mItem found in disabled slot[0m name=[33;49m"sharpened bone"[0m     slot=[33;49m"weapon"[0m             character=[33;49m"warren scout"[0m  
[90m[13:22:51][0m [95mDEBUG:[0m [36mDisabled Check          [39;49m error=[37;41mItem found in disabled slot[0m name=[33;49m"crude bone club"[0m    slot=[33;49m"weapon"[0m             character=[33;49m"warren warrior"[0m 
[90m[13:22:51][0m [95mDEBUG:[0m [36mDisabled Check          [39;49m error=[37;41mItem found in disabled slot[0m name=[33;49m"willow wand"[0m        slot=[33;49m"weapon"[0m             character=[33;49m"tunnel shaman"[0m 
[90m[13:22:51][0m [95mDEBUG:[0m [36mDisabled Check          [39;49m error=[37;41mItem found in disabled slot[0m name=[33;49m"obsidian knife"[0m     slot=[33;49m"weapon"[0m             character=[33;49m"warren chieftain"[0m 
[90m[13:22:51][0m [32mINFO: [0m [36mmobs.LoadDataFiles()    [39;49m loadedCount=[31;49m225[0m           Time Taken=[35;49m37.9994ms[0m      
[90m[13:22:53][0m [32mINFO: [0m [36mfactions.LoadAllDefiniti[39;49m loadedCount=[31;49m3[0m             
[90m[13:22:53][0m [32mINFO: [0m [36mshop cache prewarmed (pe[39;49m count=[31;49m11[0m                  
[90m[13:22:53][0m [32mINFO: [0m [36mforager.PrewarmThroughpu[39;49m loaded=[31;49m6[0m                  
[90m[13:22:53][0m [32mINFO: [0m [36mcaravan.PrewarmThroughpu[39;49m loaded=[31;49m8[0m                  
[90m[13:22:53][0m [32mINFO: [0m [36mshop cache prewarmed (sp[39;49m count=[31;49m16[0m                  
[90m[13:22:53][0m [32mINFO: [0m [36mpets.LoadDataFiles()    [39;49m loadedCount=[31;49m1[0m             Time Taken=[35;49m0s[0m             
[90m[13:22:53][0m [32mINFO: [0m [36mquests.LoadDataFiles()  [39;49m loadedCount=[31;49m21[0m            Time Taken=[35;49m4.1868ms[0m       
[90m[13:22:53][0m [32mINFO: [0m [36mValidateAllFlags()      [39;49m msg=[33;49m"all quest flag references validated"[0m 
[90m[13:22:53][0m [32mINFO: [0m [36mquestengine.LoadDataFile[39;49m loadedCount=[31;49m21[0m            Time Taken=[35;49m20.1924ms[0m      
[90m[13:22:53][0m [32mINFO: [0m [36mansitags.LoadAliases()  [39;49m changed=[92;49mtrue[0m              Time Taken=[35;49m0s[0m             
[90m[13:22:53][0m [32mINFO: [0m [36mmutators.LoadDataFiles()[39;49m loadedCount=[31;49m6[0m             Time Taken=[35;49m1ms[0m            
[90m[13:22:53][0m [32mINFO: [0m [36msystem NPC anchor rooms [39;49m count=[31;49m4[0m                   
[90m[13:22:53][0m [32mINFO: [0m [36mBOOT                    [39;49m msg=[33;49m"eager-spawning shop-bearing rooms"[0m 
[90m[13:22:53][0m [32mINFO: [0m [36mBOOT                    [39;49m msg=[33;49m"eager-spawned shop-bearing rooms"[0m preparedCount=[31;49m16[0m          totalRoomsScanned=[31;49m515[0m     
[90m[13:22:53][0m [32mINFO: [0m [36msealed crates loaded    [39;49m count=[31;49m1[0m                   
[90m[13:22:53][0m [32mINFO: [0m [36m...LoadColorPatterns()  [39;49m loadedCount=[31;49m28[0m            Time Taken=[35;49m0s[0m             
[90m[13:22:53][0m [32mINFO: [0m [36mColor Test (Patterns)   [39;49m name=[33;49m"blackandwhite"[0m      (default)=[33;49m"[38;5;247m[49mC[0m[38;5;231m[49mo[0m[38;5;247m[49ml[0m[38;5;231m[49mo[0m[38;5;247m[49mr[0m[38;5;231m[49m [0m[38;5;231m[49mt[0m[38;5;247m[49me[0m[38;5;231m[49ms[0m[38;5;247m[49mt[0m[38;5;231m[49m [0m[38;5;231m[49mp[0m[38;5;247m[49ma[0m[38;5;231m[49mt[0m[38;5;247m[49mt[0m[38;5;231m[49me[0m[38;5;247m[49mr[0m[38;5;231m[49mn[0m"[0m Stretch=[33;49m"[0m[38;5;247m[49mC[0m[38;5;247m[49mo[0m[38;5;247m[49ml[0m[38;5;247m[49mo[0m[38;5;247m[49mr[0m[38;5;247m[49m [0m[38;5;247m[49mt[0m[38;5;247m[49me[0m[38;5;247m[49ms[0m[38;5;231m[49mt[0m[38;5;231m[49m [0m[38;5;231m[49mp[0m[38;5;231m[49ma[0m[38;5;231m[49mt[0m[38;5;231m[49mt[0m[38;5;231m[49me[0m[38;5;231m[49mr[0m[38;5;231m[49mn[0m[0m"[0m Words=[33;49m"[0m[0m[38;5;247m[49mColor[0m[38;5;231m[49m test[0m[38;5;247m[49m pattern[0m[38;5;231m[49m color[0m[38;5;247m[49m test[0m[38;5;231m[49m pattern[0m"[0m 
[90m[13:22:53][0m [32mINFO: [0m [36mColor Test (Patterns)   [39;49m name=[33;49m"blue"[0m               (default)=[33;49m"[38;5;17m[49mC[0m[38;5;18m[49mo[0m[38;5;19m[49ml[0m[38;5;20m[49mo[0m[38;5;21m[49mr[0m[38;5;27m[49m [0m[38;5;27m[49mt[0m[38;5;69m[49me[0m[38;5;117m[49ms[0m[38;5;195m[49mt[0m[38;5;117m[49m [0m[38;5;117m[49mp[0m[38;5;69m[49ma[0m[38;5;27m[49mt[0m[38;5;21m[49mt[0m[38;5;20m[49me[0m[38;5;19m[49mr[0m[38;5;18m[49mn[0m"[0m Stretch=[33;49m"[0m[38;5;17m[49mC[0m[38;5;17m[49mo[0m[38;5;18m[49ml[0m[38;5;18m[49mo[0m[38;5;19m[49mr[0m[38;5;19m[49m [0m[38;5;19m[49mt[0m[38;5;19m[49me[0m[38;5;20m[49ms[0m[38;5;20m[49mt[0m[38;5;21m[49m [0m[38;5;21m[49mp[0m[38;5;27m[49ma[0m[38;5;27m[49mt[0m[38;5;69m[49mt[0m[38;5;69m[49me[0m[38;5;117m[49mr[0m[38;5;117m[49mn[0m[0m"[0m Words=[33;49m"[0m[0m[38;5;17m[49mColor[0m[38;5;18m[49m test[0m[38;5;19m[49m pattern[0m[38;5;20m[49m color[0m[38;5;21m[49m test[0m[38;5;27m[49m pattern[0m"[0m 
[90m[13:22:53][0m [32mINFO: [0m [36mColor Test (Patterns)   [39;49m name=[33;49m"brown"[0m              (default)=[33;49m"[38;5;58m[49mC[0m[38;5;94m[49mo[0m[38;5;94m[49ml[0m[38;5;130m[49mo[0m[38;5;130m[49mr[0m[38;5;130m[49m [0m[38;5;130m[49mt[0m[38;5;178m[49me[0m[38;5;178m[49ms[0m[38;5;179m[49mt[0m[38;5;178m[49m [0m[38;5;178m[49mp[0m[38;5;178m[49ma[0m[38;5;130m[49mt[0m[38;5;130m[49mt[0m[38;5;130m[49me[0m[38;5;94m[49mr[0m[38;5;94m[49mn[0m"[0m Stretch=[33;49m"[0m[38;5;58m[49mC[0m[38;5;58m[49mo[0m[38;5;94m[49ml[0m[38;5;94m[49mo[0m[38;5;94m[49mr[0m[38;5;94m[49m [0m[38;5;94m[49mt[0m[38;5;94m[49me[0m[38;5;130m[49ms[0m[38;5;130m[49mt[0m[38;5;130m[49m [0m[38;5;130m[49mp[0m[38;5;130m[49ma[0m[38;5;130m[49mt[0m[38;5;178m[49mt[0m[38;5;178m[49me[0m[38;5;178m[49mr[0m[38;5;178m[49mn[0m[0m"[0m Words=[33;49m"[0m[0m[38;5;58m[49mColor[0m[38;5;94m[49m test[0m[38;5;94m[49m pattern[0m[38;5;130m[49m color[0m[38;5;130m[49m test[0m[38;5;130m[49m pattern[0m"[0m 
[90m[13:22:53][0m [32mINFO: [0m [36mColor Test (Patterns)   [39;49m name=[33;49m"coupon"[0m             (default)=[33;49m"[38;5;147m[49mC[0m[38;5;231m[49mo[0m[38;5;147m[49ml[0m[38;5;231m[49mo[0m[38;5;147m[49mr[0m[38;5;231m[49m [0m[38;5;231m[49mt[0m[38;5;147m[49me[0m[38;5;231m[49ms[0m[38;5;147m[49mt[0m[38;5;231m[49m [0m[38;5;231m[49mp[0m[38;5;147m[49ma[0m[38;5;231m[49mt[0m[38;5;147m[49mt[0m[38;5;231m[49me[0m[38;5;147m[49mr[0m[38;5;231m[49mn[0m"[0m Stretch=[33;49m"[0m[38;5;147m[49mC[0m[38;5;147m[49mo[0m[38;5;147m[49ml[0m[38;5;147m[49mo[0m[38;5;147m[49mr[0m[38;5;147m[49m [0m[38;5;147m[49mt[0m[38;5;147m[49me[0m[38;5;147m[49ms[0m[38;5;231m[49mt[0m[38;5;231m[49m [0m[38;5;231m[49mp[0m[38;5;231m[49ma[0m[38;5;231m[49mt[0m[38;5;231m[49mt[0m[38;5;231m[49me[0m[38;5;231m[49mr[0m[38;5;231m[49mn[0m[0m"[0m Words=[33;49m"[0m[0m[38;5;147m[49mColor[0m[38;5;231m[49m test[0m[38;5;147m[49m pattern[0m[38;5;231m[49m color[0m[38;5;147m[49m test[0m[38;5;231m[49m pattern[0m"[0m 
[90m[13:22:53][0m [32mINFO: [0m [36mColor Test (Patterns)   [39;49m name=[33;49m"cyan"[0m               (default)=[33;49m"[38;5;27m[49mC[0m[38;5;33m[49mo[0m[38;5;39m[49ml[0m[38;5;45m[49mo[0m[38;5;51m[49mr[0m[38;5;87m[49m [0m[38;5;87m[49mt[0m[38;5;123m[49me[0m[38;5;159m[49ms[0m[38;5;195m[49mt[0m[38;5;159m[49m [0m[38;5;159m[49mp[0m[38;5;123m[49ma[0m[38;5;87m[49mt[0m[38;5;51m[49mt[0m[38;5;45m[49me[0m[38;5;39m[49mr[0m[38;5;33m[49mn[0m"[0m Stretch=[33;49m"[0m[38;5;27m[49mC[0m[38;5;27m[49mo[0m[38;5;33m[49ml[0m[38;5;33m[49mo[0m[38;5;39m[49mr[0m[38;5;39m[49m [0m[38;5;39m[49mt[0m[38;5;39m[49me[0m[38;5;45m[49ms[0m[38;5;45m[49mt[0m[38;5;51m[49m [0m[38;5;51m[49mp[0m[38;5;87m[49ma[0m[38;5;87m[49mt[0m[38;5;123m[49mt[0m[38;5;123m[49me[0m[38;5;159m[49mr[0m[38;5;159m[49mn[0m[0m"[0m Words=[33;49m"[0m[0m[38;5;27m[49mColor[0m[38;5;33m[49m test[0m[38;5;39m[49m pattern[0m[38;5;45m[49m color[0m[38;5;51m[49m test[0m[38;5;87m[49m pattern[0m"[0m 
[90m[13:22:53][0m [32mINFO: [0m [36mColor Test (Patterns)   [39;49m name=[33;49m"flame"[0m              (default)=[33;49m"[38;5;124m[49mC[0m[38;5;196m[49mo[0m[38;5;202m[49ml[0m[38;5;208m[49mo[0m[38;5;214m[49mr[0m[38;5;220m[49m [0m[38;5;220m[49mt[0m[38;5;226m[49me[0m[38;5;228m[49ms[0m[38;5;230m[49mt[0m[38;5;228m[49m [0m[38;5;228m[49mp[0m[38;5;226m[49ma[0m[38;5;220m[49mt[0m[38;5;214m[49mt[0m[38;5;208m[49me[0m[38;5;202m[49mr[0m[38;5;196m[49mn[0m"[0m Stretch=[33;49m"[0m[38;5;124m[49mC[0m[38;5;124m[49mo[0m[38;5;196m[49ml[0m[38;5;196m[49mo[0m[38;5;202m[49mr[0m[38;5;202m[49m [0m[38;5;202m[49mt[0m[38;5;202m[49me[0m[38;5;208m[49ms[0m[38;5;208m[49mt[0m[38;5;214m[49m [0m[38;5;214m[49mp[0m[38;5;220m[49ma[0m[38;5;220m[49mt[0m[38;5;226m[49mt[0m[38;5;226m[49me[0m[38;5;228m[49mr[0m[38;5;228m[49mn[0m[0m"[0m Words=[33;49m"[0m[0m[38;5;124m[49mColor[0m[38;5;196m[49m test[0m[38;5;202m[49m pattern[0m[38;5;208m[49m color[0m[38;5;214m[49m test[0m[38;5;220m[49m pattern[0m"[0m 
[90m[13:22:53][0m [32mINFO: [0m [36mColor Test (Patterns)   [39;49m name=[33;49m"glowing"[0m            (default)=[33;49m"[38;5;184m[49mC[0m[38;5;226m[49mo[0m[38;5;227m[49ml[0m[38;5;228m[49mo[0m[38;5;229m[49mr[0m[38;5;230m[49m [0m[38;5;230m[49mt[0m[38;5;231m[49me[0m[38;5;230m[49ms[0m[38;5;229m[49mt[0m[38;5;228m[49m [0m[38;5;228m[49mp[0m[38;5;227m[49ma[0m[38;5;226m[49mt[0m[38;5;184m[49mt[0m[38;5;142m[49me[0m[38;5;100m[49mr[0m[38;5;58m[49mn[0m"[0m Stretch=[33;49m"[0m[38;5;184m[49mC[0m[38;5;226m[49mo[0m[38;5;227m[49ml[0m[38;5;228m[49mo[0m[38;5;229m[49mr[0m[38;5;230m[49m [0m[38;5;230m[49mt[0m[38;5;231m[49me[0m[38;5;230m[49ms[0m[38;5;229m[49mt[0m[38;5;228m[49m [0m[38;5;228m[49mp[0m[38;5;227m[49ma[0m[38;5;226m[49mt[0m[38;5;184m[49mt[0m[38;5;142m[49me[0m[38;5;100m[49mr[0m[38;5;58m[49mn[0m[0m"[0m Words=[33;49m"[0m[0m[38;5;184m[49mColor[0m[38;5;226m[49m test[0m[38;5;227m[49m pattern[0m[38;5;228m[49m color[0m[38;5;229m[49m test[0m[38;5;230m[49m pattern[0m"[0m 
[90m[13:22:53][0m [32mINFO: [0m [36mColor Test (Patterns)   [39;49m name=[33;49m"gold"[0m               (default)=[33;49m"[38;5;172m[49mC[0m[38;5;214m[49mo[0m[38;5;214m[49ml[0m[38;5;220m[49mo[0m[38;5;220m[49mr[0m[38;5;220m[49m [0m[38;5;220m[49mt[0m[38;5;226m[49me[0m[38;5;226m[49ms[0m[38;5;226m[49mt[0m[38;5;220m[49m [0m[38;5;220m[49mp[0m[38;5;220m[49ma[0m[38;5;220m[49mt[0m[38;5;214m[49mt[0m[38;5;214m[49me[0m[38;5;172m[49mr[0m[38;5;214m[49mn[0m"[0m Stretch=[33;49m"[0m[38;5;172m[49mC[0m[38;5;172m[49mo[0m[38;5;214m[49ml[0m[38;5;214m[49mo[0m[38;5;214m[49mr[0m[38;5;214m[49m [0m[38;5;214m[49mt[0m[38;5;214m[49me[0m[38;5;220m[49ms[0m[38;5;220m[49mt[0m[38;5;220m[49m [0m[38;5;220m[49mp[0m[38;5;220m[49ma[0m[38;5;220m[49mt[0m[38;5;226m[49mt[0m[38;5;226m[49me[0m[38;5;226m[49mr[0m[38;5;226m[49mn[0m[0m"[0m Words=[33;49m"[0m[0m[38;5;172m[49mColor[0m[38;5;214m[49m test[0m[38;5;214m[49m pattern[0m[38;5;220m[49m color[0m[38;5;220m[49m test[0m[38;5;220m[49m pattern[0m"[0m 
[90m[13:22:53][0m [32mINFO: [0m [36mColor Test (Patterns)   [39;49m name=[33;49m"gray"[0m               (default)=[33;49m"[38;5;0m[49mC[0m[38;5;234m[49mo[0m[38;5;237m[49ml[0m[38;5;239m[49mo[0m[38;5;242m[49mr[0m[38;5;245m[49m [0m[38;5;245m[49mt[0m[38;5;248m[49me[0m[38;5;252m[49ms[0m[38;5;15m[49mt[0m[38;5;252m[49m [0m[38;5;252m[49mp[0m[38;5;248m[49ma[0m[38;5;245m[49mt[0m[38;5;242m[49mt[0m[38;5;239m[49me[0m[38;5;237m[49mr[0m[38;5;234m[49mn[0m"[0m Stretch=[33;49m"[0m[38;5;0m[49mC[0m[38;5;0m[49mo[0m[38;5;234m[49ml[0m[38;5;234m[49mo[0m[38;5;237m[49mr[0m[38;5;237m[49m [0m[38;5;237m[49mt[0m[38;5;237m[49me[0m[38;5;239m[49ms[0m[38;5;239m[49mt[0m[38;5;242m[49m [0m[38;5;242m[49mp[0m[38;5;245m[49ma[0m[38;5;245m[49mt[0m[38;5;248m[49mt[0m[38;5;248m[49me[0m[38;5;252m[49mr[0m[38;5;252m[49mn[0m[0m"[0m Words=[33;49m"[0m[0m[38;5;0m[49mColor[0m[38;5;234m[49m test[0m[38;5;237m[49m pattern[0m[38;5;239m[49m color[0m[38;5;242m[49m test[0m[38;5;245m[49m pattern[0m"[0m 
[90m[13:22:53][0m [32mINFO: [0m [36mColor Test (Patterns)   [39;49m name=[33;49m"green"[0m              (default)=[33;49m"[38;5;22m[49mC[0m[38;5;28m[49mo[0m[38;5;34m[49ml[0m[38;5;40m[49mo[0m[38;5;46m[49mr[0m[38;5;83m[49m [0m[38;5;83m[49mt[0m[38;5;120m[49me[0m[38;5;157m[49ms[0m[38;5;194m[49mt[0m[38;5;157m[49m [0m[38;5;157m[49mp[0m[38;5;120m[49ma[0m[38;5;83m[49mt[0m[38;5;46m[49mt[0m[38;5;40m[49me[0m[38;5;34m[49mr[0m[38;5;28m[49mn[0m"[0m Stretch=[33;49m"[0m[38;5;22m[49mC[0m[38;5;22m[49mo[0m[38;5;28m[49ml[0m[38;5;28m[49mo[0m[38;5;34m[49mr[0m[38;5;34m[49m [0m[38;5;34m[49mt[0m[38;5;34m[49me[0m[38;5;40m[49ms[0m[38;5;40m[49mt[0m[38;5;46m[49m [0m[38;5;46m[49mp[0m[38;5;83m[49ma[0m[38;5;83m[49mt[0m[38;5;120m[49mt[0m[38;5;120m[49me[0m[38;5;157m[49mr[0m[38;5;157m[49mn[0m[0m"[0m Words=[33;49m"[0m[0m[38;5;22m[49mColor[0m[38;5;28m[49m test[0m[38;5;34m[49m pattern[0m[38;5;40m[49m color[0m[38;5;46m[49m test[0m[38;5;83m[49m pattern[0m"[0m 
[90m[13:22:53][0m [32mINFO: [0m [36mColor Test (Patterns)   [39;49m name=[33;49m"lit"[0m                (default)=[33;49m"[38;5;187m[49mC[0m[38;5;229m[49mo[0m[38;5;228m[49ml[0m[38;5;227m[49mo[0m[38;5;228m[49mr[0m[38;5;229m[49m [0m[38;5;229m[49mt[0m[38;5;187m[49me[0m[38;5;229m[49ms[0m[38;5;228m[49mt[0m[38;5;227m[49m [0m[38;5;227m[49mp[0m[38;5;228m[49ma[0m[38;5;229m[49mt[0m[38;5;187m[49mt[0m[38;5;229m[49me[0m[38;5;228m[49mr[0m[38;5;227m[49mn[0m"[0m Stretch=[33;49m"[0m[38;5;187m[49mC[0m[38;5;187m[49mo[0m[38;5;187m[49ml[0m[38;5;187m[49mo[0m[38;5;229m[49mr[0m[38;5;229m[49m [0m[38;5;229m[49mt[0m[38;5;229m[49me[0m[38;5;228m[49ms[0m[38;5;228m[49mt[0m[38;5;228m[49m [0m[38;5;228m[49mp[0m[38;5;227m[49ma[0m[38;5;227m[49mt[0m[38;5;227m[49mt[0m[38;5;227m[49me[0m[38;5;227m[49mr[0m[38;5;227m[49mn[0m[0m"[0m Words=[33;49m"[0m[0m[38;5;187m[49mColor[0m[38;5;229m[49m test[0m[38;5;228m[49m pattern[0m[38;5;227m[49m color[0m[38;5;187m[49m test[0m[38;5;229m[49m pattern[0m"[0m 
[90m[13:22:53][0m [32mINFO: [0m [36mColor Test (Patterns)   [39;49m name=[33;49m"mute-dblue"[0m         (default)=[33;49m"[38;5;60m[49mC[0m[38;5;61m[49mo[0m[38;5;62m[49ml[0m[38;5;104m[49mo[0m[38;5;146m[49mr[0m[38;5;104m[49m [0m[38;5;104m[49mt[0m[38;5;62m[49me[0m[38;5;61m[49ms[0m[38;5;60m[49mt[0m[38;5;61m[49m [0m[38;5;61m[49mp[0m[38;5;62m[49ma[0m[38;5;104m[49mt[0m[38;5;146m[49mt[0m[38;5;104m[49me[0m[38;5;62m[49mr[0m[38;5;61m[49mn[0m"[0m Stretch=[33;49m"[0m[38;5;60m[49mC[0m[38;5;60m[49mo[0m[38;5;60m[49ml[0m[38;5;61m[49mo[0m[38;5;61m[49mr[0m[38;5;61m[49m [0m[38;5;61m[49mt[0m[38;5;61m[49me[0m[38;5;61m[49ms[0m[38;5;62m[49mt[0m[38;5;62m[49m [0m[38;5;62m[49mp[0m[38;5;104m[49ma[0m[38;5;104m[49mt[0m[38;5;104m[49mt[0m[38;5;146m[49me[0m[38;5;146m[49mr[0m[38;5;146m[49mn[0m[0m"[0m Words=[33;49m"[0m[0m[38;5;60m[49mColor[0m[38;5;61m[49m test[0m[38;5;62m[49m pattern[0m[38;5;104m[49m color[0m[38;5;146m[49m test[0m[38;5;60m[49m pattern[0m"[0m 
[90m[13:22:53][0m [32mINFO: [0m [36mColor Test (Patterns)   [39;49m name=[33;49m"mute-green"[0m         (default)=[33;49m"[38;5;65m[49mC[0m[38;5;71m[49mo[0m[38;5;77m[49ml[0m[38;5;114m[49mo[0m[38;5;151m[49mr[0m[38;5;114m[49m [0m[38;5;114m[49mt[0m[38;5;77m[49me[0m[38;5;71m[49ms[0m[38;5;65m[49mt[0m[38;5;71m[49m [0m[38;5;71m[49mp[0m[38;5;77m[49ma[0m[38;5;114m[49mt[0m[38;5;151m[49mt[0m[38;5;114m[49me[0m[38;5;77m[49mr[0m[38;5;71m[49mn[0m"[0m Stretch=[33;49m"[0m[38;5;65m[49mC[0m[38;5;65m[49mo[0m[38;5;65m[49ml[0m[38;5;71m[49mo[0m[38;5;71m[49mr[0m[38;5;71m[49m [0m[38;5;71m[49mt[0m[38;5;71m[49me[0m[38;5;71m[49ms[0m[38;5;77m[49mt[0m[38;5;77m[49m [0m[38;5;77m[49mp[0m[38;5;114m[49ma[0m[38;5;114m[49mt[0m[38;5;114m[49mt[0m[38;5;151m[49me[0m[38;5;151m[49mr[0m[38;5;151m[49mn[0m[0m"[0m Words=[33;49m"[0m[0m[38;5;65m[49mColor[0m[38;5;71m[49m test[0m[38;5;77m[49m pattern[0m[38;5;114m[49m color[0m[38;5;151m[49m test[0m[38;5;65m[49m pattern[0m"[0m 
[90m[13:22:53][0m [32mINFO: [0m [36mColor Test (Patterns)   [39;49m name=[33;49m"mute-lblue"[0m         (default)=[33;49m"[38;5;66m[49mC[0m[38;5;73m[49mo[0m[38;5;80m[49ml[0m[38;5;116m[49mo[0m[38;5;152m[49mr[0m[38;5;116m[49m [0m[38;5;116m[49mt[0m[38;5;80m[49me[0m[38;5;73m[49ms[0m[38;5;66m[49mt[0m[38;5;73m[49m [0m[38;5;73m[49mp[0m[38;5;80m[49ma[0m[38;5;116m[49mt[0m[38;5;152m[49mt[0m[38;5;116m[49me[0m[38;5;80m[49mr[0m[38;5;73m[49mn[0m"[0m Stretch=[33;49m"[0m[38;5;66m[49mC[0m[38;5;66m[49mo[0m[38;5;66m[49ml[0m[38;5;73m[49mo[0m[38;5;73m[49mr[0m[38;5;73m[49m [0m[38;5;73m[49mt[0m[38;5;73m[49me[0m[38;5;73m[49ms[0m[38;5;80m[49mt[0m[38;5;80m[49m [0m[38;5;80m[49mp[0m[38;5;116m[49ma[0m[38;5;116m[49mt[0m[38;5;116m[49mt[0m[38;5;152m[49me[0m[38;5;152m[49mr[0m[38;5;152m[49mn[0m[0m"[0m Words=[33;49m"[0m[0m[38;5;66m[49mColor[0m[38;5;73m[49m test[0m[38;5;80m[49m pattern[0m[38;5;116m[49m color[0m[38;5;152m[49m test[0m[38;5;66m[49m pattern[0m"[0m 
[90m[13:22:53][0m [32mINFO: [0m [36mColor Test (Patterns)   [39;49m name=[33;49m"mute-purple"[0m        (default)=[33;49m"[38;5;96m[49mC[0m[38;5;133m[49mo[0m[38;5;170m[49ml[0m[38;5;176m[49mo[0m[38;5;182m[49mr[0m[38;5;176m[49m [0m[38;5;176m[49mt[0m[38;5;170m[49me[0m[38;5;133m[49ms[0m[38;5;96m[49mt[0m[38;5;133m[49m [0m[38;5;133m[49mp[0m[38;5;170m[49ma[0m[38;5;176m[49mt[0m[38;5;182m[49mt[0m[38;5;176m[49me[0m[38;5;170m[49mr[0m[38;5;133m[49mn[0m"[0m Stretch=[33;49m"[0m[38;5;96m[49mC[0m[38;5;96m[49mo[0m[38;5;96m[49ml[0m[38;5;133m[49mo[0m[38;5;133m[49mr[0m[38;5;133m[49m [0m[38;5;133m[49mt[0m[38;5;133m[49me[0m[38;5;133m[49ms[0m[38;5;170m[49mt[0m[38;5;170m[49m [0m[38;5;170m[49mp[0m[38;5;176m[49ma[0m[38;5;176m[49mt[0m[38;5;176m[49mt[0m[38;5;182m[49me[0m[38;5;182m[49mr[0m[38;5;182m[49mn[0m[0m"[0m Words=[33;49m"[0m[0m[38;5;96m[49mColor[0m[38;5;133m[49m test[0m[38;5;170m[49m pattern[0m[38;5;176m[49m color[0m[38;5;182m[49m test[0m[38;5;96m[49m pattern[0m"[0m 
[90m[13:22:53][0m [32mINFO: [0m [36mColor Test (Patterns)   [39;49m name=[33;49m"mute-red"[0m           (default)=[33;49m"[38;5;95m[49mC[0m[38;5;131m[49mo[0m[38;5;167m[49ml[0m[38;5;174m[49mo[0m[38;5;161m[49mr[0m[38;5;174m[49m [0m[38;5;174m[49mt[0m[38;5;167m[49me[0m[38;5;131m[49ms[0m[38;5;95m[49mt[0m[38;5;131m[49m [0m[38;5;131m[49mp[0m[38;5;167m[49ma[0m[38;5;174m[49mt[0m[38;5;161m[49mt[0m[38;5;174m[49me[0m[38;5;167m[49mr[0m[38;5;131m[49mn[0m"[0m Stretch=[33;49m"[0m[38;5;95m[49mC[0m[38;5;95m[49mo[0m[38;5;95m[49ml[0m[38;5;131m[49mo[0m[38;5;131m[49mr[0m[38;5;131m[49m [0m[38;5;131m[49mt[0m[38;5;131m[49me[0m[38;5;131m[49ms[0m[38;5;167m[49mt[0m[38;5;167m[49m [0m[38;5;167m[49mp[0m[38;5;174m[49ma[0m[38;5;174m[49mt[0m[38;5;174m[49mt[0m[38;5;161m[49me[0m[38;5;161m[49mr[0m[38;5;161m[49mn[0m[0m"[0m Words=[33;49m"[0m[0m[38;5;95m[49mColor[0m[38;5;131m[49m test[0m[38;5;167m[49m pattern[0m[38;5;174m[49m color[0m[38;5;161m[49m test[0m[38;5;95m[49m pattern[0m"[0m 
[90m[13:22:53][0m [32mINFO: [0m [36mColor Test (Patterns)   [39;49m name=[33;49m"mute-yellow"[0m        (default)=[33;49m"[38;5;101m[49mC[0m[38;5;143m[49mo[0m[38;5;185m[49ml[0m[38;5;186m[49mo[0m[38;5;187m[49mr[0m[38;5;186m[49m [0m[38;5;186m[49mt[0m[38;5;185m[49me[0m[38;5;143m[49ms[0m[38;5;101m[49mt[0m[38;5;143m[49m [0m[38;5;143m[49mp[0m[38;5;185m[49ma[0m[38;5;186m[49mt[0m[38;5;187m[49mt[0m[38;5;186m[49me[0m[38;5;185m[49mr[0m[38;5;143m[49mn[0m"[0m Stretch=[33;49m"[0m[38;5;101m[49mC[0m[38;5;101m[49mo[0m[38;5;101m[49ml[0m[38;5;143m[49mo[0m[38;5;143m[49mr[0m[38;5;143m[49m [0m[38;5;143m[49mt[0m[38;5;143m[49me[0m[38;5;143m[49ms[0m[38;5;185m[49mt[0m[38;5;185m[49m [0m[38;5;185m[49mp[0m[38;5;186m[49ma[0m[38;5;186m[49mt[0m[38;5;186m[49mt[0m[38;5;187m[49me[0m[38;5;187m[49mr[0m[38;5;187m[49mn[0m[0m"[0m Words=[33;49m"[0m[0m[38;5;101m[49mColor[0m[38;5;143m[49m test[0m[38;5;185m[49m pattern[0m[38;5;186m[49m color[0m[38;5;187m[49m test[0m[38;5;101m[49m pattern[0m"[0m 
[90m[13:22:53][0m [32mINFO: [0m [36mColor Test (Patterns)   [39;49m name=[33;49m"orange"[0m             (default)=[33;49m"[38;5;58m[49mC[0m[38;5;94m[49mo[0m[38;5;130m[49ml[0m[38;5;166m[49mo[0m[38;5;202m[49mr[0m[38;5;208m[49m [0m[38;5;208m[49mt[0m[38;5;214m[49me[0m[38;5;216m[49ms[0m[38;5;223m[49mt[0m[38;5;216m[49m [0m[38;5;216m[49mp[0m[38;5;214m[49ma[0m[38;5;208m[49mt[0m[38;5;202m[49mt[0m[38;5;166m[49me[0m[38;5;130m[49mr[0m[38;5;94m[49mn[0m"[0m Stretch=[33;49m"[0m[38;5;58m[49mC[0m[38;5;58m[49mo[0m[38;5;94m[49ml[0m[38;5;94m[49mo[0m[38;5;130m[49mr[0m[38;5;130m[49m [0m[38;5;130m[49mt[0m[38;5;130m[49me[0m[38;5;166m[49ms[0m[38;5;166m[49mt[0m[38;5;202m[49m [0m[38;5;202m[49mp[0m[38;5;208m[49ma[0m[38;5;208m[49mt[0m[38;5;214m[49mt[0m[38;5;214m[49me[0m[38;5;216m[49mr[0m[38;5;216m[49mn[0m[0m"[0m Words=[33;49m"[0m[0m[38;5;58m[49mColor[0m[38;5;94m[49m test[0m[38;5;130m[49m pattern[0m[38;5;166m[49m color[0m[38;5;202m[49m test[0m[38;5;208m[49m pattern[0m"[0m 
[90m[13:22:53][0m [32mINFO: [0m [36mColor Test (Patterns)   [39;49m name=[33;49m"peppermint"[0m         (default)=[33;49m"[38;5;196m[49mC[0m[38;5;231m[49mo[0m[38;5;196m[49ml[0m[38;5;231m[49mo[0m[38;5;196m[49mr[0m[38;5;231m[49m [0m[38;5;231m[49mt[0m[38;5;196m[49me[0m[38;5;231m[49ms[0m[38;5;196m[49mt[0m[38;5;231m[49m [0m[38;5;231m[49mp[0m[38;5;196m[49ma[0m[38;5;231m[49mt[0m[38;5;196m[49mt[0m[38;5;231m[49me[0m[38;5;196m[49mr[0m[38;5;231m[49mn[0m"[0m Stretch=[33;49m"[0m[38;5;196m[49mC[0m[38;5;196m[49mo[0m[38;5;196m[49ml[0m[38;5;196m[49mo[0m[38;5;196m[49mr[0m[38;5;196m[49m [0m[38;5;196m[49mt[0m[38;5;196m[49me[0m[38;5;196m[49ms[0m[38;5;231m[49mt[0m[38;5;231m[49m [0m[38;5;231m[49mp[0m[38;5;231m[49ma[0m[38;5;231m[49mt[0m[38;5;231m[49mt[0m[38;5;231m[49me[0m[38;5;231m[49mr[0m[38;5;231m[49mn[0m[0m"[0m Words=[33;49m"[0m[0m[38;5;196m[49mColor[0m[38;5;231m[49m test[0m[38;5;196m[49m pattern[0m[38;5;231m[49m color[0m[38;5;196m[49m test[0m[38;5;231m[49m pattern[0m"[0m 
[90m[13:22:53][0m [32mINFO: [0m [36mColor Test (Patterns)   [39;49m name=[33;49m"pink"[0m               (default)=[33;49m"[38;5;225m[49mC[0m[38;5;219m[49mo[0m[38;5;213m[49ml[0m[38;5;207m[49mo[0m[38;5;201m[49mr[0m[38;5;164m[49m [0m[38;5;164m[49mt[0m[38;5;127m[49me[0m[38;5;164m[49ms[0m[38;5;201m[49mt[0m[38;5;207m[49m [0m[38;5;207m[49mp[0m[38;5;213m[49ma[0m[38;5;219m[49mt[0m[38;5;225m[49mt[0m[38;5;219m[49me[0m[38;5;213m[49mr[0m[38;5;207m[49mn[0m"[0m Stretch=[33;49m"[0m[38;5;225m[49mC[0m[38;5;225m[49mo[0m[38;5;219m[49ml[0m[38;5;219m[49mo[0m[38;5;213m[49mr[0m[38;5;213m[49m [0m[38;5;213m[49mt[0m[38;5;213m[49me[0m[38;5;207m[49ms[0m[38;5;207m[49mt[0m[38;5;201m[49m [0m[38;5;201m[49mp[0m[38;5;164m[49ma[0m[38;5;164m[49mt[0m[38;5;127m[49mt[0m[38;5;127m[49me[0m[38;5;127m[49mr[0m[38;5;127m[49mn[0m[0m"[0m Words=[33;49m"[0m[0m[38;5;225m[49mColor[0m[38;5;219m[49m test[0m[38;5;213m[49m pattern[0m[38;5;207m[49m color[0m[38;5;201m[49m test[0m[38;5;164m[49m pattern[0m"[0m 
[90m[13:22:53][0m [32mINFO: [0m [36mColor Test (Patterns)   [39;49m name=[33;49m"purple"[0m             (default)=[33;49m"[38;5;53m[49mC[0m[38;5;54m[49mo[0m[38;5;55m[49ml[0m[38;5;56m[49mo[0m[38;5;57m[49mr[0m[38;5;99m[49m [0m[38;5;99m[49mt[0m[38;5;105m[49me[0m[38;5;147m[49ms[0m[38;5;189m[49mt[0m[38;5;147m[49m [0m[38;5;147m[49mp[0m[38;5;105m[49ma[0m[38;5;99m[49mt[0m[38;5;57m[49mt[0m[38;5;56m[49me[0m[38;5;55m[49mr[0m[38;5;54m[49mn[0m"[0m Stretch=[33;49m"[0m[38;5;53m[49mC[0m[38;5;53m[49mo[0m[38;5;54m[49ml[0m[38;5;54m[49mo[0m[38;5;55m[49mr[0m[38;5;55m[49m [0m[38;5;55m[49mt[0m[38;5;55m[49me[0m[38;5;56m[49ms[0m[38;5;56m[49mt[0m[38;5;57m[49m [0m[38;5;57m[49mp[0m[38;5;99m[49ma[0m[38;5;99m[49mt[0m[38;5;105m[49mt[0m[38;5;105m[49me[0m[38;5;147m[49mr[0m[38;5;147m[49mn[0m[0m"[0m Words=[33;49m"[0m[0m[38;5;53m[49mColor[0m[38;5;54m[49m test[0m[38;5;55m[49m pattern[0m[38;5;56m[49m color[0m[38;5;57m[49m test[0m[38;5;99m[49m pattern[0m"[0m 
[90m[13:22:53][0m [32mINFO: [0m [36mColor Test (Patterns)   [39;49m name=[33;49m"rainbow"[0m            (default)=[33;49m"[38;5;196m[49mC[0m[38;5;214m[49mo[0m[38;5;226m[49ml[0m[38;5;118m[49mo[0m[38;5;51m[49mr[0m[38;5;21m[49m [0m[38;5;21m[49mt[0m[38;5;93m[49me[0m[38;5;21m[49ms[0m[38;5;51m[49mt[0m[38;5;118m[49m [0m[38;5;118m[49mp[0m[38;5;226m[49ma[0m[38;5;214m[49mt[0m[38;5;196m[49mt[0m[38;5;214m[49me[0m[38;5;226m[49mr[0m[38;5;118m[49mn[0m"[0m Stretch=[33;49m"[0m[38;5;196m[49mC[0m[38;5;196m[49mo[0m[38;5;214m[49ml[0m[38;5;214m[49mo[0m[38;5;226m[49mr[0m[38;5;226m[49m [0m[38;5;226m[49mt[0m[38;5;226m[49me[0m[38;5;118m[49ms[0m[38;5;118m[49mt[0m[38;5;51m[49m [0m[38;5;51m[49mp[0m[38;5;21m[49ma[0m[38;5;21m[49mt[0m[38;5;93m[49mt[0m[38;5;93m[49me[0m[38;5;93m[49mr[0m[38;5;93m[49mn[0m[0m"[0m Words=[33;49m"[0m[0m[38;5;196m[49mColor[0m[38;5;214m[49m test[0m[38;5;226m[49m pattern[0m[38;5;118m[49m color[0m[38;5;51m[49m test[0m[38;5;21m[49m pattern[0m"[0m 
[90m[13:22:53][0m [32mINFO: [0m [36mColor Test (Patterns)   [39;49m name=[33;49m"red"[0m                (default)=[33;49m"[38;5;52m[49mC[0m[38;5;88m[49mo[0m[38;5;124m[49ml[0m[38;5;160m[49mo[0m[38;5;196m[49mr[0m[38;5;197m[49m [0m[38;5;197m[49mt[0m[38;5;204m[49me[0m[38;5;210m[49ms[0m[38;5;217m[49mt[0m[38;5;210m[49m [0m[38;5;210m[49mp[0m[38;5;204m[49ma[0m[38;5;197m[49mt[0m[38;5;196m[49mt[0m[38;5;160m[49me[0m[38;5;124m[49mr[0m[38;5;88m[49mn[0m"[0m Stretch=[33;49m"[0m[38;5;52m[49mC[0m[38;5;52m[49mo[0m[38;5;88m[49ml[0m[38;5;88m[49mo[0m[38;5;124m[49mr[0m[38;5;124m[49m [0m[38;5;124m[49mt[0m[38;5;124m[49me[0m[38;5;160m[49ms[0m[38;5;160m[49mt[0m[38;5;196m[49m [0m[38;5;196m[49mp[0m[38;5;197m[49ma[0m[38;5;197m[49mt[0m[38;5;204m[49mt[0m[38;5;204m[49me[0m[38;5;210m[49mr[0m[38;5;210m[49mn[0m[0m"[0m Words=[33;49m"[0m[0m[38;5;52m[49mColor[0m[38;5;88m[49m test[0m[38;5;124m[49m pattern[0m[38;5;160m[49m color[0m[38;5;196m[49m test[0m[38;5;197m[49m pattern[0m"[0m 
[90m[13:22:53][0m [32mINFO: [0m [36mColor Test (Patterns)   [39;49m name=[33;49m"rust"[0m               (default)=[33;49m"[38;5;94m[49mC[0m[38;5;130m[49mo[0m[38;5;172m[49ml[0m[38;5;214m[49mo[0m[38;5;172m[49mr[0m[38;5;130m[49m [0m[38;5;130m[49mt[0m[38;5;94m[49me[0m[38;5;130m[49ms[0m[38;5;172m[49mt[0m[38;5;214m[49m [0m[38;5;214m[49mp[0m[38;5;172m[49ma[0m[38;5;130m[49mt[0m[38;5;94m[49mt[0m[38;5;130m[49me[0m[38;5;172m[49mr[0m[38;5;214m[49mn[0m"[0m Stretch=[33;49m"[0m[38;5;94m[49mC[0m[38;5;94m[49mo[0m[38;5;94m[49ml[0m[38;5;94m[49mo[0m[38;5;130m[49mr[0m[38;5;130m[49m [0m[38;5;130m[49mt[0m[38;5;130m[49me[0m[38;5;172m[49ms[0m[38;5;172m[49mt[0m[38;5;172m[49m [0m[38;5;172m[49mp[0m[38;5;214m[49ma[0m[38;5;214m[49mt[0m[38;5;214m[49mt[0m[38;5;214m[49me[0m[38;5;214m[49mr[0m[38;5;214m[49mn[0m[0m"[0m Words=[33;49m"[0m[0m[38;5;94m[49mColor[0m[38;5;130m[49m test[0m[38;5;172m[49m pattern[0m[38;5;214m[49m color[0m[38;5;94m[49m test[0m[38;5;130m[49m pattern[0m"[0m 
[90m[13:22:53][0m [32mINFO: [0m [36mColor Test (Patterns)   [39;49m name=[33;49m"swamp"[0m              (default)=[33;49m"[38;5;58m[49mC[0m[38;5;64m[49mo[0m[38;5;64m[49ml[0m[38;5;70m[49mo[0m[38;5;70m[49mr[0m[38;5;70m[49m [0m[38;5;70m[49mt[0m[38;5;36m[49me[0m[38;5;36m[49ms[0m[38;5;79m[49mt[0m[38;5;36m[49m [0m[38;5;36m[49mp[0m[38;5;36m[49ma[0m[38;5;70m[49mt[0m[38;5;70m[49mt[0m[38;5;70m[49me[0m[38;5;64m[49mr[0m[38;5;64m[49mn[0m"[0m Stretch=[33;49m"[0m[38;5;58m[49mC[0m[38;5;58m[49mo[0m[38;5;64m[49ml[0m[38;5;64m[49mo[0m[38;5;64m[49mr[0m[38;5;64m[49m [0m[38;5;64m[49mt[0m[38;5;64m[49me[0m[38;5;70m[49ms[0m[38;5;70m[49mt[0m[38;5;70m[49m [0m[38;5;70m[49mp[0m[38;5;70m[49ma[0m[38;5;70m[49mt[0m[38;5;36m[49mt[0m[38;5;36m[49me[0m[38;5;36m[49mr[0m[38;5;36m[49mn[0m[0m"[0m Words=[33;49m"[0m[0m[38;5;58m[49mColor[0m[38;5;64m[49m test[0m[38;5;64m[49m pattern[0m[38;5;70m[49m color[0m[38;5;70m[49m test[0m[38;5;70m[49m pattern[0m"[0m 
[90m[13:22:53][0m [32mINFO: [0m [36mColor Test (Patterns)   [39;49m name=[33;49m"turquoise"[0m          (default)=[33;49m"[38;5;23m[49mC[0m[38;5;29m[49mo[0m[38;5;36m[49ml[0m[38;5;42m[49mo[0m[38;5;49m[49mr[0m[38;5;86m[49m [0m[38;5;86m[49mt[0m[38;5;122m[49me[0m[38;5;158m[49ms[0m[38;5;194m[49mt[0m[38;5;158m[49m [0m[38;5;158m[49mp[0m[38;5;122m[49ma[0m[38;5;86m[49mt[0m[38;5;49m[49mt[0m[38;5;42m[49me[0m[38;5;36m[49mr[0m[38;5;29m[49mn[0m"[0m Stretch=[33;49m"[0m[38;5;23m[49mC[0m[38;5;23m[49mo[0m[38;5;29m[49ml[0m[38;5;29m[49mo[0m[38;5;36m[49mr[0m[38;5;36m[49m [0m[38;5;36m[49mt[0m[38;5;36m[49me[0m[38;5;42m[49ms[0m[38;5;42m[49mt[0m[38;5;49m[49m [0m[38;5;49m[49mp[0m[38;5;86m[49ma[0m[38;5;86m[49mt[0m[38;5;122m[49mt[0m[38;5;122m[49me[0m[38;5;158m[49mr[0m[38;5;158m[49mn[0m[0m"[0m Words=[33;49m"[0m[0m[38;5;23m[49mColor[0m[38;5;29m[49m test[0m[38;5;36m[49m pattern[0m[38;5;42m[49m color[0m[38;5;49m[49m test[0m[38;5;86m[49m pattern[0m"[0m 
[90m[13:22:53][0m [32mINFO: [0m [36mColor Test (Patterns)   [39;49m name=[33;49m"vommit"[0m             (default)=[33;49m"[38;5;34m[49mC[0m[38;5;112m[49mo[0m[38;5;202m[49ml[0m[38;5;214m[49mo[0m[38;5;223m[49mr[0m[38;5;214m[49m [0m[38;5;214m[49mt[0m[38;5;202m[49me[0m[38;5;112m[49ms[0m[38;5;34m[49mt[0m[38;5;112m[49m [0m[38;5;112m[49mp[0m[38;5;202m[49ma[0m[38;5;214m[49mt[0m[38;5;223m[49mt[0m[38;5;214m[49me[0m[38;5;202m[49mr[0m[38;5;112m[49mn[0m"[0m Stretch=[33;49m"[0m[38;5;34m[49mC[0m[38;5;34m[49mo[0m[38;5;34m[49ml[0m[38;5;112m[49mo[0m[38;5;112m[49mr[0m[38;5;112m[49m [0m[38;5;112m[49mt[0m[38;5;112m[49me[0m[38;5;112m[49ms[0m[38;5;202m[49mt[0m[38;5;202m[49m [0m[38;5;202m[49mp[0m[38;5;214m[49ma[0m[38;5;214m[49mt[0m[38;5;214m[49mt[0m[38;5;223m[49me[0m[38;5;223m[49mr[0m[38;5;223m[49mn[0m[0m"[0m Words=[33;49m"[0m[0m[38;5;34m[49mColor[0m[38;5;112m[49m test[0m[38;5;202m[49m pattern[0m[38;5;214m[49m color[0m[38;5;223m[49m test[0m[38;5;34m[49m pattern[0m"[0m 
[90m[13:22:53][0m [32mINFO: [0m [36mColor Test (Patterns)   [39;49m name=[33;49m"zombie"[0m             (default)=[33;49m"[38;5;77m[49mC[0m[38;5;77m[49mo[0m[38;5;113m[49ml[0m[38;5;72m[49mo[0m[38;5;65m[49mr[0m[38;5;78m[49m [0m[38;5;78m[49mt[0m[38;5;65m[49me[0m[38;5;72m[49ms[0m[38;5;113m[49mt[0m[38;5;77m[49m [0m[38;5;77m[49mp[0m[38;5;77m[49ma[0m[38;5;77m[49mt[0m[38;5;113m[49mt[0m[38;5;72m[49me[0m[38;5;65m[49mr[0m[38;5;78m[49mn[0m"[0m Stretch=[33;49m"[0m[38;5;77m[49mC[0m[38;5;77m[49mo[0m[38;5;77m[49ml[0m[38;5;77m[49mo[0m[38;5;77m[49mr[0m[38;5;77m[49m [0m[38;5;77m[49mt[0m[38;5;77m[49me[0m[38;5;77m[49ms[0m[38;5;113m[49mt[0m[38;5;113m[49m [0m[38;5;113m[49mp[0m[38;5;72m[49ma[0m[38;5;72m[49mt[0m[38;5;72m[49mt[0m[38;5;65m[49me[0m[38;5;65m[49mr[0m[38;5;65m[49mn[0m[0m"[0m Words=[33;49m"[0m[0m[38;5;77m[49mColor[0m[38;5;77m[49m test[0m[38;5;113m[49m pattern[0m[38;5;72m[49m color[0m[38;5;65m[49m test[0m[38;5;78m[49m pattern[0m"[0m 
[90m[13:22:53][0m [32mINFO: [0m [36mcombat.LoadTauntMessageF[39;49m loadedCount=[31;49m1[0m             Time Taken=[35;49m1.0001ms[0m       
[90m[13:22:53][0m [32mINFO: [0m [36m...LoadAudioConfig()    [39;49m loadedCount=[31;49m9[0m             Time Taken=[35;49m0s[0m             
[90m[13:22:53][0m [32mINFO: [0m [36mColor Test (Adjectives) [39;49m name=[33;49m"charmed"[0m            short=[33;49m"[38;5;225m[49m♥[0m"[0m full=[33;49m"[38;5;225m[49m♥[0m[38;5;219m[49mf[0m[38;5;213m[49mr[0m[38;5;207m[49mi[0m[38;5;201m[49me[0m[38;5;164m[49mn[0m[38;5;127m[49md[0m"[0m 
[90m[13:22:53][0m [32mINFO: [0m [36mColor Test (Adjectives) [39;49m name=[33;49m"downed"[0m             short=[33;49m"[38;5;52m[49m☠[0m"[0m full=[33;49m"[38;5;52m[49m☠[0m[38;5;88m[49md[0m[38;5;124m[49mo[0m[38;5;160m[49mw[0m[38;5;196m[49mn[0m[38;5;197m[49me[0m[38;5;204m[49md[0m"[0m 
[90m[13:22:53][0m [32mINFO: [0m [36mColor Test (Adjectives) [39;49m name=[33;49m"hidden"[0m             short=[33;49m"[38;5;0m[49m?[0m"[0m full=[33;49m"[38;5;0m[49mh[0m[38;5;234m[49mi[0m[38;5;237m[49md[0m[38;5;239m[49md[0m[38;5;242m[49me[0m[38;5;245m[49mn[0m"[0m 
[90m[13:22:53][0m [32mINFO: [0m [36mColor Test (Adjectives) [39;49m name=[33;49m"lit"[0m                short=[33;49m"[38;5;187m[49m☀[0m[38;5;229m[49m️[0m"[0m full=[33;49m"[38;5;187m[49m☀[0m[38;5;229m[49m️[0m[38;5;228m[49mL[0m[38;5;227m[49mi[0m[38;5;228m[49mt[0m"[0m 
[90m[13:22:53][0m [32mINFO: [0m [36mColor Test (Adjectives) [39;49m name=[33;49m"poisoned"[0m           short=[33;49m"[38;5;53m[49m☠[0m"[0m full=[33;49m"[38;5;53m[49m☠[0m[38;5;54m[49mp[0m[38;5;55m[49mo[0m[38;5;56m[49mi[0m[38;5;57m[49ms[0m[38;5;99m[49mo[0m[38;5;105m[49mn[0m[38;5;147m[49me[0m[38;5;189m[49md[0m"[0m 
[90m[13:22:53][0m [32mINFO: [0m [36mColor Test (Adjectives) [39;49m name=[33;49m"shop"[0m               short=[33;49m"[38;5;172m[49m$[0m"[0m full=[33;49m"[38;5;172m[49ms[0m[38;5;214m[49mh[0m[38;5;214m[49mo[0m[38;5;220m[49mp[0m"[0m 
[90m[13:22:53][0m [32mINFO: [0m [36mColor Test (Adjectives) [39;49m name=[33;49m"sleeping"[0m           short=[33;49m"[38;5;0m[49mz[0m[38;5;234m[49mZ[0m[38;5;237m[49mz[0m"[0m full=[33;49m"[38;5;0m[49ma[0m[38;5;234m[49ms[0m[38;5;237m[49ml[0m[38;5;239m[49me[0m[38;5;242m[49me[0m[38;5;245m[49mp[0m"[0m 
[90m[13:22:53][0m [32mINFO: [0m [36mColor Test (Adjectives) [39;49m name=[33;49m"zombie"[0m             short=[33;49m"[38;5;77m[49mz[0m"[0m full=[33;49m"[38;5;77m[49mz[0m[38;5;77m[49mO[0m[38;5;113m[49mm[0m[38;5;72m[49mB[0m[38;5;65m[49mi[0m[38;5;78m[49me[0m"[0m 
[90m[13:22:53][0m [32mINFO: [0m [36m========================[39;49m 
[90m[13:22:53][0m [32mINFO: [0m [36mMapper                  [39;49m status=[33;49m"precaching"[0m       
[90m[13:22:53][0m [33mWARN: [0m [36mRoom using default biome[39;49m room=[31;49m142[0m                  zone=[33;49m"Endless Trashheap"[0m  
[90m[13:22:53][0m [33mWARN: [0m [36mRoom using default biome[39;49m room=[31;49m1039[0m                 zone=[33;49m"A Dark Forest"[0m      
[90m[13:22:53][0m [33mWARN: [0m [36mRoom references non-exis[39;49m room=[31;49m4001[0m                 biome=[33;49m"plains"[0m            zone=[33;49m"Marches Spur Road"[0m  
[90m[13:22:53][0m [33mWARN: [0m [36mRoom references non-exis[39;49m room=[31;49m4003[0m                 biome=[33;49m"plains"[0m            zone=[33;49m"Marches Spur Road"[0m  
[90m[13:22:53][0m [33mWARN: [0m [36mRoom using default biome[39;49m room=[31;49m1012[0m                 zone=[33;49m"A Dark Forest"[0m      
[90m[13:22:53][0m [33mWARN: [0m [36mRoom using default biome[39;49m room=[31;49m159[0m                  zone=[33;49m"Endless Trashheap"[0m  
[90m[13:22:53][0m [33mWARN: [0m [36mRoom using default biome[39;49m room=[31;49m1059[0m                 zone=[33;49m"A Dark Forest"[0m      
[90m[13:22:53][0m [33mWARN: [0m [36mRoom using default biome[39;49m room=[31;49m1068[0m                 zone=[33;49m"A Dark Forest"[0m      
[90m[13:22:53][0m [33mWARN: [0m [36mRoom using default biome[39;49m room=[31;49m155[0m                  zone=[33;49m"Endless Trashheap"[0m  
[90m[13:22:53][0m [33mWARN: [0m [36mRoom using default biome[39;49m room=[31;49m5003[0m                 zone=[33;49m"Instance Planar Oasis"[0m 
[90m[13:22:53][0m [33mWARN: [0m [36mRoom references non-exis[39;49m room=[31;49m407[0m                  biome=[33;49m"plains"[0m            zone=[33;49m"Dustwalk Road"[0m      
[90m[13:22:53][0m [33mWARN: [0m [36mRoom using default biome[39;49m room=[31;49m1014[0m                 zone=[33;49m"A Dark Forest"[0m      
[90m[13:22:53][0m [33mWARN: [0m [36mRoom using default biome[39;49m room=[31;49m1047[0m                 zone=[33;49m"A Dark Forest"[0m      
[90m[13:22:53][0m [33mWARN: [0m [36mRoom using default biome[39;49m room=[31;49m1034[0m                 zone=[33;49m"A Dark Forest"[0m      
[90m[13:22:53][0m [33mWARN: [0m [36mRoom references non-exis[39;49m room=[31;49m4175[0m                 biome=[33;49m"plains"[0m            zone=[33;49m"The Fernway South"[0m  
[90m[13:22:53][0m [33mWARN: [0m [36mRoom using default biome[39;49m room=[31;49m1027[0m                 zone=[33;49m"A Dark Forest"[0m      
[90m[13:22:53][0m [33mWARN: [0m [36mRoom using default biome[39;49m room=[31;49m1024[0m                 zone=[33;49m"A Dark Forest"[0m      
[90m[13:22:53][0m [33mWARN: [0m [36mRoom using default biome[39;49m room=[31;49m1058[0m                 zone=[33;49m"A Dark Forest"[0m      
[90m[13:22:53][0m [33mWARN: [0m [36mRoom using default biome[39;49m room=[31;49m1041[0m                 zone=[33;49m"A Dark Forest"[0m      
[90m[13:22:53][0m [33mWARN: [0m [36mRoom using default biome[39;49m room=[31;49m1045[0m                 zone=[33;49m"A Dark Forest"[0m      
[90m[13:22:53][0m [33mWARN: [0m [36mRoom using default biome[39;49m room=[31;49m1063[0m                 zone=[33;49m"A Dark Forest"[0m      
[90m[13:22:53][0m [33mWARN: [0m [36mRoom references non-exis[39;49m room=[31;49m421[0m                  biome=[33;49m"river"[0m             zone=[33;49m"Watchers Crossing"[0m  
[90m[13:22:53][0m [33mWARN: [0m [36mRoom using default biome[39;49m room=[31;49m1061[0m                 zone=[33;49m"A Dark Forest"[0m      
[90m[13:22:53][0m [33mWARN: [0m [36mRoom using default biome[39;49m room=[31;49m1071[0m                 zone=[33;49m"A Dark Forest"[0m      
[90m[13:22:53][0m [33mWARN: [0m [36mRoom using default biome[39;49m room=[31;49m1023[0m                 zone=[33;49m"A Dark Forest"[0m      
[90m[13:22:53][0m [33mWARN: [0m [36mRoom references non-exis[39;49m room=[31;49m409[0m                  biome=[33;49m"plains"[0m            zone=[33;49m"Dustwalk Road"[0m      
[90m[13:22:53][0m [33mWARN: [0m [36mRoom using default biome[39;49m room=[31;49m5008[0m                 zone=[33;49m"Instance Arena"[0m     
[90m[13:22:53][0m [33mWARN: [0m [36mRoom using default biome[39;49m room=[31;49m157[0m                  zone=[33;49m"Endless Trashheap"[0m  
[90m[13:22:53][0m [33mWARN: [0m [36mRoom references non-exis[39;49m room=[31;49m408[0m                  biome=[33;49m"plains"[0m            zone=[33;49m"Dustwalk Road"[0m      
[90m[13:22:53][0m [33mWARN: [0m [36mRoom references non-exis[39;49m room=[31;49m405[0m                  biome=[33;49m"plains"[0m            zone=[33;49m"Dustwalk Road"[0m      
[90m[13:22:53][0m [33mWARN: [0m [36mRoom references non-exis[39;49m room=[31;49m400[0m                  biome=[33;49m"plains"[0m            zone=[33;49m"Dustwalk Road"[0m      
[90m[13:22:53][0m [33mWARN: [0m [36mRoom using default biome[39;49m room=[31;49m1030[0m                 zone=[33;49m"A Dark Forest"[0m      
[90m[13:22:53][0m [33mWARN: [0m [36mRoom using default biome[39;49m room=[31;49m5005[0m                 zone=[33;49m"Instance Planar Oasis"[0m 
[90m[13:22:53][0m [33mWARN: [0m [36mRoom references non-exis[39;49m room=[31;49m425[0m                  biome=[33;49m"river"[0m             zone=[33;49m"Watchers Crossing"[0m  
[90m[13:22:53][0m [33mWARN: [0m [36mRoom references non-exis[39;49m room=[31;49m422[0m                  biome=[33;49m"river"[0m             zone=[33;49m"Watchers Crossing"[0m  
[90m[13:22:53][0m [33mWARN: [0m [36mRoom using default biome[39;49m room=[31;49m1018[0m                 zone=[33;49m"A Dark Forest"[0m      
[90m[13:22:53][0m [33mWARN: [0m [36mRoom using default biome[39;49m room=[31;49m1075[0m                 zone=[33;49m"A Dark Forest"[0m      
[90m[13:22:53][0m [33mWARN: [0m [36mRoom using default biome[39;49m room=[31;49m1016[0m                 zone=[33;49m"A Dark Forest"[0m      
[90m[13:22:53][0m [33mWARN: [0m [36mRoom using default biome[39;49m room=[31;49m5004[0m                 zone=[33;49m"Instance Planar Oasis"[0m 
[90m[13:22:53][0m [33mWARN: [0m [36mRoom using default biome[39;49m room=[31;49m1020[0m                 zone=[33;49m"A Dark Forest"[0m      
[90m[13:22:53][0m [33mWARN: [0m [36mRoom using default biome[39;49m room=[31;49m1077[0m                 zone=[33;49m"A Dark Forest"[0m      
[90m[13:22:53][0m [33mWARN: [0m [36mRoom references non-exis[39;49m room=[31;49m423[0m                  biome=[33;49m"river"[0m             zone=[33;49m"Watchers Crossing"[0m  
[90m[13:22:53][0m [33mWARN: [0m [36mRoom references non-exis[39;49m room=[31;49m4144[0m                 biome=[33;49m"ruins"[0m             zone=[33;49m"Stillwater"[0m         
[90m[13:22:53][0m [33mWARN: [0m [36mRoom using default biome[39;49m room=[31;49m1031[0m                 zone=[33;49m"A Dark Forest"[0m      
[90m[13:22:53][0m [33mWARN: [0m [36mRoom using default biome[39;49m room=[31;49m1028[0m                 zone=[33;49m"A Dark Forest"[0m      
[90m[13:22:53][0m [33mWARN: [0m [36mRoom using default biome[39;49m room=[31;49m1003[0m                 zone=[33;49m"A Dark Forest"[0m      
[90m[13:22:53][0m [33mWARN: [0m [36mRoom using default biome[39;49m room=[31;49m1026[0m                 zone=[33;49m"A Dark Forest"[0m      
[90m[13:22:53][0m [33mWARN: [0m [36mRoom references non-exis[39;49m room=[31;49m404[0m                  biome=[33;49m"plains"[0m            zone=[33;49m"Dustwalk Road"[0m      
[90m[13:22:53][0m [33mWARN: [0m [36mRoom using default biome[39;49m room=[31;49m1065[0m                 zone=[33;49m"A Dark Forest"[0m      
[90m[13:22:53][0m [33mWARN: [0m [36mRoom references non-exis[39;49m room=[31;49m4142[0m                 biome=[33;49m"plains"[0m            zone=[33;49m"Stillwater"[0m         
[90m[13:22:53][0m [33mWARN: [0m [36mRoom using default biome[39;49m room=[31;49m1032[0m                 zone=[33;49m"A Dark Forest"[0m      
[90m[13:22:53][0m [33mWARN: [0m [36mRoom using default biome[39;49m room=[31;49m153[0m                  zone=[33;49m"Endless Trashheap"[0m  
[90m[13:22:53][0m [33mWARN: [0m [36mRoom using default biome[39;49m room=[31;49m154[0m                  zone=[33;49m"Endless Trashheap"[0m  
[90m[13:22:53][0m [33mWARN: [0m [36mRoom references non-exis[39;49m room=[31;49m4145[0m                 biome=[33;49m"ruins"[0m             zone=[33;49m"Stillwater"[0m         
[90m[13:22:53][0m [33mWARN: [0m [36mRoom using default biome[39;49m room=[31;49m1008[0m                 zone=[33;49m"A Dark Forest"[0m      
[90m[13:22:53][0m [33mWARN: [0m [36mRoom using default biome[39;49m room=[31;49m145[0m                  zone=[33;49m"Endless Trashheap"[0m  
[90m[13:22:53][0m [33mWARN: [0m [36mRoom references non-exis[39;49m room=[31;49m4124[0m                 biome=[33;49m"plains"[0m            zone=[33;49m"Stillwater"[0m         
[90m[13:22:53][0m [33mWARN: [0m [36mRoom using default biome[39;49m room=[31;49m1007[0m                 zone=[33;49m"A Dark Forest"[0m      
[90m[13:22:53][0m [33mWARN: [0m [36mRoom using default biome[39;49m room=[31;49m141[0m                  zone=[33;49m"Endless Trashheap"[0m  
[90m[13:22:53][0m [33mWARN: [0m [36mRoom using default biome[39;49m room=[31;49m143[0m                  zone=[33;49m"Endless Trashheap"[0m  
[90m[13:22:53][0m [33mWARN: [0m [36mRoom using default biome[39;49m room=[31;49m1009[0m                 zone=[33;49m"A Dark Forest"[0m      
[90m[13:22:53][0m [33mWARN: [0m [36mRoom references non-exis[39;49m room=[31;49m406[0m                  biome=[33;49m"plains"[0m            zone=[33;49m"Dustwalk Road"[0m      
[90m[13:22:53][0m [33mWARN: [0m [36mRoom references non-exis[39;49m room=[31;49m4036[0m                 biome=[33;49m"plains"[0m            zone=[33;49m"Marches Spur Road"[0m  
[90m[13:22:53][0m [33mWARN: [0m [36mRoom using default biome[39;49m room=[31;49m140[0m                  zone=[33;49m"Endless Trashheap"[0m  
[90m[13:22:53][0m [33mWARN: [0m [36mRoom using default biome[39;49m room=[31;49m1022[0m                 zone=[33;49m"A Dark Forest"[0m      
[90m[13:22:53][0m [33mWARN: [0m [36mRoom using default biome[39;49m room=[31;49m1072[0m                 zone=[33;49m"A Dark Forest"[0m      
[90m[13:22:53][0m [33mWARN: [0m [36mRoom using default biome[39;49m room=[31;49m1055[0m                 zone=[33;49m"A Dark Forest"[0m      
[90m[13:22:53][0m [33mWARN: [0m [36mRoom references non-exis[39;49m room=[31;49m402[0m                  biome=[33;49m"plains"[0m            zone=[33;49m"Dustwalk Road"[0m      
[90m[13:22:53][0m [33mWARN: [0m [36mRoom using default biome[39;49m room=[31;49m1070[0m                 zone=[33;49m"A Dark Forest"[0m      
[90m[13:22:53][0m [33mWARN: [0m [36mRoom using default biome[39;49m room=[31;49m158[0m                  zone=[33;49m"Endless Trashheap"[0m  
[90m[13:22:53][0m [33mWARN: [0m [36mRoom using default biome[39;49m room=[31;49m1080[0m                 zone=[33;49m"A Dark Forest"[0m      
[90m[13:22:53][0m [33mWARN: [0m [36mRoom using default biome[39;49m room=[31;49m1037[0m                 zone=[33;49m"A Dark Forest"[0m      
[90m[13:22:53][0m [33mWARN: [0m [36mRoom using default biome[39;49m room=[31;49m1076[0m                 zone=[33;49m"A Dark Forest"[0m      
[90m[13:22:53][0m [33mWARN: [0m [36mRoom references non-exis[39;49m room=[31;49m4004[0m                 biome=[33;49m"plains"[0m            zone=[33;49m"Marches Spur Road"[0m  
[90m[13:22:53][0m [33mWARN: [0m [36mRoom using default biome[39;49m room=[31;49m149[0m                  zone=[33;49m"Endless Trashheap"[0m  
[90m[13:22:53][0m [33mWARN: [0m [36mRoom references non-exis[39;49m room=[31;49m4002[0m                 biome=[33;49m"plains"[0m            zone=[33;49m"Marches Spur Road"[0m  
[90m[13:22:53][0m [33mWARN: [0m [36mRoom using default biome[39;49m room=[31;49m5002[0m                 zone=[33;49m"Instance Arena"[0m     
[90m[13:22:53][0m [33mWARN: [0m [36mRoom references non-exis[39;49m room=[31;49m4140[0m                 biome=[33;49m"ruins"[0m             zone=[33;49m"Stillwater"[0m         
[90m[13:22:53][0m [33mWARN: [0m [36mRoom using default biome[39;49m room=[31;49m148[0m                  zone=[33;49m"Endless Trashheap"[0m  
[90m[13:22:53][0m [33mWARN: [0m [36mRoom using default biome[39;49m room=[31;49m1029[0m                 zone=[33;49m"A Dark Forest"[0m      
[90m[13:22:53][0m [33mWARN: [0m [36mRoom using default biome[39;49m room=[31;49m1011[0m                 zone=[33;49m"A Dark Forest"[0m      
[90m[13:22:53][0m [33mWARN: [0m [36mRoom references non-exis[39;49m room=[31;49m4005[0m                 biome=[33;49m"plains"[0m            zone=[33;49m"Marches Spur Road"[0m  
[90m[13:22:53][0m [33mWARN: [0m [36mRoom using default biome[39;49m room=[31;49m1066[0m                 zone=[33;49m"A Dark Forest"[0m      
[90m[13:22:53][0m [33mWARN: [0m [36mRoom using default biome[39;49m room=[31;49m1053[0m                 zone=[33;49m"A Dark Forest"[0m      
[90m[13:22:53][0m [33mWARN: [0m [36mRoom references non-exis[39;49m room=[31;49m403[0m                  biome=[33;49m"plains"[0m            zone=[33;49m"Dustwalk Road"[0m      
[90m[13:22:53][0m [33mWARN: [0m [36mRoom using default biome[39;49m room=[31;49m139[0m                  zone=[33;49m"Endless Trashheap"[0m  
[90m[13:22:53][0m [33mWARN: [0m [36mRoom using default biome[39;49m room=[31;49m1082[0m                 zone=[33;49m"A Dark Forest"[0m      
[90m[13:22:53][0m [33mWARN: [0m [36mRoom using default biome[39;49m room=[31;49m1052[0m                 zone=[33;49m"A Dark Forest"[0m      
[90m[13:22:53][0m [33mWARN: [0m [36mRoom using default biome[39;49m room=[31;49m146[0m                  zone=[33;49m"Endless Trashheap"[0m  
[90m[13:22:53][0m [33mWARN: [0m [36mRoom using default biome[39;49m room=[31;49m5006[0m                 zone=[33;49m"Instance Arena"[0m     
[90m[13:22:53][0m [33mWARN: [0m [36mRoom using default biome[39;49m room=[31;49m1054[0m                 zone=[33;49m"A Dark Forest"[0m      
[90m[13:22:53][0m [33mWARN: [0m [36mRoom using default biome[39;49m room=[31;49m1025[0m                 zone=[33;49m"A Dark Forest"[0m      
[90m[13:22:53][0m [33mWARN: [0m [36mRoom using default biome[39;49m room=[31;49m1044[0m                 zone=[33;49m"A Dark Forest"[0m      
[90m[13:22:53][0m [33mWARN: [0m [36mRoom using default biome[39;49m room=[31;49m1005[0m                 zone=[33;49m"A Dark Forest"[0m      
[90m[13:22:53][0m [33mWARN: [0m [36mRoom using default biome[39;49m room=[31;49m144[0m                  zone=[33;49m"Endless Trashheap"[0m  
[90m[13:22:53][0m [33mWARN: [0m [36mRoom references non-exis[39;49m room=[31;49m420[0m                  biome=[33;49m"river"[0m             zone=[33;49m"Watchers Crossing"[0m  
[90m[13:22:53][0m [33mWARN: [0m [36mRoom using default biome[39;49m room=[31;49m1043[0m                 zone=[33;49m"A Dark Forest"[0m      
[90m[13:22:53][0m [33mWARN: [0m [36mRoom references non-exis[39;49m room=[31;49m426[0m                  biome=[33;49m"river"[0m             zone=[33;49m"Watchers Crossing"[0m  
[90m[13:22:53][0m [33mWARN: [0m [36mRoom using default biome[39;49m room=[31;49m1078[0m                 zone=[33;49m"A Dark Forest"[0m      
[90m[13:22:53][0m [33mWARN: [0m [36mRoom using default biome[39;49m room=[31;49m152[0m                  zone=[33;49m"Endless Trashheap"[0m  
[90m[13:22:53][0m [33mWARN: [0m [36mRoom using default biome[39;49m room=[31;49m151[0m                  zone=[33;49m"Endless Trashheap"[0m  
[90m[13:22:53][0m [33mWARN: [0m [36mRoom using default biome[39;49m room=[31;49m1019[0m                 zone=[33;49m"A Dark Forest"[0m      
[90m[13:22:53][0m [33mWARN: [0m [36mRoom using default biome[39;49m room=[31;49m1064[0m                 zone=[33;49m"A Dark Forest"[0m      
[90m[13:22:53][0m [33mWARN: [0m [36mRoom using default biome[39;49m room=[31;49m1040[0m                 zone=[33;49m"A Dark Forest"[0m      
[90m[13:22:53][0m [33mWARN: [0m [36mRoom using default biome[39;49m room=[31;49m1038[0m                 zone=[33;49m"A Dark Forest"[0m      
[90m[13:22:53][0m [33mWARN: [0m [36mRoom references non-exis[39;49m room=[31;49m4000[0m                 biome=[33;49m"plains"[0m            zone=[33;49m"Marches Spur Road"[0m  
[90m[13:22:53][0m [33mWARN: [0m [36mRoom references non-exis[39;49m room=[31;49m4111[0m                 biome=[33;49m"plains"[0m            zone=[33;49m"Stillwater"[0m         
[90m[13:22:53][0m [33mWARN: [0m [36mRoom using default biome[39;49m room=[31;49m1035[0m                 zone=[33;49m"A Dark Forest"[0m      
[90m[13:22:53][0m [33mWARN: [0m [36mRoom using default biome[39;49m room=[31;49m1017[0m                 zone=[33;49m"A Dark Forest"[0m      
[90m[13:22:53][0m [33mWARN: [0m [36mRoom using default biome[39;49m room=[31;49m156[0m                  zone=[33;49m"Endless Trashheap"[0m  
[90m[13:22:53][0m [33mWARN: [0m [36mRoom using default biome[39;49m room=[31;49m1048[0m                 zone=[33;49m"A Dark Forest"[0m      
[90m[13:22:53][0m [33mWARN: [0m [36mRoom using default biome[39;49m room=[31;49m1073[0m                 zone=[33;49m"A Dark Forest"[0m      
[90m[13:22:53][0m [33mWARN: [0m [36mRoom using default biome[39;49m room=[31;49m1015[0m                 zone=[33;49m"A Dark Forest"[0m      
[90m[13:22:53][0m [33mWARN: [0m [36mRoom using default biome[39;49m room=[31;49m1004[0m                 zone=[33;49m"A Dark Forest"[0m      
[90m[13:22:53][0m [33mWARN: [0m [36mRoom using default biome[39;49m room=[31;49m1051[0m                 zone=[33;49m"A Dark Forest"[0m      
[90m[13:22:53][0m [33mWARN: [0m [36mRoom using default biome[39;49m room=[31;49m1062[0m                 zone=[33;49m"A Dark Forest"[0m      
[90m[13:22:53][0m [33mWARN: [0m [36mRoom using default biome[39;49m room=[31;49m1050[0m                 zone=[33;49m"A Dark Forest"[0m      
[90m[13:22:53][0m [33mWARN: [0m [36mRoom using default biome[39;49m room=[31;49m1049[0m                 zone=[33;49m"A Dark Forest"[0m      
[90m[13:22:53][0m [33mWARN: [0m [36mRoom using default biome[39;49m room=[31;49m1056[0m                 zone=[33;49m"A Dark Forest"[0m      
[90m[13:22:53][0m [33mWARN: [0m [36mRoom references non-exis[39;49m room=[31;49m4195[0m                 biome=[33;49m"plains"[0m            zone=[33;49m"Stillwater Marsh"[0m   
[90m[13:22:53][0m [33mWARN: [0m [36mRoom using default biome[39;49m room=[31;49m1069[0m                 zone=[33;49m"A Dark Forest"[0m      
[90m[13:22:53][0m [33mWARN: [0m [36mRoom using default biome[39;49m room=[31;49m1021[0m                 zone=[33;49m"A Dark Forest"[0m      
[90m[13:22:53][0m [33mWARN: [0m [36mRoom references non-exis[39;49m room=[31;49m424[0m                  biome=[33;49m"river"[0m             zone=[33;49m"Watchers Crossing"[0m  
[90m[13:22:53][0m [33mWARN: [0m [36mRoom using default biome[39;49m room=[31;49m1002[0m                 zone=[33;49m"A Dark Forest"[0m      
[90m[13:22:53][0m [33mWARN: [0m [36mRoom references non-exis[39;49m room=[31;49m4035[0m                 biome=[33;49m"plains"[0m            zone=[33;49m"Marches Spur Road"[0m  
[90m[13:22:53][0m [33mWARN: [0m [36mRoom references non-exis[39;49m room=[31;49m427[0m                  biome=[33;49m"plains"[0m            zone=[33;49m"Watchers Crossing"[0m  
[90m[13:22:53][0m [33mWARN: [0m [36mRoom using default biome[39;49m room=[31;49m1057[0m                 zone=[33;49m"A Dark Forest"[0m      
[90m[13:22:53][0m [33mWARN: [0m [36mRoom using default biome[39;49m room=[31;49m147[0m                  zone=[33;49m"Endless Trashheap"[0m  
[90m[13:22:53][0m [33mWARN: [0m [36mRoom using default biome[39;49m room=[31;49m1079[0m                 zone=[33;49m"A Dark Forest"[0m      
[90m[13:22:53][0m [33mWARN: [0m [36mRoom using default biome[39;49m room=[31;49m5007[0m                 zone=[33;49m"Instance Arena"[0m     
[90m[13:22:53][0m [33mWARN: [0m [36mRoom using default biome[39;49m room=[31;49m1006[0m                 zone=[33;49m"A Dark Forest"[0m      
[90m[13:22:53][0m [33mWARN: [0m [36mRoom using default biome[39;49m room=[31;49m1074[0m                 zone=[33;49m"A Dark Forest"[0m      
[90m[13:22:53][0m [33mWARN: [0m [36mRoom using default biome[39;49m room=[31;49m1060[0m                 zone=[33;49m"A Dark Forest"[0m      
[90m[13:22:53][0m [33mWARN: [0m [36mRoom using default biome[39;49m room=[31;49m1010[0m                 zone=[33;49m"A Dark Forest"[0m      
[90m[13:22:53][0m [33mWARN: [0m [36mRoom using default biome[39;49m room=[31;49m150[0m                  zone=[33;49m"Endless Trashheap"[0m  
[90m[13:22:53][0m [33mWARN: [0m [36mRoom references non-exis[39;49m room=[31;49m4100[0m                 biome=[33;49m"plains"[0m            zone=[33;49m"Stillwater"[0m         
[90m[13:22:53][0m [33mWARN: [0m [36mRoom using default biome[39;49m room=[31;49m1067[0m                 zone=[33;49m"A Dark Forest"[0m      
[90m[13:22:53][0m [33mWARN: [0m [36mRoom using default biome[39;49m room=[31;49m1042[0m                 zone=[33;49m"A Dark Forest"[0m      
[90m[13:22:53][0m [33mWARN: [0m [36mRoom references non-exis[39;49m room=[31;49m401[0m                  biome=[33;49m"plains"[0m            zone=[33;49m"Dustwalk Road"[0m      
[90m[13:22:53][0m [33mWARN: [0m [36mRoom using default biome[39;49m room=[31;49m1013[0m                 zone=[33;49m"A Dark Forest"[0m      
[90m[13:22:53][0m [33mWARN: [0m [36mRoom using default biome[39;49m room=[31;49m1081[0m                 zone=[33;49m"A Dark Forest"[0m      
[90m[13:22:53][0m [33mWARN: [0m [36mRoom using default biome[39;49m room=[31;49m1036[0m                 zone=[33;49m"A Dark Forest"[0m      
[90m[13:22:53][0m [33mWARN: [0m [36mRoom using default biome[39;49m room=[31;49m1046[0m                 zone=[33;49m"A Dark Forest"[0m      
[90m[13:22:53][0m [33mWARN: [0m [36mRoom using default biome[39;49m room=[31;49m75[0m                   zone=[33;49m"Shadow Realm"[0m       
[90m[13:22:53][0m [33mWARN: [0m [36mRoom using default biome[39;49m room=[31;49m1033[0m                 zone=[33;49m"A Dark Forest"[0m      
[90m[13:22:53][0m [33mWARN: [0m [36mRoom using default biome[39;49m room=[31;49m5001[0m                 zone=[33;49m"Instance Arena"[0m     
[90m[13:22:53][0m [32mINFO: [0m [36mBiome validation complet[39;49m missing=[31;49m111[0m               invalid=[31;49m35[0m                
[90m[13:22:53][0m [32mINFO: [0m [36mNew Mapper              [39;49m zone=[33;49m"World Road-2001"[0m    size=[31;49m397[0m                  time taken=[35;49m0s[0m             
[90m[13:22:53][0m [32mINFO: [0m [36mNew Mapper              [39;49m zone=[33;49m"Sanctum Basin-0"[0m    size=[31;49m397[0m                  time taken=[35;49m1.0001ms[0m       
[90m[13:22:53][0m [32mINFO: [0m [36mNew Mapper              [39;49m zone=[33;49m"Endless Trashheap-139"[0m size=[31;49m21[0m                   time taken=[35;49m0s[0m             
[90m[13:22:53][0m [32mINFO: [0m [36mNew Mapper              [39;49m zone=[33;49m"Test Arena-200"[0m     size=[31;49m5[0m                    time taken=[35;49m12.0009ms[0m      
[90m[13:22:53][0m [32mINFO: [0m [36mNew Mapper              [39;49m zone=[33;49m"A Dark Forest-1002"[0m size=[31;49m81[0m                   time taken=[35;49m11.3142ms[0m      
[90m[13:22:53][0m [32mINFO: [0m [36mNew Mapper              [39;49m zone=[33;49m"Shadow Realm-75"[0m    size=[31;49m1[0m                    time taken=[35;49m0s[0m             
[90m[13:22:53][0m [32mINFO: [0m [36mNew Mapper              [39;49m zone=[33;49m"Instance Arena-5001"[0m size=[31;49m5[0m                    time taken=[35;49m0s[0m             
[90m[13:22:53][0m [32mINFO: [0m [36mNew Mapper              [39;49m zone=[33;49m"Ironwind Steppe-3016"[0m size=[31;49m399[0m                  time taken=[35;49m521.8µs[0m       
[90m[13:22:53][0m [32mINFO: [0m [36mNew Mapper              [39;49m zone=[33;49m"Instance Planar Oasis-5003"[0m size=[31;49m3[0m                    time taken=[35;49m0s[0m             
[90m[13:22:53][0m [32mINFO: [0m [36mMapper                  [39;49m status=[33;49m"done"[0m             time taken=[35;49m25.837ms[0m       
[90m[13:22:53][0m [32mINFO: [0m [36m========================[39;49m 
[90m[13:22:53][0m [32mINFO: [0m [36mUserIndex               [39;49m info=[33;49m"User index recreated."[0m 
[90m[13:22:53][0m [32mINFO: [0m [36m========================[39;49m 
[90m[13:22:53][0m [32mINFO: [0m [36mplugins                 [39;49m loadedCount=[31;49m15[0m            
[90m[13:22:53][0m [33mWARN: [0m [36mCommandParity           [39;49m msg=[33;49m"user command "knowledge" has no mob equivalent and is not in the user-only allowlist"[0m 
[90m[13:22:53][0m [33mWARN: [0m [36mCommandParity           [39;49m msg=[33;49m"user command "appraise" has no mob equivalent and is not in the user-only allowlist"[0m 
[90m[13:22:53][0m [33mWARN: [0m [36mCommandParity           [39;49m msg=[33;49m"user command "disenchant" has no mob equivalent and is not in the user-only allowlist"[0m 
[90m[13:22:53][0m [33mWARN: [0m [36mCommandParity           [39;49m msg=[33;49m"user command "healing-gel" has no mob equivalent and is not in the user-only allowlist"[0m 
[90m[13:22:53][0m [33mWARN: [0m [36mCommandParity           [39;49m msg=[33;49m"user command "shadow" has no mob equivalent and is not in the user-only allowlist"[0m 
[90m[13:22:53][0m [33mWARN: [0m [36mCommandParity           [39;49m msg=[33;49m"user command "sort" has no mob equivalent and is not in the user-only allowlist"[0m 
[90m[13:22:53][0m [33mWARN: [0m [36mCommandParity           [39;49m msg=[33;49m"user command "track" has no mob equivalent and is not in the user-only allowlist"[0m 
[90m[13:22:53][0m [33mWARN: [0m [36mCommandParity           [39;49m msg=[33;49m"user command "crime" has no mob equivalent and is not in the user-only allowlist"[0m 
[90m[13:22:53][0m [33mWARN: [0m [36mCommandParity           [39;49m msg=[33;49m"user command "companions" has no mob equivalent and is not in the user-only allowlist"[0m 
[90m[13:22:53][0m [33mWARN: [0m [36mCommandParity           [39;49m msg=[33;49m"user command "forage" has no mob equivalent and is not in the user-only allowlist"[0m 
[90m[13:22:53][0m [33mWARN: [0m [36mCommandParity           [39;49m msg=[33;49m"user command "list" has no mob equivalent and is not in the user-only allowlist"[0m 
[90m[13:22:53][0m [33mWARN: [0m [36mCommandParity           [39;49m msg=[33;49m"user command "mudletmap" has no mob equivalent and is not in the user-only allowlist"[0m 
[90m[13:22:53][0m [33mWARN: [0m [36mCommandParity           [39;49m msg=[33;49m"user command "bounty" has no mob equivalent and is not in the user-only allowlist"[0m 
[90m[13:22:53][0m [33mWARN: [0m [36mCommandParity           [39;49m msg=[33;49m"user command "use" has no mob equivalent and is not in the user-only allowlist"[0m 
[90m[13:22:53][0m [33mWARN: [0m [36mCommandParity           [39;49m msg=[33;49m"user command "deletecharacter" has no mob equivalent and is not in the user-only allowlist"[0m 
[90m[13:22:53][0m [33mWARN: [0m [36mCommandParity           [39;49m msg=[33;49m"user command "fact" has no mob equivalent and is not in the user-only allowlist"[0m 
[90m[13:22:53][0m [33mWARN: [0m [36mCommandParity           [39;49m msg=[33;49m"user command "plant" has no mob equivalent and is not in the user-only allowlist"[0m 
[90m[13:22:53][0m [33mWARN: [0m [36mCommandParity           [39;49m msg=[33;49m"user command "rename" has no mob equivalent and is not in the user-only allowlist"[0m 
[90m[13:22:53][0m [33mWARN: [0m [36mCommandParity           [39;49m msg=[33;49m"user command "checkclient" has no mob equivalent and is not in the user-only allowlist"[0m 
[90m[13:22:53][0m [33mWARN: [0m [36mCommandParity           [39;49m msg=[33;49m"user command "assess" has no mob equivalent and is not in the user-only allowlist"[0m 
[90m[13:22:53][0m [33mWARN: [0m [36mCommandParity           [39;49m msg=[33;49m"user command "dismiss" has no mob equivalent and is not in the user-only allowlist"[0m 
[90m[13:22:53][0m [33mWARN: [0m [36mCommandParity           [39;49m msg=[33;49m"user command "offer" has no mob equivalent and is not in the user-only allowlist"[0m 
[90m[13:22:53][0m [33mWARN: [0m [36mCommandParity           [39;49m msg=[33;49m"user command "sonic-shout" has no mob equivalent and is not in the user-only allowlist"[0m 
[90m[13:22:53][0m [33mWARN: [0m [36mCommandParity           [39;49m msg=[33;49m"user command "faction" has no mob equivalent and is not in the user-only allowlist"[0m 
[90m[13:22:53][0m [33mWARN: [0m [36mCommandParity           [39;49m msg=[33;49m"user command "lock" has no mob equivalent and is not in the user-only allowlist"[0m 
[90m[13:22:53][0m [33mWARN: [0m [36mCommandParity           [39;49m msg=[33;49m"user command "search" has no mob equivalent and is not in the user-only allowlist"[0m 
[90m[13:22:53][0m [33mWARN: [0m [36mCommandParity           [39;49m msg=[33;49m"user command "picklock" has no mob equivalent and is not in the user-only allowlist"[0m 
[90m[13:22:53][0m [33mWARN: [0m [36mCommandParity           [39;49m msg=[33;49m"user command "throw" has no mob equivalent and is not in the user-only allowlist"[0m 
[90m[13:22:53][0m [33mWARN: [0m [36mCommandParity           [39;49m msg=[33;49m"user command "companion" has no mob equivalent and is not in the user-only allowlist"[0m 
[90m[13:22:53][0m [33mWARN: [0m [36mCommandParity           [39;49m msg=[33;49m"user command "storage" has no mob equivalent and is not in the user-only allowlist"[0m 
[90m[13:22:53][0m [33mWARN: [0m [36mCommandParity           [39;49m msg=[33;49m"user command "time" has no mob equivalent and is not in the user-only allowlist"[0m 
[90m[13:22:53][0m [33mWARN: [0m [36mCommandParity           [39;49m msg=[33;49m"user command "mudletui" has no mob equivalent and is not in the user-only allowlist"[0m 
[90m[13:22:53][0m [33mWARN: [0m [36mCommandParity           [39;49m msg=[33;49m"user command "defuse" has no mob equivalent and is not in the user-only allowlist"[0m 
[90m[13:22:53][0m [33mWARN: [0m [36mCommandParity           [39;49m msg=[33;49m"user command "pet" has no mob equivalent and is not in the user-only allowlist"[0m 
[90m[13:22:53][0m [33mWARN: [0m [36mCommandParity           [39;49m msg=[33;49m"user command "steal" has no mob equivalent and is not in the user-only allowlist"[0m 
[90m[13:22:53][0m [33mWARN: [0m [36mCommandParity           [39;49m msg=[33;49m"user command "discord" has no mob equivalent and is not in the user-only allowlist"[0m 
[90m[13:22:53][0m [33mWARN: [0m [36mCommandParity           [39;49m msg=[33;49m"user command "relationship" has no mob equivalent and is not in the user-only allowlist"[0m 
[90m[13:22:53][0m [33mWARN: [0m [36mCommandParity           [39;49m msg=[33;49m"user command "sell" has no mob equivalent and is not in the user-only allowlist"[0m 
[90m[13:22:53][0m [33mWARN: [0m [36mCommandParity           [39;49m msg=[33;49m"user command "toxic-bite" has no mob equivalent and is not in the user-only allowlist"[0m 
[90m[13:22:53][0m [33mWARN: [0m [36mCommandParity           [39;49m msg=[33;49m"user command "scan" has no mob equivalent and is not in the user-only allowlist"[0m 
[90m[13:22:53][0m [33mWARN: [0m [36mCommandParity           [39;49m msg=[33;49m"user command "stash" has no mob equivalent and is not in the user-only allowlist"[0m 
[90m[13:22:53][0m [33mWARN: [0m [36mCommandParity           [39;49m msg=[33;49m"user command "talk" has no mob equivalent and is not in the user-only allowlist"[0m 
[90m[13:22:53][0m [33mWARN: [0m [36mCommandParity           [39;49m msg=[33;49m"user command "leaderboard" has no mob equivalent and is not in the user-only allowlist"[0m 
[90m[13:22:53][0m [33mWARN: [0m [36mCommandParity           [39;49m msg=[33;49m"user command "blinding-flash" has no mob equivalent and is not in the user-only allowlist"[0m 
[90m[13:22:53][0m [33mWARN: [0m [36mCommandParity           [39;49m msg=[33;49m"user command "blinding-spit" has no mob equivalent and is not in the user-only allowlist"[0m 
[90m[13:22:53][0m [33mWARN: [0m [36mCommandParity           [39;49m msg=[33;49m"user command "sethome" has no mob equivalent and is not in the user-only allowlist"[0m 
[90m[13:22:53][0m [33mWARN: [0m [36mCommandParity           [39;49m msg=[33;49m"user command "pacifism-aura" has no mob equivalent and is not in the user-only allowlist"[0m 
[90m[13:22:53][0m [33mWARN: [0m [36mCommandParity           [39;49m msg=[33;49m"user command "unlock" has no mob equivalent and is not in the user-only allowlist"[0m 
[90m[13:22:53][0m [33mWARN: [0m [36mCommandParity           [39;49m msg=[33;49m"user command "ask" has no mob equivalent and is not in the user-only allowlist"[0m 
[90m[13:22:53][0m [33mWARN: [0m [36mCommandParity           [39;49m msg=[33;49m"user command "opinion" has no mob equivalent and is not in the user-only allowlist"[0m 
[90m[13:22:53][0m [33mWARN: [0m [36mCommandParity           [39;49m msg=[33;49m"user command "stand" has no mob equivalent and is not in the user-only allowlist"[0m 
[90m[13:22:53][0m [33mWARN: [0m [36mCommandParity           [39;49m msg=[33;49m"user command "auction" has no mob equivalent and is not in the user-only allowlist"[0m 
[90m[13:22:53][0m [32mINFO: [0m [36m========================[39;49m 
[90m[13:22:53][0m [32mINFO: [0m [36mHTTP                    [39;49m stage=[33;49m"Starting http server"[0m port=[37;49m80[0m                   
[90m[13:22:53][0m [32mINFO: [0m [36mServer Ready            [39;49m Time Taken=[35;49m4.8988564s[0m     
[90m[13:22:53][0m [32mINFO: [0m [36mInputWorker             [39;49m state=[33;49m"Started"[0m           
[90m[13:22:53][0m [32mINFO: [0m [36mMainWorker              [39;49m state=[33;49m"Started"[0m           
[90m[13:22:53][0m [32mINFO: [0m [36mworldevents.InitWorldEve[39;49m state=[33;49m"World event system enabled"[0m bufferSize=[31;49m200[0m            
[90m[13:22:53][0m [32mINFO: [0m [36mInitAnalytics           [39;49m state=[33;49m"Combat analytics enabled"[0m maxEvents=[31;49m500000[0m          logPath=[33;49m"_datafiles/logs/combat-analytics.jsonl"[0m 
[90m[13:22:57][0m [32mINFO: [0m [36mleaderboard.Update()    [39;49m user-processed=[31;49m21[0m         characters-processed=[31;49m21[0m   Time Taken=[35;49m7.9765ms[0m       
